{
    "thread": {
        "uuid": "71dc33d128c8716bb05dfe5c57b3202f669c8973",
        "url": "https://www.tribuneindia.com/news/himachal/videos-of-vehicles-skidding-on-snowy-roads-worry-hoteliers",
        "site_full": "www.tribuneindia.com",
        "site": "tribuneindia.com",
        "site_section": "https://www.tribuneindia.com/news/himachal",
        "site_categories": [
            "media",
            "top_news_in",
            "top_news"
        ],
        "section_title": "Himachal News (ਹਿਮਾਚਲ ਖ਼ਬਰਾਂ): Latest Updates, Politics, & Tourism",
        "title": "Videos of vehicles skidding on snowy roads worry hoteliers - The Tribune",
        "title_full": "Videos of vehicles skidding on snowy roads worry hoteliers - The Tribune",
        "published": "2024-12-27T00:00:00.000+02:00",
        "replies_count": 0,
        "participants_count": 1,
        "site_type": "news",
        "country": "IN",
        "main_image": "https://www.tribuneindia.com/sortd-service/imaginary/v22-01/jpg/large/high?url=dGhldHJpYnVuZS1zb3J0ZC1wcm8tcHJvZC1zb3J0ZC9tZWRpYWEwYzU2NjgwLWMzZDAtMTFlZi1iN2U1LTZkYzM5MWFjZTdiZS5qcGc=",
        "performance_score": 0,
        "domain_rank": 4431,
        "domain_rank_updated": "2024-12-23T23:00:00.000+02:00",
        "social": {
            "facebook": {
                "likes": 0,
                "comments": 0,
                "shares": 0
            },
            "vk": {
                "shares": 0
            }
        }
    },
    "uuid": "71dc33d128c8716bb05dfe5c57b3202f669c8973",
    "url": "https://www.tribuneindia.com/news/himachal/videos-of-vehicles-skidding-on-snowy-roads-worry-hoteliers",
    "ord_in_thread": 0,
    "parent_url": null,
    "author": "Dipender Manta",
    "published": "2024-12-27T00:00:00.000+02:00",
    "title": "Videos of vehicles skidding on snowy roads worry hoteliers - The Tribune",
    "text": "Videos of vehicles skidding on snowy roads worry hoteliers\nHoteliers of Kullu and Manali have expressed concern over a surge in fake videos circulating on social media, which, they claim, are damaging the tourism industry.\nThe videos, showing vehicles skidding dangerously on snowy roads, have been falsely attributed to Manali and its surrounding areas, sparking unwarranted panic among potential tourists.\nHem Raj Sharma, a Manali-based hotelier, says that the viral videos were not shot in Manali or nearby locations. “After snowfall in Manali and its vicinity, miscreants are spreading fake videos to harm the tourism sector,” he adds.\nSharma says, “The footage shows vehicles skidding, which have no connection to our region. This kind of misinformation is severely affecting the image of our town.” He adds, “These negative reports and fake videos are dampening tourism activities in the region.”\nRakesh Kumar, another hotelier in Manali, stresses the urgent need to address the issue. “False videos circulating freely on social media platforms are a cause for concern,” he says. “There is need to identify the culprits and take legal action against them,” he adds.\nThough a false narrative is being peddled online, hoteliers say that the weather has turned pleasant with abundant snow for tourists to enjoy recreational activities such as skiing, snowboarding and trekking.\nPopular tourist spots, including Solang Nala, Atal Tunnel and Gulaba, offer a panoramic winter wonderland for visitors to explore.\nHoteliers are also working closely with the authorities to monitor and report fake content and ensure that accurate information is disseminated to potential visitors. “We welcome tourists to Manali to enjoy peaceful and adventurous holidays amid nature’s beauty,” says Rakesh, adding that tourists should rely only on trusted source of information.",
    "highlightText": "",
    "highlightTitle": "",
    "highlightThreadTitle": "",
    "language": "english",
    "sentiment": "negative",
    "categories": [
        "Weather",
        "Social Issue",
        "Economy, Business and Finance"
    ],
    "topics": [
        "Weather->weather phenomena",
        "Social Issue->demographics",
        "Social Issue->social problem",
        "Economy, Business and Finance->media and entertainment industry",
        "Economy, Business and Finance->business governance",
        "Economy, Business and Finance->tourism and leisure industry"
    ],
    "ai_allow": true,
    "has_canonical": false,
    "webz_reporter": false,
    "external_links": [],
    "external_images": [],
    "entities": {
        "persons": [
            {
                "name": "Rakesh Kumar",
                "sentiment": "none"
            },
            {
                "name": "Sharma",
                "sentiment": "none"
            }
        ],
        "organizations": [],
        "locations": [
            {
                "name": "Kullu",
                "sentiment": "none"
            }
        ]
    },
    "syndication": {
        "syndicated": false,
        "syndicate_id": null,
        "first_syndicated": false
    },
    "rating": null,
    "crawled": "2024-12-27T00:13:14.078+02:00",
    "updated": "2024-12-27T00:13:14.078+02:00"
}