{
    "thread": {
        "uuid": "2c95bb5def1721e11469d6e056f86a88592fab2d",
        "url": "https://www.stuttgartdailyleader.com/task-scams-create-the-illusion-of-making-money",
        "site_full": "www.stuttgartdailyleader.com",
        "site": "stuttgartdailyleader.com",
        "site_section": "https://www.stuttgartdailyleader.com",
        "site_categories": [
            "media"
        ],
        "section_title": "Stuttgart Daily Leader Homepage | Stuttgart Daily Leader",
        "title": "Task scams create the illusion of making money",
        "title_full": "Task scams create the illusion of making money",
        "published": "2024-12-26T15:30:00.000+02:00",
        "replies_count": 0,
        "participants_count": 0,
        "site_type": "news",
        "country": "US",
        "main_image": "",
        "performance_score": 0,
        "domain_rank": 183890,
        "domain_rank_updated": "2024-12-23T23:00:00.000+02:00",
        "social": {
            "facebook": {
                "likes": 0,
                "comments": 0,
                "shares": 0
            },
            "vk": {
                "shares": 0
            }
        }
    },
    "uuid": "2c95bb5def1721e11469d6e056f86a88592fab2d",
    "url": "https://www.stuttgartdailyleader.com/task-scams-create-the-illusion-of-making-money",
    "ord_in_thread": 0,
    "parent_url": null,
    "author": null,
    "published": "2024-12-26T15:30:00.000+02:00",
    "title": "Task scams create the illusion of making money",
    "text": "Have you been getting unexpected messages about online work? The FTC’s new Data Spotlight highlights a big increase in the number of people reporting gamified job sc a ms , or “task scams.” Read on to learn what they are and how to avoid them.\nIn a task scam, scammers ask you to do simple, repetitive tasks, such as liking videos or rating product images online. The supposed “job” is to complete tasks in an app or online platform for which you’ll “earn money” from a “commission” on each click. But those promises are fake: there aren’t any commissions and nobody but the scammers make any money.\nTask scams usually start with an unexpected text offering online work. They say you can “make good money” by “product boosting” or doing “optimization tasks” online. Once you complete each task, you’ll see an ever-increasing tally of supposed earnings in the app. (They’re fake.) At some point, the app or online platform will ask you to deposit your own money — usually in crypto — to complete your next set of tasks and to get your supposed (fake) earnings out of the app. But if you make the deposit, not only is your real money is gone, you’ll never get those fake earnings.\nTo spot and avoid task scams:\nIgnore generic and unexpected texts or WhatsApp messages about jobs. Real employers will never contact you that way. Never pay anyone to get paid, or to get a job. That’s a sure sign of a scam. Don’t trust anyone who says they’ll pay you to rate or like things online. That’s illegal and no honest company will do it. Learn more about spotting and avoiding scams at ftc.gov/scams and report scams to the FTC at ReportFraud.ftc.gov .",
    "highlightText": "",
    "highlightTitle": "",
    "highlightThreadTitle": "",
    "language": "english",
    "sentiment": "negative",
    "categories": [
        "Social Issue",
        "Economy, Business and Finance",
        "Crime, Law and Justice"
    ],
    "topics": [
        "Social Issue->poverty",
        "Social Issue->discrimination",
        "Social Issue->social problem",
        "Economy, Business and Finance->business governance",
        "Economy, Business and Finance->financial service",
        "Crime, Law and Justice->law enforcement",
        "Crime, Law and Justice->fraud",
        "Crime, Law and Justice->investigation (criminal)"
    ],
    "ai_allow": true,
    "has_canonical": false,
    "webz_reporter": false,
    "external_links": [
        "https://consumer.ftc.gov/articles/job-scams",
        "https://www.ftc.gov/news-events/data-visualizations/data-spotlight/2024/12/paying-get-paid-gamified-job-scams-drive-record-losses",
        "https://consumer.ftc.gov/scams",
        "https://reportfraud.ftc.gov/",
        "https://www.reportfraud.ftc.gov/",
        "https://ftc.gov/news-events/data-visualizations/data-spotlight/2024/12/paying-get-paid-gamified-job-scams-drive-record-losses",
        "https://www.consumer.ftc.gov/scams",
        "https://www.consumer.ftc.gov/articles/job-scams",
        "https://reportfraud.ftc.gov"
    ],
    "external_images": [],
    "entities": {
        "persons": [],
        "organizations": [
            {
                "name": "FTC",
                "sentiment": "none"
            }
        ],
        "locations": []
    },
    "syndication": {
        "syndicated": false,
        "syndicate_id": null,
        "first_syndicated": false
    },
    "rating": null,
    "crawled": "2024-12-27T01:25:19.867+02:00",
    "updated": "2024-12-27T01:25:19.867+02:00"
}