{
    "thread": {
        "uuid": "094a573308416405752d3f13386791f1e22b22e1",
        "url": "https://www.thestandard.com.hk/section-news/section/4/268920/Layoffs-loom-at-CTF-Group-unit-",
        "site_full": "www.thestandard.com.hk",
        "site": "thestandard.com.hk",
        "site_section": "http://www.thestandard.com.hk/newsfeed/latest/news.xml",
        "site_categories": [
            "media",
            "top_news_hk",
            "top_news"
        ],
        "section_title": "The Standard - Latest News",
        "title": "Layoffs loom at CTF Group unit",
        "title_full": "Layoffs loom at CTF Group unit",
        "published": "2024-12-26T10:00:00.000+02:00",
        "replies_count": 0,
        "participants_count": 1,
        "site_type": "news",
        "country": "HK",
        "main_image": "https://www.thestandard.com.hk/newsImage/20241227/50097721contentPhoto1.jpg?1735261595",
        "performance_score": 0,
        "domain_rank": 12259,
        "domain_rank_updated": "2024-12-23T23:00:00.000+02:00",
        "social": {
            "facebook": {
                "likes": 0,
                "comments": 0,
                "shares": 0
            },
            "vk": {
                "shares": 0
            }
        }
    },
    "uuid": "094a573308416405752d3f13386791f1e22b22e1",
    "url": "https://www.thestandard.com.hk/section-news/section/4/268920/Layoffs-loom-at-CTF-Group-unit-",
    "ord_in_thread": 0,
    "parent_url": null,
    "author": "The Standard",
    "published": "2024-12-26T10:00:00.000+02:00",
    "title": "Layoffs loom at CTF Group unit",
    "text": "Cheng Wong\nHip Seng Construction is facing significant challenges as it prepares to lay off employees and may cease operations within the week, according to sources.\nSome workers are expected to transition to Hip Hing Construction, a subsidiary of CTF Services Group .\nFinancial difficulties at Hip Seng have arisen from a lack of construction projects.\nCurrently, the company is managing a few ongoing initiatives, including the University of Hong Kong's student dormitory in Wong Chuk Hang, the private residential project Pavilia Farm in Tai Wai and a development at SkyCity.\nThese projects will likely be taken over by Hip Hing.\nChau Sze-kit, chairman of the Hong Kong Construction Industry Employees General Union, said that private construction projects have plummeted by two-thirds, severely impacting the operations and cash flow of many firms.\n\"The situation is dire,\" Chau said yesterday. \"Without improvements - given low project volume and poor client commissions - more layoffs are likely.\"\nHe further said that an oversupply of inventory is discouraging new construction initiatives.\nWhile the number of government projects is increasing, private developers not on the approved contractors for public works whitelist will not benefit.\n\"It would be ideal to see more public projects. However, as the construction industry is divided into private and public sectors, contractors must be registered to bid for government contracts. Therefore, an increase in government projects alone won't save the entire industry,\" he added.\nChau suggested the SAR administration could break larger projects into smaller segments to attract more contractors to public work.\nMeanwhile, Lam Chun-sing, chairman of the Federation of Hong Kong and Kowloon Labour Unions and a Legislative Council member, expressed concern for subcontractors.\n\"While I haven't received requests for direct assistance from workers, it's possible that Hip Seng has asked outsourcers and subcontractors to work without the means to pay them, which could create a chain reaction affecting subcontractor payments to their workers,\" he said.\nAlthough the Construction Industry Security of Payment Bill was passed on December 18 to prohibit \"pay when paid\" clauses in supply chains, it won't take effect for another eight months.\nThe legislation aims to ensure timely payments and reduce wage default risks.\nLam warned that the immediate impact may primarily affect Hip Seng's subcontractors rather than its employees.\nHe also raised concerns that the administration's deficit might necessitate a reevaluation of public works projects based on priority, potentially delaying some initiatives and further complicating challenges within the industry.",
    "highlightText": "",
    "highlightTitle": "",
    "highlightThreadTitle": "",
    "language": "english",
    "sentiment": "negative",
    "categories": [
        "Economy, Business and Finance",
        "Labor",
        "Social Issue"
    ],
    "topics": [
        "Economy, Business and Finance->business governance",
        "Economy, Business and Finance->layoffs",
        "Labor->labour relations",
        "Labor->unemployment",
        "Labor->employment",
        "Social Issue->social condition",
        "Social Issue->poverty"
    ],
    "ai_allow": true,
    "has_canonical": false,
    "webz_reporter": false,
    "external_links": [],
    "external_images": [],
    "entities": {
        "persons": [
            {
                "name": "Chau Sze-kit",
                "sentiment": "none"
            },
            {
                "name": "Tai Wai",
                "sentiment": "none"
            }
        ],
        "organizations": [
            {
                "name": "CTF Group",
                "sentiment": "negative"
            },
            {
                "name": "Cheng Wong\nHip Seng Construction",
                "sentiment": "neutral"
            },
            {
                "name": "Hong Kong Construction Industry Employees General Union",
                "sentiment": "none"
            },
            {
                "name": "University of Hong Kong",
                "sentiment": "none"
            },
            {
                "name": "Hip Hing Construction",
                "sentiment": "none"
            },
            {
                "name": "CTF Services Group",
                "sentiment": "none"
            }
        ],
        "locations": []
    },
    "syndication": {
        "syndicated": false,
        "syndicate_id": null,
        "first_syndicated": false
    },
    "rating": null,
    "crawled": "2024-12-27T03:06:39.953+02:00",
    "updated": "2024-12-27T03:06:39.953+02:00"
}