{
    "thread": {
        "uuid": "eb3a0f16939436c08f5c26b7b5efcc1a92fa6ef4",
        "url": "https://www.nbcconnecticut.com/news/local/aetna-connecticare-higher-denial-rates-healthcare-coverage/3461764",
        "site_full": "www.nbcconnecticut.com",
        "site": "nbcconnecticut.com",
        "site_section": "https://www.golf.einnews.com/live_feed",
        "site_categories": [
            "tech"
        ],
        "section_title": "Live Feed Wire - Golf News Today - EIN Presswire",
        "title": "Aetna and ConnectiCare have higher denial rates for healthcare coverage, data shows - NBC Connecticut",
        "title_full": "Aetna and ConnectiCare have higher denial rates for healthcare coverage, data shows - NBC Connecticut",
        "published": "2024-12-27T00:21:00.000+02:00",
        "replies_count": 0,
        "participants_count": 1,
        "site_type": "news",
        "country": "US",
        "main_image": "https://media.nbcconnecticut.com/2019/09/Aetna-1.jpg?quality=85&#038;strip=all&#038;resize=1200%2C675",
        "performance_score": 0,
        "domain_rank": 7041,
        "domain_rank_updated": "2024-12-23T23:00:00.000+02:00",
        "social": {
            "facebook": {
                "likes": 0,
                "comments": 0,
                "shares": 0
            },
            "vk": {
                "shares": 0
            }
        }
    },
    "uuid": "eb3a0f16939436c08f5c26b7b5efcc1a92fa6ef4",
    "url": "https://www.nbcconnecticut.com/news/local/aetna-connecticare-higher-denial-rates-healthcare-coverage/3461764",
    "ord_in_thread": 0,
    "parent_url": null,
    "author": "Mike Savino",
    "published": "2024-12-27T00:21:00.000+02:00",
    "title": "Aetna and ConnectiCare have higher denial rates for healthcare coverage, data shows - NBC Connecticut",
    "text": "Aetna, ConnectiCare and Harvard Pilgrim have the highest denial rates among individual health insurance policies sold through Access Health Exchange.\nA review of 2023 data from the state’s Insurance Department found the three companies deny claims at rates above the statewide average for both HMO and indemnity plans.\nAetna had the highest denial rates for HMO plans, at 39.4%, followed closely by Harvard Pilgrim, at 38.8%, and Connecticare, at 33.6%.\nThe statewide average for six companies selling HMO plans was 29%.\nGet top local stories in Connecticut delivered to you every morning.[>Sign up for NBC Connecticut's News Headlines newsletter.]\nPeople can appeal their denials, but the data shows that doesn’t happen often.\nAetna reported no appeals from HMO customers in 2023. ConnectiCare had just 19 appeals of its 169,457 denials and Harvard Pilgrim had 12 appeals of its 8,257 denials.\nOf those, Connecticare reversed six denials. Harvard Pilgrim reversed five.\nLocal\nAetna responded by noting that its customer satisfaction scores were among the highest in the report.\nNBC Connecticut reached out to some of the other companies selling policies in the exchange but received no response.\nInsurers also sell indemnity plans, a more typical fee-for-service type of insurance.\nConnectiCare, selling plans as both ConnectiCare and ConnectiCare Benefits, had a combined denial rate of 29.7% for its 4.7 million claims.\nAetna was second with a rate of 28.2%, while Harvard Pilgrim’s rate was 23.3%. The statewide average for eight companies offering indemnity plans was 21.5%.\nOne other company exceeded that rate: Connecticut General had a denial rate of 22.8% on 272 indemnity claims in its first year of offering individual plans in Connecticut.\nConnecticare reversed only 283 of its denials. Aetna reversed 10 of its 181,642 denials, while Harvard Pilgrim did so for nine of its 23,605 denials.\nIndividual plans account for only roughly one-fourth of all health insurance plans in the state, but Connecticut Center for Patient Safety Lisa Freeman says the numbers are indicative of a bigger problem.\n“I'm not surprised only because I realize how convoluted and challenging dealing with our healthcare system is,” Freeman said about the low number of appeals.\nShe said people find it difficult navigating the process for appealing a decision. Many just give up.\nShe said people can find help, including by asking their doctor or reaching out to the Insurance Department.\nThey can also contact a group like Freeman’s advocacy organization.\nFreeman also said people should include their doctor in the process, even if they file an appeal on their own.\nThis is especially true when insurance companies deny coverage for treatment that is deemed unnecessary.\n“They do want to hear from your physician, your provider as why it’s deemed medically necessary,” Freeman said.",
    "highlightText": "",
    "highlightTitle": "",
    "highlightThreadTitle": "",
    "language": "english",
    "sentiment": "negative",
    "categories": [
        "Health",
        "Economy, Business and Finance"
    ],
    "topics": [
        "Health->government health care",
        "Health->health insurance",
        "Economy, Business and Finance->healthcare industry"
    ],
    "ai_allow": true,
    "has_canonical": false,
    "webz_reporter": false,
    "external_links": [],
    "external_images": [],
    "entities": {
        "persons": [],
        "organizations": [
            {
                "name": "Harvard Pilgrim",
                "sentiment": "negative"
            },
            {
                "name": "NBC Connecticut Aetna",
                "sentiment": "negative"
            },
            {
                "name": "Access Health Exchange",
                "sentiment": "none"
            },
            {
                "name": "Aetna",
                "sentiment": "none"
            }
        ],
        "locations": []
    },
    "syndication": {
        "syndicated": false,
        "syndicate_id": null,
        "first_syndicated": false
    },
    "rating": null,
    "crawled": "2024-12-27T00:25:59.399+02:00",
    "updated": "2024-12-27T01:54:13.838+02:00"
}