{
    "thread": {
        "uuid": "b03010c4222069c638e62d9616b3f23b6176bbb7",
        "url": "https://www.dexerto.com/call-of-duty/critical-black-ops-6-error-is-handing-out-losses-to-players-who-win-their-matches-3016136",
        "site_full": "www.dexerto.com",
        "site": "dexerto.com",
        "site_section": "http://www.dexerto.com/",
        "site_categories": [
            "tech",
            "email"
        ],
        "section_title": "Dexerto: Gaming, Entertainment, Influencers &amp; Pop Culture",
        "title": "Critical Black Ops 6 error is handing out losses to players who win their matches - Dexerto",
        "title_full": "Critical Black Ops 6 error is handing out losses to players who win their matches - Dexerto",
        "published": "2024-12-27T01:18:00.000+02:00",
        "replies_count": 0,
        "participants_count": 1,
        "site_type": "news",
        "country": "US",
        "main_image": "https://www.dexerto.com/cdn-image/wp-content/uploads/2024/11/15/Warzone-expert-claims-Black-Ops-6-weapons-are-22chalked22-but-one-dominates.jpg",
        "performance_score": 0,
        "domain_rank": 5157,
        "domain_rank_updated": "2024-12-23T23:00:00.000+02:00",
        "social": {
            "facebook": {
                "likes": 0,
                "comments": 0,
                "shares": 0
            },
            "vk": {
                "shares": 0
            }
        }
    },
    "uuid": "b03010c4222069c638e62d9616b3f23b6176bbb7",
    "url": "https://www.dexerto.com/call-of-duty/critical-black-ops-6-error-is-handing-out-losses-to-players-who-win-their-matches-3016136",
    "ord_in_thread": 0,
    "parent_url": null,
    "author": "Ryan Lemay",
    "published": "2024-12-27T01:18:00.000+02:00",
    "title": "Critical Black Ops 6 error is handing out losses to players who win their matches - Dexerto",
    "text": "Gaming\nCall of Duty Critical Black Ops 6 error is handing out losses to players who win their matches Ryan Lemay ❘ Published: 2024-12-26T23:18:02 Activision Free-for-All is usually the perfect game mode to warm up or jump in for a quick match, but an annoying glitch has gone unnoticed and is impacting overall enjoyment.\nIn 2003, the first Call of Duty title included Free-for-All as one of its core multiplayer game modes. Since then, every title has also featured the classic mode, where eight players race to get 30 kills first.\nThere have been a few variations over the game mode’s 20-year-plus history, but there is little reason to re-write a tried-and-true formula that already works.\nArticle continues after ad However, as modern CoD titles have innovated and introduced more modes, including wacky limited-time modes, FFA took a back seat to other, more exciting offerings.\nDespite that, FFA still has many passionate fans who prefer the mode over everything else. So, those same players feel disrespected by the devs for letting a game-breaking glitch slip right under their noses for over a month.\nArticle continues after ad Is Free-for-All broken in Black Ops 6? Activision On November 28, a BO6 player posted a clip showing that they were the first one to reach 30 eliminations and were first on the leaderboard, but the game gave them a defeat, and they didn’t appear anywhere on the final top-three podium.\nArticle continues after ad A few weeks later, on December 16, CoD YouTuber notblametruth claimed that this glitch had been present since launch and also shared an image of the scoreboard bug.\nFree For All–a staple mode in FPS since the 1990s–has been completely broken in Black Ops 6 since launch.\nA now trillion dollar company developed this game over four years.\nKeep bleeding players champs. pic.twitter.com/5E9ULcRhmB\n— Anthony (@notblametruth) December 16, 2024 Treyarch has yet to issue a response to this glitch, and players are fed up that the minor glitch has taken so long to clear up.\nOther users in the comment section took the chance to share screenshots of the glitch and expressed frustration over the lack of communication or knowledge of its existence.\nRelated: Warzone players hit back at Activision apology over anti-cheat issues Article continues after ad On December 23, Treyarch and Raven Software departed for their holiday break, so this update won’t be addressed until the start of the new year at the earliest.\nArticle continues after ad But since it’s already been around for so long, there isn’t any guarantee as to when that fix will come.\nkeep reading Call of Duty Black Ops 6’s Squid Game crossover shows CoD has lost faith in itself Ryan Lemay Call of Duty Ex-CoD dev explains why cheating in Warzone & Black Ops 6 is worse than ever Brad Norton Call of Duty Black Ops 6 devs double down on cross-play in Ranked despite hacker crisis Connor Bennett Call of Duty Activision’s 20,000 cheater ban mocked by BO6 & Warzone players as “worthless” Brianna Reeves Call of Duty Call of Duty players call for one simple change to cull cheaters in Black Ops 6 and Warzone Mark Harrison Call of Duty Black Ops 6 servers shut down after devs accidentally release new content early Ryan Lemay Call of Duty Nadeshot steps back from Black Ops 6 as “sh*t” performance & cheating crisis overwhelms Ryan Lemay Call of Duty Warzone players hit back at Activision apology over anti-cheat issues Connor Bennett Related Topics Black Ops 6 About The Author Ryan Lemay\nRyan Lemay is a Games Writer on Dexerto's US team, specializing in Call of Duty, including the CDL, Warzone, Modern Warfare and Black Ops. He also covers EA SPORTS FC, NBA 2K, Madden, and EA College Football. Ryan also has bylines at Dotesports, Destructoid, and Esports Illustrated. You can contact him here: ryan.lemay@dexerto.com",
    "highlightText": "",
    "highlightTitle": "",
    "highlightThreadTitle": "",
    "language": "english",
    "sentiment": "negative",
    "categories": [
        "Sport",
        "Economy, Business and Finance",
        "Science and Technology"
    ],
    "topics": [
        "Sport->esports",
        "Economy, Business and Finance->business reporting and performance",
        "Economy, Business and Finance->media and entertainment industry",
        "Science and Technology->technology and engineering",
        "Science and Technology->social sciences"
    ],
    "ai_allow": true,
    "has_canonical": false,
    "webz_reporter": false,
    "external_links": [
        "https://t.co/5E9ULcRhmB",
        "https://x.com/notblametruth/status/1868568409711202398/?ref_src=twsrc%5Etfw%7Ctwcamp%5Etweetembed%7Ctwterm%5E1868568409711202398%7Ctwgr%5E02a40ae5fdca9101dfb5133d6258f414d3f65230%7Ctwcon%5Es1_c10&ref_url=https%3A%2F%2Feditors.dexerto.com%2Fwp-admin%2Fpost.php%3Fpost%3D3016136action%3Dedit",
        "https://twitter.com/RyanLemay37",
        "https://twitter.com/notblametruth/status/1868568409711202398?ref_src=twsrc%5Etfw",
        "https://x.com/Michael71830696/status/1868716768090599935",
        "https://x.com/Lord_Negatron/status/1862202445864095988",
        "https://x.com/notblametruth/status/1868568409711202398/",
        "https://www.x.com/notblametruth/status/1868568409711202398/?ref_src=twsrc%5Etfw%7Ctwcamp%5Etweetembed%7Ctwterm%5E1868568409711202398%7Ctwgr%5E02a40ae5fdca9101dfb5133d6258f414d3f65230%7Ctwcon%5Es1_c10&ref_url=https%3A%2F%2Feditors.dexerto.com%2Fwp-admin%2Fpost.php%3Fpost%3D3016136action%3Dedit",
        "https://www.twitter.com/RyanLemay37",
        "https://twitter.com/notblametruth/status/1868568409711202398",
        "https://www.x.com/Lord_Negatron/status/1862202445864095988",
        "https://www.t.co/5E9ULcRhmB",
        "https://www.twitter.com/notblametruth/status/1868568409711202398?ref_src=twsrc%5Etfw",
        "https://www.x.com/Michael71830696/status/1868716768090599935"
    ],
    "external_images": [],
    "entities": {
        "persons": [
            {
                "name": "Ryan Lemay",
                "sentiment": "none"
            }
        ],
        "organizations": [
            {
                "name": "Dexerto Gaming\nCall of Duty Critical Black Ops",
                "sentiment": "neutral"
            },
            {
                "name": "FFA",
                "sentiment": "none"
            }
        ],
        "locations": []
    },
    "syndication": {
        "syndicated": false,
        "syndicate_id": null,
        "first_syndicated": false
    },
    "rating": null,
    "crawled": "2024-12-27T01:39:27.913+02:00",
    "updated": "2024-12-27T01:39:27.913+02:00"
}