{
    "thread": {
        "uuid": "6ced532dfee0b1d2353fe9b60b7490717dd46d13",
        "url": "https://www.the-sun.com/money/13165572/aldi-supermarket-new-year-closures",
        "site_full": "www.the-sun.com",
        "site": "the-sun.com",
        "site_section": "https://www.golf.einnews.com/live_feed",
        "site_categories": [
            "uncategorized"
        ],
        "section_title": "Live Feed Wire - Golf News Today - EIN Presswire",
        "title": "Aldi confirms it will close all 2,458 locations in the US for an entire day - make sure you have a...",
        "title_full": "Aldi confirms it will close all 2,458 locations in the US for an entire day - make sure you have a...",
        "published": "2024-12-27T01:01:00.000+02:00",
        "replies_count": 0,
        "participants_count": 1,
        "site_type": "news",
        "country": "",
        "main_image": "https://www.the-sun.com/wp-content/uploads/sites/6/2024/12/photo-matt-cardy-getty-images-889864753.jpg?strip=all&amp;quality=100&amp;w=1920&amp;h=1080&amp;crop=1",
        "performance_score": 0,
        "domain_rank": 2580,
        "domain_rank_updated": "2024-12-23T23:00:00.000+02:00",
        "social": {
            "facebook": {
                "likes": 0,
                "comments": 0,
                "shares": 0
            },
            "vk": {
                "shares": 0
            }
        }
    },
    "uuid": "6ced532dfee0b1d2353fe9b60b7490717dd46d13",
    "url": "https://www.the-sun.com/money/13165572/aldi-supermarket-new-year-closures",
    "ord_in_thread": 0,
    "parent_url": null,
    "author": "161385360554578",
    "published": "2024-12-27T01:01:00.000+02:00",
    "title": "Aldi confirms it will close all 2,458 locations in the US for an entire day - make sure you have a...",
    "text": "ALDI has announced it will soon close every single one its 2,458 branches for an entire day.\nShoppers have been warned to make alternative plans to avoid disappointment.\nOn New Year's Day, all [Aldi](https://www.the-sun.com/topic/aldi/) stores will be completely shut.\nSupermarkets have different hours over the festive season to allow staff to have break over the [holidays](https://www.the-sun.com/topic/holidays/).\nFor Aldi, this means thousands of employees over 2,458 stores will have some time off on January 1.\nFor those who are needing to pick up some groceries before the new year, Aldi will be open on New Year's Eve.\nThe bargain retailer will be available to shoppers for reduced hours on December 31, so you can pick up some last-minute nibbles for your evening ahead.\nThe popular budget supermarket is set to be open on on New Year's Eve from 9am to 4pm.\nIf you don't want to get caught out from closures, make sure to check your local supermarket ahead of time.\nAlternatively, you can order from a store online and deliver straight to your home.\nIt's good to remember that often delivery comes with an extra fee that gets added to your basket after you check-out.\nKeep an eye out for discounts and retailers often slash prices after Christmas.\nStores looking to shift remaining stock may mark down products in order get them off the shelves before their use-by dates.\nFestive-themed items will be especially likely to be in the sales, so keep tabs on discount treats selling for just a few cents.\nWHY DO SUPERMARKETS CLOSE OVER THE HOLIDAYS?\nReduced hours and closures over the [holidays](https://www.the-sun.com/topic/holidays/) lets staff to have a well-deserved break after the busy [Christmas](https://www.the-sun.com/topic/christmas-2/) period.\nSenior Consumer Reporter Olivia Marshall said this can help improve staff morale and reduce burnout.\nIt also offers them with an opportunity to spend time with their families and friends during the festive season.\nOn New Year's Day, footfall is often lower than usual - following New Year's Eve parties .\nOpening on January 1 may not be justified by the predicted sales revenue.\nSome stores will open throughout the entirety of the Christmas period and others will have reduced hours.\nGrocery stores open on New Year's Day, and their hours\nOn New Year's Eve (NYE) and New Year's Day (NYD) supermarkets may different hours to usual.\nAldi\nNYE: 9am to 4am\nNYD: Closed\nBravo Supermarkets\nNYE: 7am to 9pm\nNYD: 7am to 9pm\nDollar General\nNYE: Open regular hours, which vary by store\nNYD: Open regular hours, which vary by store\nPublix\nNYE: Closing at 9pm\nNYD: 7am to 8pm\nSam's Club\nNYE: Closes at 6pm; opening times vary by location\nNYD: Closed\nSave-A-Lot\nNYE: 8am to 8pm\nNYD: Regular hours, which vary by store\nSprouts Farmers Market\nNYE: 7am to 8pm\nNYD: 7am to 10pm\nTarget\nNYE: Closing at 9pm\nNYD: Regular hours, which vary by store\nThe Fresh Market\nNYE: 8am to 8pm\nNYD: 9am to 8pm\nWalmart\nNYE: Regular hours, which vary by store\nNYD: Regular hours, which vary by store\nWinn-Dixie\nNYE: 7am to 10pm\nNYD: 7am to 11pm",
    "highlightText": "",
    "highlightTitle": "",
    "highlightThreadTitle": "",
    "language": "english",
    "sentiment": "negative",
    "categories": [
        "Economy, Business and Finance",
        "Social Issue",
        "Human Interest"
    ],
    "topics": [
        "Economy, Business and Finance->corporate news and profiles",
        "Economy, Business and Finance->business governance",
        "Social Issue->social condition",
        "Social Issue->poverty",
        "Social Issue->welfare"
    ],
    "ai_allow": true,
    "has_canonical": false,
    "webz_reporter": false,
    "external_links": [],
    "external_images": [],
    "entities": {
        "persons": [],
        "organizations": [
            {
                "name": "Aldi",
                "sentiment": "positive"
            }
        ],
        "locations": []
    },
    "syndication": {
        "syndicated": false,
        "syndicate_id": null,
        "first_syndicated": false
    },
    "rating": null,
    "crawled": "2024-12-27T01:07:42.947+02:00",
    "updated": "2024-12-27T01:07:42.947+02:00"
}