{
    "thread": {
        "uuid": "be9b107bce8f6de629ba423864903df9fddf9afd",
        "url": "https://www.wpbf.com/article/jupiter-us-1-bridge-replacement-project-partial-reopen-business-florida/63286284",
        "site_full": "www.wpbf.com",
        "site": "wpbf.com",
        "site_section": "http://www.wpbf.com/8789800?format=rss_2.0&view=feed",
        "site_categories": [
            "media"
        ],
        "section_title": "Top Stories",
        "title": "Businesses talk impacts of Jupiter US 1 Bridge Replacement Project ahead of partial reopen",
        "title_full": "Businesses talk impacts of Jupiter US 1 Bridge Replacement Project ahead of partial reopen",
        "published": "2024-12-27T00:47:00.000+02:00",
        "replies_count": 0,
        "participants_count": 1,
        "site_type": "news",
        "country": "US",
        "main_image": "https://kubrick.htvapps.com/htv-prod-media.s3.amazonaws.com/images/img-5870-676ddb9919cfa.jpg?crop=1.00xw:0.753xh;0,0&amp;resize=1200:*",
        "performance_score": 0,
        "domain_rank": 17100,
        "domain_rank_updated": "2024-12-23T23:00:00.000+02:00",
        "social": {
            "facebook": {
                "likes": 0,
                "comments": 0,
                "shares": 0
            },
            "vk": {
                "shares": 0
            }
        }
    },
    "uuid": "be9b107bce8f6de629ba423864903df9fddf9afd",
    "url": "https://www.wpbf.com/article/jupiter-us-1-bridge-replacement-project-partial-reopen-business-florida/63286284",
    "ord_in_thread": 0,
    "parent_url": null,
    "author": "Yasmine Julmisse",
    "published": "2024-12-27T00:47:00.000+02:00",
    "title": "Businesses talk impacts of Jupiter US 1 Bridge Replacement Project ahead of partial reopen",
    "text": "The Florida Department of Transportation says bridge inspections began Thursday to get ready for a partial reopening of the US 1 Bridge in Jupiter. Regular traffic has seen the biggest impact since the project began, as US 1 is now in its 21st month of being closed over the Loxahatchee River/Intracoastal WaterwayThe project was initially estimated to take about 20 months. Some local businesses have also been impacted. \"Everyone’s been complaining about it, 'it’s too much traffic'\" said Juan Ruiz, manager at Schooner's Restaurant. \"Especially people coming from the north, Tequesta, Hobe Sound. It’s hard.”Ruiz has been working at Schooner's in Jupiter for 27 years.His colleague, Ashley Brady, has been at the establishment for 10. They say since the bridge replacement project began in 2023, there’ve been some hits to their business.“When it first closed it was March, which is our busiest month in season, and I think our business went down 50%,\" Brady said. \"It’s rebounded since, but it was very impactful.\" Although there’s been a recovery, one particular time of day is still challenging. \"Lunchtime,\" Ruiz said. \"People work in the office, they have a short time.\" At about a 6-minute walk away from schooners, the Marinemax boat dealership has been doing business for a year.They moved in while the bridge construction was well underway. Yet, business manager Nick Pavlakis says the business is doing well. \"I don’t think it’s affected us,\" he said. \"You’ve got so much beauty here such a vast and robust boating community. That boating community will see an improvement in the channel once the bridge reopens.Part of the $122 million project includes providing an additional 17-feet of clearance under the bridge to help with boat traffic.For restaurant-goers, there’s another add-on. A riverwalk which will connect two of the most popular eateries on the water, 1000 north and U-Tiki Beach. \"This is going to be the spot to be, the spot to hang out, and i could not be more excited for it.\" Pavlakis said. When the bridge partially reopens after inspections, drivers will see some relief in local traffic. Two lanes will open on the west side of the bridge, one for northbound and southbound traffic. \"It’s better than nothing,\" Ruiz said. Because inspections for the partial reopening could last a week or longer, FDOT says the notice ahead of the reopening will be rather short, likely less than 24 hours before it starts. Top headlines:\nSand menorah to return to Juno Beach\nBoca Raton Police Department releases name of officer involved in shooting\nHouse fire affects six people in the Riverwalk neighborhood Stay up-to-date: The latest headlines and weather from WPBF 25 Get the latest news updates with the WPBF 25 News app. You can download it here .",
    "highlightText": "",
    "highlightTitle": "",
    "highlightThreadTitle": "",
    "language": "english",
    "sentiment": "negative",
    "categories": [
        "Politics",
        "Economy, Business and Finance",
        "Social Issue"
    ],
    "topics": [
        "Politics->government policy",
        "Economy, Business and Finance->business governance",
        "Economy, Business and Finance->construction and property",
        "Social Issue->communities",
        "Social Issue->public housing"
    ],
    "ai_allow": true,
    "has_canonical": false,
    "webz_reporter": false,
    "external_links": [],
    "external_images": [],
    "entities": {
        "persons": [
            {
                "name": "Ashley Brady",
                "sentiment": "none"
            },
            {
                "name": "Juan Ruiz",
                "sentiment": "none"
            }
        ],
        "organizations": [
            {
                "name": "Florida Department of Transportation",
                "sentiment": "none"
            }
        ],
        "locations": [
            {
                "name": "Intracoastal Waterway",
                "sentiment": "none"
            },
            {
                "name": "Loxahatchee",
                "sentiment": "none"
            },
            {
                "name": "Tequesta",
                "sentiment": "none"
            }
        ]
    },
    "syndication": {
        "syndicated": false,
        "syndicate_id": null,
        "first_syndicated": false
    },
    "rating": null,
    "crawled": "2024-12-27T00:53:38.279+02:00",
    "updated": "2024-12-27T05:20:54.812+02:00"
}