{
    "thread": {
        "uuid": "79bcf77480e910acb5c042f96f037e41fd1eab28",
        "url": "https://seekingalpha.com/news/4393888-intellia-to-cut-27-percent-of-workforce-discontinue-ntla-3001?source=generic_rss",
        "site_full": "seekingalpha.com",
        "site": "seekingalpha.com",
        "site_section": "https://seekingalpha.com/market-news.xml",
        "site_categories": [
            "investing",
            "financial_news",
            "finance",
            "mutual_funds"
        ],
        "section_title": "News feed - all",
        "title": "Intellia to cut 27% of workforce, discontinue NTLA-3001",
        "title_full": "Intellia to cut 27% of workforce, discontinue NTLA-3001",
        "published": "2025-01-09T23:51:00.000+02:00",
        "replies_count": 0,
        "participants_count": 1,
        "site_type": "news",
        "country": "US",
        "main_image": "https://static.seekingalpha.com/cdn/s3/uploads/getty_images/1223875816/image_1223875816.jpg?io=getty-c-w750",
        "performance_score": 0,
        "domain_rank": 1110,
        "domain_rank_updated": "2025-01-06T23:00:00.000+02:00",
        "social": {
            "facebook": {
                "likes": 0,
                "comments": 0,
                "shares": 0
            },
            "vk": {
                "shares": 0
            }
        }
    },
    "uuid": "79bcf77480e910acb5c042f96f037e41fd1eab28",
    "url": "https://seekingalpha.com/news/4393888-intellia-to-cut-27-percent-of-workforce-discontinue-ntla-3001?source=generic_rss",
    "ord_in_thread": 0,
    "parent_url": null,
    "author": "Val Brickates Kennedy",
    "published": "2025-01-09T23:51:00.000+02:00",
    "title": "Intellia to cut 27% of workforce, discontinue NTLA-3001",
    "text": "Intellia Therapeutics (NASDAQ:NTLA) said it plans to focus its resources on developing drug candidates NTLA-2002 and nex-z and discontinue development of NTLA-3001, which will result in the company cutting around 27% of its workforce.\nThe biotech company said it sees",
    "highlightText": "",
    "highlightTitle": "",
    "highlightThreadTitle": "",
    "language": "english",
    "sentiment": "negative",
    "categories": [
        "Economy, Business and Finance",
        "Health"
    ],
    "topics": [
        "Economy, Business and Finance->business governance",
        "Economy, Business and Finance->human resources",
        "Economy, Business and Finance->layoffs",
        "Health->health organisation",
        "Health->drug rehabilitation"
    ],
    "ai_allow": true,
    "has_canonical": false,
    "breaking": null,
    "webz_reporter": false,
    "external_links": [],
    "external_images": [],
    "entities": {
        "persons": [],
        "organizations": [],
        "locations": []
    },
    "syndication": {
        "syndicated": false,
        "syndicate_id": null,
        "first_syndicated": false
    },
    "rating": null,
    "crawled": "2025-01-10T01:07:03.528+02:00",
    "updated": "2025-01-10T01:07:03.528+02:00"
}