{
    "thread": {
        "uuid": "3c9c4504f4b207c7bbaf52af54d2e519784338d0",
        "url": "https://nybreaking.com/jaguar-sales-take-a-dive-after-a-fierce-backlash-against-the-woke-brand-but-the-carmakers-classic-range-rover-and-defender-models-are-still-popular",
        "site_full": "nybreaking.com",
        "site": "nybreaking.com",
        "site_section": "https://www.nybreaking.com",
        "site_categories": [],
        "section_title": "NY Breaking News - The New York Breaking News",
        "title": "Jaguar sales take a dive after a fierce backlash against the 'woke' brand, but the carmaker's classic Range Rover and Defender models are still popular",
        "title_full": "Jaguar sales take a dive after a fierce backlash against the 'woke' brand, but the carmaker's classic Range Rover and Defender models are still popular",
        "published": "2025-01-09T16:09:00.000+02:00",
        "replies_count": 0,
        "participants_count": 1,
        "site_type": "news",
        "country": "US",
        "main_image": "",
        "performance_score": 0,
        "domain_rank": 79781,
        "domain_rank_updated": "2025-01-06T23:00:00.000+02:00",
        "social": {
            "facebook": {
                "likes": 0,
                "comments": 0,
                "shares": 0
            },
            "vk": {
                "shares": 0
            }
        }
    },
    "uuid": "3c9c4504f4b207c7bbaf52af54d2e519784338d0",
    "url": "https://nybreaking.com/jaguar-sales-take-a-dive-after-a-fierce-backlash-against-the-woke-brand-but-the-carmakers-classic-range-rover-and-defender-models-are-still-popular",
    "ord_in_thread": 0,
    "parent_url": null,
    "author": "Liam",
    "published": "2025-01-09T16:09:00.000+02:00",
    "title": "Jaguar sales take a dive after a fierce backlash against the 'woke' brand, but the carmaker's classic Range Rover and Defender models are still popular",
    "text": "Jaguar sales figures have fallen by more than a quarter in the past year due to the legendary British car brand’s dramatic ‘woke’ rebrand.\nThe company was torn for ditching the iconic “growler” emblem used on grilles and hoods for decades and replacing it with a curved geometric “J” badge.\nOther controversial changes included the unveiling of a bright pink concept car, which was intended to update Jaguar’s image for the electric age.\nBut design experts and Jag fans ridiculed the makeover, calling it ‘cultural vandalism’ and the ‘most destructive marketing move ever’.\nWith new registration figures for the sector released by its parent company, Jaguar Land Rover (JLR) reveals that the number of cars sold by the Indian company has fallen by 12,459 to just 33,320 in 2024.\nNigel Farage, leader of Reform UK, who was critical of Jaguar’s rebranding last year, today rejoiced: ‘Go woke, go broke.’\nThe dramatic slump came when Jaguar stopped production of five existing models earlier this year as it develops its all-new range of fully electric vehicles, which will hit the market this year and are aimed at a much younger audience.\nMeanwhile, demand for the automaker’s luxury Range Rover and Defender models soared.\nThe new rebrand (above) sparked accusations that the company had gone ‘woke’ – after posting an ad that didn’t show any cars\nThe ad shows boldly dressed fashion models in bright primary colors next to slogans such as ‘break molds’ and ‘create exuberantly’\nPictured are the bright-looking concept cars that Jaguar unveiled late last year as part of its electric car overhaul\nThe company laid the groundwork for the shake-up by winding down production of existing Jaguar models for British customers, with the British-built XE and XF sedans and the F-Type sports car ceasing in May.\nProduction of the largest model, the F-Pace, will continue in Solihull for the time being, but this will only be for overseas markets. A spokesperson for the brand confirmed that UK production was halted in November.\nProduction of the compact SUV E-Pace and the I-Pace stopped last month.\nJaguar says I-Pace availability will continue, but only for “business customers until 2025.”\nIt means that Jaguar has effectively stopped all car sales in Britain for the first time since the Second World War.\nMeanwhile, sales of JLR’s Range Rover SUV have soared, with the company calling for “strong wholesale growth” due to the 12 percent increase during the quarter compared to a year earlier.\nSales of classic Range Rovers rose by 22 percent, while Sport and Evoque models rose by 17 percent and 15 percent respectively. Defender sales also rose 13 percent, while Discovery sales rose 1.5 percent.\nFull-year sales of all Range Rover types soared from 339,825 to 366,355, with JLR saying the figures reflected ‘an improvement following supply disruptions’.\nMeanwhile, sales of Jaguar models have plummeted. In 2022, Jaguar sold 61,661 cars, but last year this fell to 33,320. In 2019, the brand sold 161,601 cars.\nThis is the new Jaguar logo: a roundel consisting of the letter ‘J’ that looks the same on both sides\nThe classic Jaguar ‘growler’ logo has been ditched as the car company reinvents itself to appeal to a younger audience of car buyers\nJaguar has phased out its model range, with cars like the F-Pace SUV (above) now consigned to the history books\nBut sales of the automaker’s classic Range Rover and Defender models are still proving popular\nJag’s major rebrand had been in development for three years as the company prepared to become an all-electric car manufacturer, ahead of the UK’s target to stop selling new cars powered solely by fossil fuels by 2030.\nLaunched under the tagline ‘copy nos’ – an adage from the company’s founder, Sir William Lyons – the advert features various models in technicolor outfits walking through an alien landscape.\nAround 800 people are understood to have worked on the rebrand, with managing director Rawdon Glover saying: ‘We need to change people’s perception of what Jaguar stands for.’\nBut the radical break with Jaguar’s traditional image provoked a fierce reaction, with critics accusing the company of trampling on its British heritage.\nCritics also slammed the diversity of the ad, which features androgynous men and women in lavish clothing.\nNigel Farage, leader of Reform UK, warned the brand would go bankrupt in the wake of the overhaul, while others called the makeover ‘woke’ and ‘unhinged’.\nMarketing experts around the world also said they were ‘stunned’ by the move, with Californian designer Joseph Alessio saying it would be ‘taught in schools how not to rebrand’.\nHowever, Jaguar boss Glover hit back at the “despicable hatred and bigotry” towards the eccentric-looking models that appeared in the video ad.\nHe denied that the company was throwing away its nearly 100-year heritage with the most dramatic rebranding in decades. Instead, he claimed that the automaker needed to move away from “traditional automotive stereotypes” to find its place in the market.\nJaguar chief executive Rawdon Glover has fired back at those who criticized the car brand’s much-maligned rebrand\nMr Glover told the Financial Times that he believed the overall response to the campaign had been “very positive” but was disappointed by the “level of vile hatred and bigotry” towards the models in the ad.\n“If we play the same way as everyone else, we just get drowned out. So we shouldn’t emerge as a car brand,” Glover said.\n“We have to re-establish our brand and at a completely different price point, so we have to act differently. We wanted to move away from traditional car stereotypes,” he added.\nGerry McGovern, the company’s chief creative officer, admitted that the concept car unveiled in December would not “be loved by everyone” but added: “That’s what fearless creativity does.”\nSome links in this article may be affiliate links. If you click on it, we may earn a small commission. That helps us fund This Is Money and keep it free to use. We do not write articles to promote products. We do not allow a commercial relationship to compromise our editorial independence.",
    "highlightText": "",
    "highlightTitle": "",
    "highlightThreadTitle": "",
    "language": "english",
    "sentiment": "negative",
    "categories": [
        "Economy, Business and Finance"
    ],
    "topics": [
        "Economy, Business and Finance->business strategy and marketing"
    ],
    "ai_allow": true,
    "has_canonical": false,
    "breaking": null,
    "webz_reporter": false,
    "external_links": [],
    "external_images": [],
    "entities": {
        "persons": [
            {
                "name": "Nigel Farage",
                "sentiment": "none"
            }
        ],
        "organizations": [
            {
                "name": "Jaguar Land Rover",
                "sentiment": "neutral"
            }
        ],
        "locations": []
    },
    "syndication": {
        "syndicated": false,
        "syndicate_id": null,
        "first_syndicated": false
    },
    "rating": null,
    "crawled": "2025-01-10T00:25:55.810+02:00",
    "updated": "2025-01-10T00:25:55.810+02:00"
}