{
    "thread": {
        "uuid": "5c6cd2b1c1ad79af29f2455baa1d7356d340f9aa",
        "url": "https://article.wn.com/view/2025/01/09/Tumbling_pound_threat_of_strike_action_and_growing_debt_cris",
        "site_full": "article.wn.com",
        "site": "wn.com",
        "site_section": "https://wn.com/fiat-currencies",
        "site_categories": [
            "media"
        ],
        "section_title": "World News - FIAT Currencies",
        "title": "Tumbling pound, threat of strike action and growing debt crisis… bungling Labour are sending us ... - Worldnews.com",
        "title_full": "Tumbling pound, threat of strike action and growing debt crisis… bungling Labour are sending us ... - Worldnews.com",
        "published": "2025-01-09T02:00:00.000+02:00",
        "replies_count": 0,
        "participants_count": 0,
        "site_type": "news",
        "country": "US",
        "main_image": "",
        "performance_score": 0,
        "domain_rank": 3494,
        "domain_rank_updated": "2025-01-06T23:00:00.000+02:00",
        "social": {
            "facebook": {
                "likes": 0,
                "comments": 0,
                "shares": 0
            },
            "vk": {
                "shares": 0
            }
        }
    },
    "uuid": "5c6cd2b1c1ad79af29f2455baa1d7356d340f9aa",
    "url": "https://article.wn.com/view/2025/01/09/Tumbling_pound_threat_of_strike_action_and_growing_debt_cris",
    "ord_in_thread": 0,
    "parent_url": null,
    "author": null,
    "published": "2025-01-09T02:00:00.000+02:00",
    "title": "Tumbling pound, threat of strike action and growing debt crisis… bungling Labour are sending us ... - Worldnews.com",
    "text": "BRITAIN was having a grim 1970s flashback last night with a debt crisis, the threat of strikes and an under-siege Labour Chancellor. Rachel Reeves is facing massive pressure to ditch a controversial trip to China this weekend as borrowing costs rocketed to levels beyond the worst of the doomed Liz Truss era.",
    "highlightText": "",
    "highlightTitle": "",
    "highlightThreadTitle": "",
    "language": "english",
    "sentiment": "negative",
    "categories": [
        "Economy, Business and Finance",
        "Politics",
        "Social Issue"
    ],
    "topics": [
        "Economy, Business and Finance->macro economics",
        "Economy, Business and Finance->business governance",
        "Economy, Business and Finance->financial and economic news",
        "Politics->political parties and movements",
        "Politics->political crisis",
        "Social Issue->social condition",
        "Social Issue->social problem"
    ],
    "ai_allow": true,
    "has_canonical": false,
    "breaking": null,
    "webz_reporter": false,
    "external_links": [],
    "external_images": [],
    "entities": {
        "persons": [],
        "organizations": [],
        "locations": []
    },
    "syndication": {
        "syndicated": false,
        "syndicate_id": null,
        "first_syndicated": false
    },
    "rating": null,
    "crawled": "2025-01-10T01:01:13.710+02:00",
    "updated": "2025-01-10T01:01:13.710+02:00"
}