{
    "thread": {
        "uuid": "57191a60e37f521f28037396023fe988fbc4440c",
        "url": "https://article.wn.com/view/2025/01/09/Liz_Truss_lays_into_Rachel_Reeves_over_economy_and_trip_to_C",
        "site_full": "article.wn.com",
        "site": "wn.com",
        "site_section": "https://wn.com/europe",
        "site_categories": [
            "media"
        ],
        "section_title": "World News - Europe",
        "title": "Liz Truss lays into Rachel Reeves over economy and trip to China - Worldnews.com",
        "title_full": "Liz Truss lays into Rachel Reeves over economy and trip to China - Worldnews.com",
        "published": "2025-01-09T02:00:00.000+02:00",
        "replies_count": 0,
        "participants_count": 0,
        "site_type": "news",
        "country": "US",
        "main_image": "",
        "performance_score": 0,
        "domain_rank": 3494,
        "domain_rank_updated": "2025-01-06T23:00:00.000+02:00",
        "social": {
            "facebook": {
                "likes": 0,
                "comments": 0,
                "shares": 0
            },
            "vk": {
                "shares": 0
            }
        }
    },
    "uuid": "57191a60e37f521f28037396023fe988fbc4440c",
    "url": "https://article.wn.com/view/2025/01/09/Liz_Truss_lays_into_Rachel_Reeves_over_economy_and_trip_to_C",
    "ord_in_thread": 0,
    "parent_url": null,
    "author": null,
    "published": "2025-01-09T02:00:00.000+02:00",
    "title": "Liz Truss lays into Rachel Reeves over economy and trip to China - Worldnews.com",
    "text": "Chancellor faces Tory calls to scrap planned visit to Beijing... read full story",
    "highlightText": "",
    "highlightTitle": "",
    "highlightThreadTitle": "",
    "language": "english",
    "sentiment": "negative",
    "categories": [
        "Politics",
        "Economy, Business and Finance"
    ],
    "topics": [
        "Politics->government",
        "Politics->political candidates",
        "Politics->economic policy",
        "Economy, Business and Finance->financial and economic news",
        "Economy, Business and Finance->economy"
    ],
    "ai_allow": true,
    "has_canonical": false,
    "breaking": null,
    "webz_reporter": false,
    "external_links": [
        "https://www.independent.co.uk/news/uk/politics/liz-truss-rachel-reeves-china-trip-economy-pound-markets-b2676822.html",
        "https://independent.co.uk/news/uk/politics/liz-truss-rachel-reeves-china-trip-economy-pound-markets-b2676822.html"
    ],
    "external_images": [],
    "entities": {
        "persons": [],
        "organizations": [],
        "locations": []
    },
    "syndication": {
        "syndicated": false,
        "syndicate_id": null,
        "first_syndicated": false
    },
    "rating": null,
    "crawled": "2025-01-10T00:09:13.942+02:00",
    "updated": "2025-01-10T00:09:13.942+02:00"
}