{
    "thread": {
        "uuid": "dd933e0e09a7062524235c0d7326876c47aa854c",
        "url": "https://www.finanznachrichten.de/nachrichten-2025-01/64254856-danish-industrial-output-declines-3-6-020.htm",
        "site_full": "www.finanznachrichten.de",
        "site": "finanznachrichten.de",
        "site_section": "https://www.finanznachrichten.de/rss-news",
        "site_categories": [
            "stocks",
            "finance",
            "financial_news"
        ],
        "section_title": "FinanzNachrichten.de: News",
        "title": "Danish Industrial Output Declines 3.6%",
        "title_full": "Danish Industrial Output Declines 3.6%",
        "published": "2025-01-09T23:54:00.000+02:00",
        "replies_count": 0,
        "participants_count": 1,
        "site_type": "news",
        "country": "DE",
        "main_image": "https://finanznachrichten.de/content/g/fb.png",
        "performance_score": 0,
        "domain_rank": 9563,
        "domain_rank_updated": "2025-01-06T23:00:00.000+02:00",
        "social": {
            "facebook": {
                "likes": 0,
                "comments": 0,
                "shares": 0
            },
            "vk": {
                "shares": 0
            }
        }
    },
    "uuid": "dd933e0e09a7062524235c0d7326876c47aa854c",
    "url": "https://www.finanznachrichten.de/nachrichten-2025-01/64254856-danish-industrial-output-declines-3-6-020.htm",
    "ord_in_thread": 0,
    "parent_url": null,
    "author": "AFX News",
    "published": "2025-01-09T23:54:00.000+02:00",
    "title": "Danish Industrial Output Declines 3.6%",
    "text": "COPENHAGEN (dpa-AFX) - Denmark's industrial production declined in November after rebounding in the previous month, data from Statistics Denmark showed on Thursday.\nIndustrial production fell a seasonally adjusted 3.6 percent month-on-month in November, reversing a 5.3 percent strong growth in October.\nAmong sectors, the largest contraction was seen in the machinery industry, where output slumped by 11.0 percent. Data showed that output produced in the pharmaceutical industry, which was the most important sector in the Danish industry, showed a decrease of 2.2 percent.\nSeparate official data showed that Denmark's trade surplus decreased to DKK 39.6 billion in November from DKK 40.8 billion in November. Exports of goods and services fell 1.4 percent over the month, and imports slid by 1.0 percent.\nCopyright(c) 2025 RTTNews.com. All Rights Reserved\nCopyright RTT News/dpa-AFX © 2025 AFX News Gewinner im Megamarkt Biotechnologie ist eine der bedeutendsten Zukunftstechnologien unserer Zeit. Zahlreiche Biotechnologie- und Pharmakonzerne haben sich unter anderem dem Kampf gegen Tumorerkrankungen verschrieben. Der weltweite Markt für Krebsmedikamente verzeichnet ein stetiges Wachstum. Für das Jahr 2025 wird ein Umsatz von etwa 190,3 Milliarden Euro prognostiziert, mit einer erwarteten jährlichen Wachstumsrate von 6,42% bis 2029, was zu einem geschätzten Marktvolumen von 244,1 Milliarden Euro führen würde.\nWir haben 3 aussichtsreiche Biotechnologieaktien mit Schwerpunkt Erforschung und Entwicklung von Wirkstoffen gegen Tumorerkrankungen ausfindig gemacht, die in den kommenden Monaten und Jahren erhebliches Aufwärtspotenzial versprechen und Vervielfachungspotenzial besitzen.\nFordern Sie jetzt unseren neuen kostenlosen Spezialreport an und erfahren Sie, welche 3 Biotech-Aktien durchstarten und zu Ihrem Börsenerfolg in 2025 beitragen könnten! Hier klicken",
    "highlightText": "",
    "highlightTitle": "",
    "highlightThreadTitle": "",
    "language": "english",
    "sentiment": "negative",
    "categories": [
        "Economy, Business and Finance",
        "Social Issue",
        "Politics"
    ],
    "topics": [
        "Economy, Business and Finance->financial and economic news",
        "Economy, Business and Finance->economy",
        "Social Issue->social condition",
        "Social Issue->demographics",
        "Politics->government policy",
        "Politics->local government and authority",
        "Politics->economic policy"
    ],
    "ai_allow": true,
    "has_canonical": false,
    "breaking": null,
    "webz_reporter": false,
    "external_links": [
        "https://getpocket.com/edit?url=https://www.finanznachrichten.de/nachrichten-2025-01/64254856-danish-industrial-output-declines-3-6-020.htm",
        "https://twitter.com/intent/tweet?source=webclient&url=https://www.finanznachrichten.de/nachrichten-2025-01/64254856-danish-industrial-output-declines-3-6-020.htm%2F&text=Danish",
        "https://share.flipboard.com/bookmarklet/popout?v=2&title=Danish",
        "https://www.xing.com/app/user?op=share;url=https://www.finanznachrichten.de/nachrichten-2025-01/64254856-danish-industrial-output-declines-3-6-020.htm",
        "https://www.facebook.com/sharer.php?u=https://www.finanznachrichten.de/nachrichten-2025-01/64254856-danish-industrial-output-declines-3-6-020.htm",
        "https://www.linkedin.com/shareArticle?mini=true&url=https://www.finanznachrichten.de/nachrichten-2025-01/64254856-danish-industrial-output-declines-3-6-020.htm&title=deintitel",
        "https://www.wallstreet-online.de/reports/krebs-report/krebs-report/willkommen",
        "https://share.flipboard.com/bookmarklet/popout",
        "https://wallstreet-online.de/reports/krebs-report/krebs-report/willkommen",
        "https://www.xing.com/app/user",
        "https://linkedin.com/shareArticle?mini=true&url=https://finanznachrichten.de/nachrichten-2025-01/64254856-danish-industrial-output-declines-3-6-020.htm&title=deintitel",
        "https://twitter.com/intent/tweet?source=webclient&url=https://finanznachrichten.de/nachrichten-2025-01/64254856-danish-industrial-output-declines-3-6-020.htm%2F&text=Danish",
        "https://www.linkedin.com/shareArticle",
        "https://www.share.flipboard.com/bookmarklet/popout?v=2&title=Danish",
        "https://xing.com/app/user?op=share;url=https://finanznachrichten.de/nachrichten-2025-01/64254856-danish-industrial-output-declines-3-6-020.htm",
        "https://www.facebook.com/sharer.php",
        "https://getpocket.com/edit?url=https://finanznachrichten.de/nachrichten-2025-01/64254856-danish-industrial-output-declines-3-6-020.htm",
        "https://getpocket.com/edit",
        "https://twitter.com/intent/tweet",
        "https://facebook.com/sharer.php?u=https://finanznachrichten.de/nachrichten-2025-01/64254856-danish-industrial-output-declines-3-6-020.htm"
    ],
    "external_images": [],
    "entities": {
        "persons": [],
        "organizations": [],
        "locations": []
    },
    "syndication": {
        "syndicated": false,
        "syndicate_id": null,
        "first_syndicated": false
    },
    "rating": null,
    "crawled": "2025-01-10T00:50:15.637+02:00",
    "updated": "2025-01-10T00:50:15.637+02:00"
}