{
    "thread": {
        "uuid": "530777676e1be1c0d77f1db1a226f7796da92be0",
        "url": "https://todayheadline.co/wall-street-could-cut-200000-jobs-as-ai-takes-over-study-todayheadline",
        "site_full": "todayheadline.co",
        "site": "todayheadline.co",
        "site_section": "https://www.todayheadline.co",
        "site_categories": [
            "media"
        ],
        "section_title": "Home - Today Headline offers latest news and breaking news today for U.S., world, weather, entertainment, politics and health etc",
        "title": "Wall Street Could Cut 200,000 Jobs As AI Takes Over: Study todayheadline",
        "title_full": "Wall Street Could Cut 200,000 Jobs As AI Takes Over: Study todayheadline",
        "published": "2025-01-09T22:39:00.000+02:00",
        "replies_count": 0,
        "participants_count": 1,
        "site_type": "news",
        "country": "CO",
        "main_image": "",
        "performance_score": 0,
        "domain_rank": 162571,
        "domain_rank_updated": "2025-01-06T23:00:00.000+02:00",
        "social": {
            "facebook": {
                "likes": 0,
                "comments": 0,
                "shares": 0
            },
            "vk": {
                "shares": 0
            }
        }
    },
    "uuid": "530777676e1be1c0d77f1db1a226f7796da92be0",
    "url": "https://todayheadline.co/wall-street-could-cut-200000-jobs-as-ai-takes-over-study-todayheadline",
    "ord_in_thread": 0,
    "parent_url": null,
    "author": "Sivan2500",
    "published": "2025-01-09T22:39:00.000+02:00",
    "title": "Wall Street Could Cut 200,000 Jobs As AI Takes Over: Study todayheadline",
    "text": "Bankers take note: AI could be your next coworker.\nBloomberg Intelligence surveyed chief information and technology officers at 93 major banks, including Citigroup, JPMorgan, and Goldman Sachs, in a report released Thursday.\nThe report showed that AI could lead to as many as 200,000 job cuts in the banking industry in the next three to five years. Executives expect to cut an average of about 3% of their overall workforce as AI automates more tasks. Nearly one in four executives said that more jobs than the average could be cut, about 5% to 10% of their total workforce.\nRelated: Is AI Taking Your Job This Year? Staggering Stats Show How the Technology Is Reshaping the Workforce.\n“Any jobs involving routine, repetitive tasks are at risk,” stated Tomasz Noetzel, the Bloomberg Intelligence senior analyst who wrote the report.\nNoetzel said that back office, middle office, and operations roles were the ones with the highest chances of being cut. Bots could manage customer service inquiries, for example. However, Noetzel also says that AI will only transform these jobs, not eliminate them entirely.\nAI is already being used in the banking industry to automate work that was formerly completed by humans. In March, JPMorgan said that its AI cash flow intelligence tool helped some clients cut human work by almost 90%. The tool analyzes, sorts, and categorizes company cash flows.\nRelated: JPMorgan CEO Jamie Dimon Says AI ‘Is Real’ and Will Eliminate the 5-Day Work Week. Here’s How His Company’s Going All In.\nJPMorgan CEO Jamie Dimon has said that AI has the power to deliver a three-and-a-half-day workweek and increase human lifespans.\nIn February, “buy now, pay later” financing company Klarna said that its AI chatbot did the work of 700 full-time human agents.\nKlarna CEO Sebastian Siemiatkowski stated earlier this week that AI is currently capable of replacing all jobs, even his own, though it would need more research and development before it could fully accomplish this.\nRelated: ‘Not Necessarily Super Excited About This’: Klarna’s CEO Says AI Can Take Over All Jobs, Including His Own\nA Citigroup report released in June showed that out of any other industry, including media, software, automotive, and retail, AI posed the highest potential to automate jobs in the finance sector. More than half of the jobs in the banking industry could be automated, per the report.\nCitigroup also found that AI could add $170 billion to the banking sector by 2028.",
    "highlightText": "",
    "highlightTitle": "",
    "highlightThreadTitle": "",
    "language": "english",
    "sentiment": "negative",
    "categories": [
        "Economy, Business and Finance",
        "Social Issue"
    ],
    "topics": [
        "Economy, Business and Finance->layoffs",
        "Economy, Business and Finance->human resources",
        "Social Issue->social condition",
        "Social Issue->social networking"
    ],
    "ai_allow": true,
    "has_canonical": false,
    "breaking": null,
    "webz_reporter": false,
    "external_links": [
        "https://www.bloomberg.com/news/articles/2025-01-09/wall-street-expected-to-shed-200-000-jobs-as-ai-erodes-roles",
        "https://www.bloomberg.com/news/articles/2024-06-19/citi-sees-ai-displacing-more-finance-jobs-than-any-other-sector",
        "https://bloomberg.com/news/articles/2024-06-19/citi-sees-ai-displacing-more-finance-jobs-than-any-other-sector",
        "https://bloomberg.com/news/articles/2025-01-09/wall-street-expected-to-shed-200-000-jobs-as-ai-erodes-roles"
    ],
    "external_images": [],
    "entities": {
        "persons": [],
        "organizations": [],
        "locations": []
    },
    "syndication": {
        "syndicated": false,
        "syndicate_id": "530777676e1be1c0d77f1db1a226f7796da92be0",
        "first_syndicated": true
    },
    "rating": null,
    "crawled": "2025-01-10T00:34:18.783+02:00",
    "updated": "2025-01-10T00:34:18.783+02:00"
}