{
    "thread": {
        "uuid": "98b6e47de73fd104936260466e4504749bf10d77",
        "url": "https://www.taosnews.com/opinion/my-turn/taos-ski-valley-gaslighting-taos-so-not-true/article_051cc1d3-1551-529c-8ab8-6069bd4f47f5.html",
        "site_full": "www.taosnews.com",
        "site": "taosnews.com",
        "site_section": "http://www.taosnews.com/search/?f=rss&t=article&c=opinion&l=50&s=start_time&sd=desc",
        "site_categories": [
            "media"
        ],
        "section_title": "www.taosnews.com - RSS Results in opinion of type article",
        "title": "Taos Ski Valley 'gaslighting' Taos - so not true",
        "title_full": "Taos Ski Valley 'gaslighting' Taos - so not true",
        "published": "2025-01-09T03:31:00.000+02:00",
        "replies_count": 0,
        "participants_count": 1,
        "site_type": "news",
        "country": "US",
        "main_image": "",
        "performance_score": 0,
        "domain_rank": 54842,
        "domain_rank_updated": "2025-01-06T23:00:00.000+02:00",
        "social": {
            "facebook": {
                "likes": 0,
                "comments": 0,
                "shares": 0
            },
            "vk": {
                "shares": 0
            }
        }
    },
    "uuid": "98b6e47de73fd104936260466e4504749bf10d77",
    "url": "https://www.taosnews.com/opinion/my-turn/taos-ski-valley-gaslighting-taos-so-not-true/article_051cc1d3-1551-529c-8ab8-6069bd4f47f5.html",
    "ord_in_thread": 0,
    "parent_url": null,
    "author": "Rick Richards",
    "published": "2025-01-09T03:31:00.000+02:00",
    "title": "Taos Ski Valley 'gaslighting' Taos - so not true",
    "text": "It is a misconception that Taos Ski Valley Inc. only wants a gondola to make money on Kachina land development, and that the only one who will benefit is Louis Bacon.\nNobody is being “gaslit” here. Gaslighting infers a psychological ploy, manipulating someone into questioning their own perception of reality. Using the word gaslighting to describe what Louis Bacon is doing at TSVI shows an ignorance of the economic history of TSVI and Taos, past and present. In fact, their transparency has been commendable.",
    "highlightText": "",
    "highlightTitle": "",
    "highlightThreadTitle": "",
    "language": "english",
    "sentiment": "negative",
    "categories": [
        "Social Issue",
        "Economy, Business and Finance",
        "Human Interest"
    ],
    "topics": [
        "Social Issue->discrimination",
        "Social Issue->social problem",
        "Economy, Business and Finance->business governance",
        "Economy, Business and Finance->consumer goods"
    ],
    "ai_allow": false,
    "has_canonical": false,
    "breaking": null,
    "webz_reporter": false,
    "external_links": [],
    "external_images": [],
    "entities": {
        "persons": [
            {
                "name": "Louis Bacon",
                "sentiment": "none"
            }
        ],
        "organizations": [
            {
                "name": "Taos Ski Valley Inc.",
                "sentiment": "negative"
            }
        ],
        "locations": []
    },
    "syndication": {
        "syndicated": false,
        "syndicate_id": null,
        "first_syndicated": false
    },
    "rating": null,
    "crawled": "2025-01-10T00:27:10.240+02:00",
    "updated": "2025-01-10T00:27:10.240+02:00"
}