{
    "thread": {
        "uuid": "b159bd9889cc3fcb95135cadd6cdb039fb787bc7",
        "url": "https://spectrumnews1.com/ma/worcester/news/2025/01/09/price-chopper-location-in-worcester-to-permanently-close",
        "site_full": "spectrumnews1.com",
        "site": "spectrumnews1.com",
        "site_section": "https://www.golf.einnews.com/live_feed",
        "site_categories": [
            "under_construction"
        ],
        "section_title": "Live Feed Wire - Golf News Today - EIN Presswire",
        "title": "Price Chopper location in Worcester to permanently close",
        "title_full": "Price Chopper location in Worcester to permanently close",
        "published": "2025-01-09T22:29:00.000+02:00",
        "replies_count": 0,
        "participants_count": 1,
        "site_type": "news",
        "country": "US",
        "main_image": "https://s7d2.scene7.com/is/image/TWCNews/PRICE_CHOPPER_MA_0109",
        "performance_score": 0,
        "domain_rank": 5622,
        "domain_rank_updated": "2025-01-06T23:00:00.000+02:00",
        "social": {
            "facebook": {
                "likes": 0,
                "comments": 0,
                "shares": 0
            },
            "vk": {
                "shares": 0
            }
        }
    },
    "uuid": "b159bd9889cc3fcb95135cadd6cdb039fb787bc7",
    "url": "https://spectrumnews1.com/ma/worcester/news/2025/01/09/price-chopper-location-in-worcester-to-permanently-close",
    "ord_in_thread": 0,
    "parent_url": null,
    "author": "Devin Bates",
    "published": "2025-01-09T22:29:00.000+02:00",
    "title": "Price Chopper location in Worcester to permanently close",
    "text": "WORCESTER, Mass. - A Price Chopper supermarket located at 50 Cambridge Street in Worcester will permanently close at the end of the month.\nWhat You Need To Know The Price Chopper at 50 Cambridge Street in Worcester will permanently close on Jan. 31\nThe closure has some concerned about fewer options to access healthy food in the area\nThe in-store pharmacy will close a day earlier on Jan. 30\nThe company's president said the decision was made to ensure its long-term health In a statement, Market 32/Price Chopper president Blaine Bringhurst said the closing was determined necessary to align resources with the needs of the broader market.\n\"Closing a store is never easy,\" Bringhurst said. \"This decision was made to ensure the company's long-term health so we can continue to evolve and provide an exceptional experience to our customers and the communities we serve.\"\nThe in-store pharmacy will close on Jan. 30, and the company is working with a nearby pharmacy to ensure a secure transfer of prescription records. The entire supermarket will close on Jan. 31.\nGrace Sliwoski, director of programs for the Regional Environmental Council, said the closure raises concerns about access to healthy and nutritious food in the surrounding neighborhood.\n\"It's the second major grocery store in Worcester to close within the span of three months,\" Sliwoski said. \"Food insecurity rates in Worcester have continued to increase post-pandemic, and it's a problem that is more profoundly felt in certain neighborhoods of Worcester.\"\nThe Regional Environmental Council works to help provide healthy, locally-grown food options to Worcester residents, often bringing its Mobile Farmers Market van directly to large apartment buildings and neighborhoods throughout the city.\nSliwoski said that, in some neighborhoods, food insecurity rates can be as high as 38%. One of the major barriers people face in addition to high food costs is transportation.\n\"We know that folks face a variety of different barriers in being able to meet their food needs,\" Sliwoski said. \"But two of the biggest challenges that people face are price and proximity. Not being able to afford healthy food for their families, or not being able to easily get to a retail access point where they can purchase that food.\"\nBut as some grocery stores struggle to remain open, Sliwoski said the REC has also been trying to do their best amid cuts to the Healthy Incentive Program, which works through SNAP to give additional benefits for those who buy healthy foods.\n\"Unfortunately, that program funding was cut in December, so families who are able to receive up to $80 a month are currently only receiving $20,\" Sliwoski said. \"This is a compounding challenge for Massachusetts families all across the state, but we're certainly seeing it here in Worcester at our farmers markets at a time when food insecurity rates are very high.\"\nCity Councilor Etel Haxhiaj, who represents many who live in the area and often shop at the Price Chopper, released the following statement:\n“I found out about the closing yesterday, after the late city council meeting. I was not notified in advance, and I don't believe anyone else was either. I haven't been able to connect with the city manager yet, but I do plan to advocate with the company to reconsider the closure, as it affects many residents in Districts 5 and 4. As you know, efforts to prevent Shaw's from closing were unsuccessful. Unfortunately, I don't believe we have much leverage over corporate chain companies when it comes to advocating for our resident’s needs.”",
    "highlightText": "",
    "highlightTitle": "",
    "highlightThreadTitle": "",
    "language": "english",
    "sentiment": "negative",
    "categories": [
        "Economy, Business and Finance"
    ],
    "topics": [
        "Economy, Business and Finance->business restructuring",
        "Economy, Business and Finance->consumer goods",
        "Economy, Business and Finance->market and exchange"
    ],
    "ai_allow": true,
    "has_canonical": false,
    "breaking": null,
    "webz_reporter": false,
    "external_links": [],
    "external_images": [],
    "entities": {
        "persons": [
            {
                "name": "Blaine Bringhurst",
                "sentiment": "none"
            },
            {
                "name": "Grace Sliwoski",
                "sentiment": "none"
            }
        ],
        "organizations": [],
        "locations": [
            {
                "name": "Street",
                "sentiment": "none"
            }
        ]
    },
    "syndication": {
        "syndicated": false,
        "syndicate_id": "b159bd9889cc3fcb95135cadd6cdb039fb787bc7",
        "first_syndicated": true
    },
    "rating": null,
    "crawled": "2025-01-10T01:03:41.312+02:00",
    "updated": "2025-01-10T01:51:32.644+02:00"
}