{
    "thread": {
        "uuid": "a1f65338770ccab124078b9838f38edfe624281d",
        "url": "https://euromaidanpress.com/2024/11/30/russia-to-choose-between-guns-and-butter-in-2025-bloomberg-predicts",
        "site_full": "euromaidanpress.com",
        "site": "euromaidanpress.com",
        "site_section": "https://www.golf.einnews.com/live_feed",
        "site_categories": [
            "media"
        ],
        "section_title": "Live Feed Wire - Golf News Today - EIN Presswire",
        "title": "Russia to choose between guns and butter in 2025, Bloomberg predicts - Euromaidan Press",
        "title_full": "Russia to choose between guns and butter in 2025, Bloomberg predicts - Euromaidan Press",
        "published": "2024-11-30T22:45:00.000+02:00",
        "replies_count": 0,
        "participants_count": 1,
        "site_type": "news",
        "country": "US",
        "main_image": "https://euromaidanpress.com/wp-content/uploads/2024/11/Depositphotos_119973634_S.jpg",
        "performance_score": 0,
        "domain_rank": 18038,
        "domain_rank_updated": "2024-11-25T23:00:00.000+02:00",
        "social": {
            "facebook": {
                "likes": 0,
                "comments": 0,
                "shares": 0
            },
            "vk": {
                "shares": 0
            }
        }
    },
    "uuid": "a1f65338770ccab124078b9838f38edfe624281d",
    "url": "https://euromaidanpress.com/2024/11/30/russia-to-choose-between-guns-and-butter-in-2025-bloomberg-predicts",
    "ord_in_thread": 0,
    "parent_url": null,
    "author": "Yevheniia Martyniuk",
    "published": "2024-11-30T22:45:00.000+02:00",
    "title": "Russia to choose between guns and butter in 2025, Bloomberg predicts - Euromaidan Press",
    "text": "Despite initial resilience to Western sanctions and its isolation from global financial markets, Russia’s economy faces mounting pressures that may force Vladimir Putin to choose between military spending and domestic consumption.\nWhile Russia initially weathered sanctions through energy exports to China and India and protected its middle class by supporting the ruble, these buffers are eroding rapidly, according to Alex Isakov, a Bloomberg economist. The National Wealth Fund (NWF), crucial to Russia’s economic stability, has plummeted from $140 billion to just $55 billion, with liquid assets excluding gold at a mere $31 billion—matching 2008 levels.\nThis depletion has immediate consequences. The ruble has fallen to its weakest level since early 2022, and the central bank’s benchmark rate stands at 21%, constraining both consumer spending and business investment. Bloomberg projects that Russian growth will slow dramatically from 3.1% in 2024 to just 1% in 2025, with the IMF forecasting a similar decline to 1.3%.\nThe impact on Russian consumers is already visible. Butter prices have surged 25.7% since December 2023, far outpacing the 8.6% inflation rate, leading to increased supermarket theft. With diminished fiscal buffers, Russia can no longer effectively shield consumers from economic pressure while maintaining military spending.\nThe analyst suggests Putin’s regime will likely pivot toward a full war economy, redirecting resources from consumer sectors like services and residential construction to military-related industries. This shift mirrors the Soviet Union’s economic challenges of the 1980s when energy price fluctuations exposed budget vulnerabilities.\nPublic sentiment appears to reflect these stresses, with Russia’s official policy approval index reaching its lowest point since the invasion of Ukraine. As Isakov notes, 2025 is poised to become a “year of consumer retrenchment” as Putin’s ability to fund warfare and domestic consumption simultaneously reaches its limits.\nRead more:\nYou could close this page. Or you could join our community and help us produce more materials like this. We keep our reporting open and accessible to everyone because we believe in the power of free information. This is why our small, cost-effective team depends on the support of readers like you to bring deliver timely news, quality analysis, and on-the-ground reports about Russia's war against Ukraine and Ukraine's struggle to build a democratic society. A little bit goes a long way: for as little as the cost of one cup of coffee a month, you can help build bridges between Ukraine and the rest of the world, plus become a co-creator and vote for topics we should cover next. Become a patron or see other ways to support . Become a Patron!",
    "highlightText": "",
    "highlightTitle": "",
    "highlightThreadTitle": "",
    "language": "english",
    "sentiment": "negative",
    "categories": [
        "Economy, Business and Finance"
    ],
    "topics": null,
    "ai_allow": true,
    "canonical": false,
    "webz_reporter": false,
    "external_links": [
        "https://bsky.app/intent/compose?text=https://euromaidanpress.com/2024/11/30/russia-to-choose-between-guns-and-butter-in-2025-bloomberg-predicts/",
        "https://www.canva.com/design/DAGRApifHxI/urVY2_O_xuMMe3Q4KFXP9Q/view?embed",
        "https://fundingchoicesmessages.google.com/s/whitelist?hl=en-US",
        "https://twitter.com/share?&text=https://euromaidanpress.com/2024/11/30/russia-to-choose-between-guns-and-butter-in-2025-bloomberg-predicts/",
        "https://mastodon.social/share?text=https://euromaidanpress.com/2024/11/30/russia-to-choose-between-guns-and-butter-in-2025-bloomberg-predicts/",
        "https://www.facebook.com/sharer.php?u=https://euromaidanpress.com/2024/11/30/russia-to-choose-between-guns-and-butter-in-2025-bloomberg-predicts/",
        "https://www.patreon.com/euromaidanpress",
        "https://www.bloomberg.com/news/newsletters/2024-11-30/russia-may-have-to-choose-between-guns-and-butter-in-2025",
        "https://wordpress.org/plugins/mailchimp-for-wp/",
        "http://www.reddit.com/submit?url=https://euromaidanpress.com/2024/11/30/russia-to-choose-between-guns-and-butter-in-2025-bloomberg-predicts/",
        "https://www.patreon.com/bePatron?u=36526209",
        "https://www.facebook.com/sharer.php?u=https://euromaidanpress.com/2024/11/30/russia-to-choose-between-guns-and-butter-in-2025-bloomberg-predicts",
        "http://www.reddit.com/submit",
        "https://facebook.com/sharer.php?u=https://euromaidanpress.com/2024/11/30/russia-to-choose-between-guns-and-butter-in-2025-bloomberg-predicts/",
        "https://www.patreon.com/bePatron",
        "https://patreon.com/euromaidanpress",
        "https://twitter.com/share",
        "https://mastodon.social/share?text=https://euromaidanpress.com/2024/11/30/russia-to-choose-between-guns-and-butter-in-2025-bloomberg-predicts",
        "https://bloomberg.com/news/newsletters/2024-11-30/russia-may-have-to-choose-between-guns-and-butter-in-2025",
        "https://www.canva.com/design/DAGRApifHxI/urVY2_O_xuMMe3Q4KFXP9Q/view",
        "https://fundingchoicesmessages.google.com/s/whitelist",
        "https://www.facebook.com/sharer.php",
        "https://bsky.app/intent/compose?text=https://euromaidanpress.com/2024/11/30/russia-to-choose-between-guns-and-butter-in-2025-bloomberg-predicts",
        "https://bsky.app/intent/compose",
        "https://www.twitter.com/share?&text=https://www.euromaidanpress.com/2024/11/30/russia-to-choose-between-guns-and-butter-in-2025-bloomberg-predicts/",
        "http://reddit.com/submit?url=https://euromaidanpress.com/2024/11/30/russia-to-choose-between-guns-and-butter-in-2025-bloomberg-predicts/",
        "https://www.wordpress.org/plugins/mailchimp-for-wp/",
        "https://mastodon.social/share",
        "https://patreon.com/bePatron?u=36526209",
        "https://www.mastodon.social/share?text=https://www.euromaidanpress.com/2024/11/30/russia-to-choose-between-guns-and-butter-in-2025-bloomberg-predicts/",
        "https://www.fundingchoicesmessages.google.com/s/whitelist?hl=en-US",
        "https://twitter.com/share?&text=https://euromaidanpress.com/2024/11/30/russia-to-choose-between-guns-and-butter-in-2025-bloomberg-predicts",
        "https://wordpress.org/plugins/mailchimp-for-wp",
        "https://canva.com/design/DAGRApifHxI/urVY2_O_xuMMe3Q4KFXP9Q/view?embed",
        "https://www.bsky.app/intent/compose?text=https://www.euromaidanpress.com/2024/11/30/russia-to-choose-between-guns-and-butter-in-2025-bloomberg-predicts/",
        "http://www.reddit.com/submit?url=https://euromaidanpress.com/2024/11/30/russia-to-choose-between-guns-and-butter-in-2025-bloomberg-predicts"
    ],
    "external_images": [],
    "entities": {
        "persons": [
            {
                "name": "Vladimir Putin",
                "sentiment": "none"
            },
            {
                "name": "Alex Isakov",
                "sentiment": "none"
            }
        ],
        "organizations": [
            {
                "name": "Bloomberg",
                "sentiment": "negative"
            },
            {
                "name": "IMF",
                "sentiment": "none"
            }
        ],
        "locations": []
    },
    "syndication": {
        "syndicated": false,
        "syndicate_id": null,
        "first_syndicated": false
    },
    "rating": null,
    "crawled": "2024-12-01T00:48:59.170+02:00",
    "updated": "2024-12-01T07:14:11.294+02:00"
}