{
    "thread": {
        "uuid": "cab54ced4682c01cc4c3b61feb2d4df5decf2cdb",
        "url": "https://www.amarujala.com/world/donald-trump-threatens-brics-countries-of-100-percent-tariff-if-adopt-any-other-currency-in-place-of-us-dollar-2024-12-01",
        "site_full": "www.amarujala.com",
        "site": "amarujala.com",
        "site_section": "http://www.amarujala.com/world",
        "site_categories": [
            "social",
            "top_news_in",
            "top_news_sg",
            "top_news"
        ],
        "section_title": "World News: Latest World Hindi Samachar, विश्व समाचार - Amar Ujala",
        "title": "US: ट्रंप की ब्रिक्स देशों को चेतावनी, कहा- अमेरिकी डॉलर की जगह कोई और मुद्रा अपनाई तो लगेगा 100% टैरिफ",
        "title_full": "US: ट्रंप की ब्रिक्स देशों को चेतावनी, कहा- अमेरिकी डॉलर की जगह कोई और मुद्रा अपनाई तो लगेगा 100% टैरिफ",
        "published": "2024-12-01T04:12:00.000+02:00",
        "replies_count": 0,
        "participants_count": 1,
        "site_type": "news",
        "country": "IN",
        "main_image": "https://staticimg.amarujala.com/assets/images/2024/10/16/donald-trump_62b90473b65fa88bdb80e3b54ee8eb2d.jpeg?w=750&dpr=1.0",
        "performance_score": 0,
        "domain_rank": 21170,
        "domain_rank_updated": "2024-11-25T23:00:00.000+02:00",
        "social": {
            "facebook": {
                "likes": 0,
                "comments": 0,
                "shares": 0
            },
            "vk": {
                "shares": 0
            }
        }
    },
    "uuid": "cab54ced4682c01cc4c3b61feb2d4df5decf2cdb",
    "url": "https://www.amarujala.com/world/donald-trump-threatens-brics-countries-of-100-percent-tariff-if-adopt-any-other-currency-in-place-of-us-dollar-2024-12-01",
    "ord_in_thread": 0,
    "parent_url": null,
    "author": "@AmarUjalaNews",
    "published": "2024-12-01T04:12:00.000+02:00",
    "title": "US: ट्रंप की ब्रिक्स देशों को चेतावनी, कहा- अमेरिकी डॉलर की जगह कोई और मुद्रा अपनाई तो लगेगा 100% टैरिफ",
    "text": "डोनाल्ड ट्रंप अमेरिका के राष्ट्रपति के रूप में निर्वाचित हो चुके हैं। वह अगले साल 20 जनवरी को पदभार संभालेंगे। इस बीच, ट्रंप ने शनिवार को ब्रिक्स देशों को चेतावनी दी है। उन्होंने ब्रिक्स देशों से कहा कि अगर उन्होंने अमेरिकी डॉलर के बजाय कोई और मुद्रा अपनाई तो उन पर 100% टैरिफ लगाया जाएगा। चेतावनी के साथ ही ट्रंप ने नौ सदस्यीय समूह से प्रतिबद्धता मांगी है, जिसमें भारत, रूस, चीन और ब्राजील शामिल हैं।\nरहें हर खबर से अपडेट, डाउनलोड करें Android [Hindi News App](https://play.google.com/store/apps/details?id=com.org.AmarUjala.news), iOS [Hindi News App](https://itunes.apple.com/in/app/amar-ujala-hindi-news/id1028364855) और [Amarujala Hindi News APP](https://www.amarujala.com/amar-ujala-app-download?utm_source=storypromo&utm_campaign=Storyappdownload) अपने मोबाइल पे|\nGet latest [World News](https://www.amarujala.com/world) headlines in Hindi related political news, sports news, Business news all breaking news and live updates. Stay updated with us for all latest [Hindi news](https://www.amarujala.com).\nNext Article\nPlease wait...\nPlease wait...\nFollowed",
    "highlightText": "",
    "highlightTitle": "",
    "highlightThreadTitle": "",
    "language": "english",
    "sentiment": "negative",
    "categories": [
        "Politics",
        "Economy, Business and Finance",
        "Social Issue"
    ],
    "topics": null,
    "ai_allow": true,
    "canonical": false,
    "webz_reporter": false,
    "external_links": [
        "https://play.google.com/store/apps/details?id=com.org.AmarUjala.news",
        "https://itunes.apple.com/in/app/amar-ujala-hindi-news/id1028364855",
        "https://www.play.google.com/store/apps/details?id=com.org.AmarUjala.news",
        "https://www.itunes.apple.com/in/app/amar-ujala-hindi-news/id1028364855",
        "https://play.google.com/store/apps/details"
    ],
    "external_images": [],
    "entities": {
        "persons": [],
        "organizations": [],
        "locations": []
    },
    "syndication": {
        "syndicated": false,
        "syndicate_id": null,
        "first_syndicated": false
    },
    "rating": null,
    "crawled": "2024-12-01T04:16:02.947+02:00",
    "updated": "2024-12-01T04:16:02.947+02:00"
}