{
    "thread": {
        "uuid": "c7ef54d7172b7ea292b1dbdf9fb4d78d91873d1a",
        "url": "https://www.fijivillage.com/news/Harry-Potter-star-Rupert-Grint-ordered-to-pay-USD39-million-tax-bill-by-UKs-HMRC-fr5x48",
        "site_full": "www.fijivillage.com",
        "site": "fijivillage.com",
        "site_section": "https://fijivillage.com",
        "site_categories": [
            "media"
        ],
        "section_title": "Fijivillage",
        "title": "Harry Potter star Rupert Grint ordered to pay USD$3.9 million tax bill by UK’s HMRC",
        "title_full": "Harry Potter star Rupert Grint ordered to pay USD$3.9 million tax bill by UK’s HMRC",
        "published": "2024-12-01T02:12:00.000+02:00",
        "replies_count": 0,
        "participants_count": 1,
        "site_type": "news",
        "country": "AU",
        "main_image": "https://www.fijivillage.com/news_images/1949487510674ba6c1968f40ce88f3.jpg",
        "performance_score": 0,
        "domain_rank": 89665,
        "domain_rank_updated": "2024-11-25T23:00:00.000+02:00",
        "social": {
            "facebook": {
                "likes": 0,
                "comments": 0,
                "shares": 0
            },
            "vk": {
                "shares": 0
            }
        }
    },
    "uuid": "c7ef54d7172b7ea292b1dbdf9fb4d78d91873d1a",
    "url": "https://www.fijivillage.com/news/Harry-Potter-star-Rupert-Grint-ordered-to-pay-USD39-million-tax-bill-by-UKs-HMRC-fr5x48",
    "ord_in_thread": 0,
    "parent_url": null,
    "author": "fijivillage",
    "published": "2024-12-01T02:12:00.000+02:00",
    "title": "Harry Potter star Rupert Grint ordered to pay USD$3.9 million tax bill by UK’s HMRC",
    "text": "NEWS SPORTS IN DEPTH LIVE RADIO FM96 Legend FM Navtarang VITI FM RADIO Sargam EVENTS 🏉Dubai 7s 2024 ⚽IDC 2024 🏉Rugby League Pacific Championships 2024 🏀 Fiji Secondary Schools Basketball Championships 🎥 fijivillage RE:LiVE Cokes 2024 🏃 Coca Cola Games 2024 🏉NRL 2024 🏉Super Rugby Women 2024 🏉Super Rugby Pacific 2024 🥇Pacific Games 2023 🏉Oceania 7s 2023 ⚽IDC Futsal ⚽IDC 🏆 RWC 2023 🏉2023 Skipper Cup 🎥Straight-Talk-With-Vijay-Narayan 🎥 fijivillage Re:Live 2023 🏃Coca Cola Games 2023 🏉 NRL 2023 🏉Super Rugby Pacific 2023 🎥 Fijivillage-Videos Rugby World Cup Sevens 🏆🏉 📦Fiji Votes 2022 🗳️ Candidates List 2022 Coca-Cola Games 2021 SEARCH 1 December, 2024, 3:40 pm Central - 26°C Rain Any month January February March April May June July August September October November December Any year 2024 2023 2022 2021 2020 2019 2018 2017 2016 2015 2014 2013 2012 2011 2010 2009 2008 2007 NEWS SPORTS LIVE RADIO FM 96 Legend FM Navtarang Viti FM Radio Sargam MORE IN DEPTH EVENTS 🏉Dubai 7s 2024 ⚽IDC 2024 🏉Rugby League Pacific Championships 2024 🏀 Fiji Secondary Schools Basketball Championships 🎥 fijivillage RE:LiVE Cokes 2024 🏃 Coca Cola Games 2024 🏉NRL 2024 🏉Super Rugby Women 2024 🏉Super Rugby Pacific 2024 🥇Pacific Games 2023 🏉Oceania 7s 2023 ⚽IDC Futsal ⚽IDC 🏆 RWC 2023 🏉2023 Skipper Cup 🎥Straight-Talk-With-Vijay-Narayan 🎥 fijivillage Re:Live 2023 🏃Coca Cola Games 2023 🏉 NRL 2023 🏉Super Rugby Pacific 2023 🎥 Fijivillage-Videos Rugby World Cup Sevens 🏆🏉 📦Fiji Votes 2022 🗳️ Candidates List 2022 Coca-Cola Games 2021 Any month January February March April May June July August September October November December Any year 2024 2023 2022 2021 2020 2019 2018 2017 2016 2015 2014 2013 2012 2011 2010 2009 2008 2007 1 December, 2024, 3:40 pm Central - 26°C Rain Entertainment Harry Potter star Rupert Grint ordered to pay USD$3.9 million tax bill by UK’s HMRC Harry Potter star Rupert Grint ordered to pay USD$3.9 million tax bill by UK’s HMRC By Alipate Narawa Sunday 01/12/2024 Source : The Mirror Rupert Grint has been ordered to pay another USD$3.9m in tax.\nThe Harry Potter actor, 36, is said to be worth NZD$87.3m after his appearances in the wizard-themed movie franchise, but it has now emerged there has been another bank balance-busting development in his long-running legal battle with HMRC over his tax return from the 2011-12 financial year.\nBest known for portraying Ron Weasley in the film adaptations of J K Rowling’s Harry Potter books, the actor previously lost his fight with the taxman in 2019 and was ordered to pay the huge sum following a probe into his return from 13 years ago.\nIt came after the star was given NZD$9.8m from a company which managed his business affairs as “consideration for rights, records and goodwill” from his work.\nGrint said it was a “capital asset” and should be the subject of capital gains taxation.\nBut HMRC said the cash should have been registered as income and their investigation concluded the actor needed to pay another USD$3,931,425 in tax.\nSource: NZ Herald\nFEATURE NEWS 14-year-old girl walking on the street in school uniform and high on meth A police officer has been reminding some youths in the community about a 14-year-old girl who was found walking along the road in school uniform with ... 5 hours ago LATEST NEWS Valavia Tasala of Seaqaqa Central College dedicates Dux Award to her late mother It was a proud and emotional moment for Valavia Tasala of Seaqaqa Central College as she dedicated her Dux Award to her late mother, who passed away ... 35 minutes ago Harry Potter star Rupert Grint ordered to pay USD$3.9 million tax bill by UK’s HMRC Rupert Grint has been ordered to pay another USD$3.9m in tax. The Harry Potter actor, 36, is said to be worth NZD$87.3m after his appearances in ... 3 hours ago Khalsa Road works to begin later this month or in early January After residents and drivers raised concerns about the potholes along Khalsa Road in Tacirua opening up every few weeks, the Fiji Roads Authority ... 5 hours ago Artwork of the late Tae Kami sold for $10,500 during WOWS Kids Fiji Gala Night The artwork of Tae Kami, a 15-year-old girl who died of cancer in 2008 and the daughter of WOWS Kids Fiji Foundation Sina Kami was sold for $10,500 ... 5 hours ago 70 students at the NCPD will benefit from the new training center and sensory room 70 students will now benefit from the new storage facility, refurbished sensory room,during the launch of the centralised data hub and the training ... 22 hours ago More News fijivillage Straight Talk with Vijay Narayan Latest Videos Stay tuned for the latest news on our radio stations\nLoading… IN DEPTH Bullying and Assault issues at QVS Minister for Education, Aseri Radrodro says the extent of the bullying as highlighted by the Principal however will need to be verified by the ... 2 days ago Doctor Alipate Vakamocea on fijivillage Straight Talk with Vijay Narayan Fiji Medical Association President, Doctor Alipate Vakamocea will appear on fijivillage Straight Talk with Vijay Narayan The show will focus on ... 16 days ago",
    "highlightText": "",
    "highlightTitle": "",
    "highlightThreadTitle": "",
    "language": "english",
    "sentiment": "negative",
    "categories": [
        "Economy, Business and Finance"
    ],
    "topics": null,
    "ai_allow": true,
    "canonical": false,
    "webz_reporter": false,
    "external_links": [],
    "external_images": [],
    "entities": {
        "persons": [],
        "organizations": [],
        "locations": []
    },
    "syndication": {
        "syndicated": false,
        "syndicate_id": null,
        "first_syndicated": false
    },
    "rating": null,
    "crawled": "2024-12-01T02:15:12.651+02:00",
    "updated": "2024-12-01T05:40:42.384+02:00"
}