{
    "thread": {
        "uuid": "b55e6f687ba6455f2e1f1338f9f9a5a8bcda13a8",
        "url": "https://www.theedgesingapore.com/news/cryptocurrency/bitcoins-rally-stalls-after-nearing-historic-us100000-level",
        "site_full": "www.theedgesingapore.com",
        "site": "theedgesingapore.com",
        "site_section": "https://www.theedgesingapore.com/latest-news-echobox.rss",
        "site_categories": [
            "media",
            "financial_news",
            "finance",
            "top_news_sg",
            "top_news"
        ],
        "section_title": "The Edge Singapore Latest News",
        "title": "Bitcoin’s rally stalls after nearing historic US$100,000 level",
        "title_full": "Bitcoin’s rally stalls after nearing historic US$100,000 level",
        "published": "2024-11-25T01:26:00.000+02:00",
        "replies_count": 0,
        "participants_count": 1,
        "site_type": "news",
        "country": "SG",
        "main_image": "https://edgemarkets-transferred.s3-ap-southeast-1.amazonaws.com/CRYPTO%20BITCOIN%202%20UNSPLASH%20BRIAN%20WANGENHEIM_4.jpg?HqR6siz3rKMpC2K3xTBoTfnSexXbGGe1",
        "performance_score": 0,
        "domain_rank": 70802,
        "domain_rank_updated": "2024-11-18T23:00:00.000+02:00",
        "social": {
            "facebook": {
                "likes": 0,
                "comments": 0,
                "shares": 0
            },
            "vk": {
                "shares": 0
            }
        }
    },
    "uuid": "b55e6f687ba6455f2e1f1338f9f9a5a8bcda13a8",
    "url": "https://www.theedgesingapore.com/news/cryptocurrency/bitcoins-rally-stalls-after-nearing-historic-us100000-level",
    "ord_in_thread": 0,
    "parent_url": null,
    "author": "Bloomberg",
    "published": "2024-11-25T01:26:00.000+02:00",
    "title": "Bitcoin’s rally stalls after nearing historic US$100,000 level",
    "text": "Bitcoin retreated after a rally toward US$100,000 ($134.25) sputtered just shy of the historic level amid warnings that investor optimism stemming from President-elect Donald Trump’s support for crypto was getting overdone.\nThe digital asset fell as low as US$95,776 on Sunday after coming within US$300 of the six-figure milestone on Friday. It struggled for traction near US$97,000 early in Asia on Monday, setting a downbeat tone for the wider crypto market.\n“Investors are worried it will have to take a breather now that it has basically tested the US$100,000 level,” said Matt Maley, chief market strategist at Miller Tabak + Co. “I’d note that bullishness surrounding Bitcoin is getting extreme.”\nTrump’s incoming US administration is viewed as a crypto tailwind across Wall Street and beyond. The overall value of the digital-asset market has surged about US$1 trillion since the Republican’s victory on Nov 5.\nTrump’s agenda\nLearn More\nSee also: Bitcoin briefly slumps nearly 7% as traders hedge for pullback\nTrump has promised friendlier regulations and pledged to set up a national Bitcoin stockpile, though the timeline for implementation and the feasibility of the Bitcoin reserve remain open questions.\n“I’m seeing an increasing skew to the sell side as we near the US$100,000 mark,” said David Lawant, head of research at crypto prime broker FalconX. “This suggests we may experience consolidation around this level in the near term before a sustained breakthrough above it.”\nTraders had seized on the US crypto outlook to push Bitcoin to the verge of US$100,000, a symbolic level that for crypto supporters repudiates sceptics who see little intrinsic value in digital assets.\nSee also: Bitcoin hits US$100,000 for first time on optimism over US support\nCantor talks\nThe latest developments included a Bloomberg News report that Cantor Fitzgerald is in talks with Tether Holdings about receiving support from the stablecoin issuer for Cantor’s planned multi-billion-dollar program to lend dollars to clients who put up Bitcoin as collateral.\nCantor’s CEO Howard Lutnick is co-chair of Trump’s transition team and the president-elect’s pick to run the Commerce Department.\nThe president-elect’s transition team has also held discussions over whether to create the first-ever White House post dedicated to digital-asset policy.\nCash has poured into US exchange-traded funds investing directly in Bitcoin since Trump’s win, and the products have now amassed US$107 billion in assets since launching in January. The group of 12 Bitcoin ETFs, from issuers including BlackRock and Fidelity Investments, is among the most successful fund category launches in history.\n“Bitcoin was extremely overbought since the election, it was bound to stall out,” said Stephane Ouellette, CEO at crypto investment firm FRNT Financial. “That said, this is barely a pullback, we’re just back at levels from mid-last week.”\nChart: Bloomberg",
    "highlightText": "",
    "highlightTitle": "",
    "highlightThreadTitle": "",
    "language": "english",
    "sentiment": "negative",
    "categories": [
        "Economy, Business and Finance",
        "Social Issue",
        "Human Interest"
    ],
    "ai_allow": true,
    "canonical": false,
    "webz_reporter": false,
    "external_links": [],
    "external_images": [],
    "entities": {
        "persons": [
            {
                "name": "Donald Trump",
                "sentiment": "none"
            },
            {
                "name": "Matt Maley",
                "sentiment": "none"
            }
        ],
        "organizations": [
            {
                "name": "Miller Tabak   Co.",
                "sentiment": "none"
            }
        ],
        "locations": []
    },
    "syndication": {
        "syndicated": false,
        "syndicate_id": null,
        "first_syndicated": false
    },
    "rating": null,
    "crawled": "2024-11-25T01:33:07.632+02:00",
    "updated": "2024-12-10T13:27:42.179+02:00"
}