{
    "thread": {
        "uuid": "2ecff6f9c72779c2f9d754004c4cfab583446cab",
        "url": "https://ratedrnb.com/2024/11/mac-ayres-new-album-cloudy",
        "site_full": "ratedrnb.com",
        "site": "ratedrnb.com",
        "site_section": "https://www.ratedrnb.com",
        "site_categories": [
            "music",
            "",
            "entertainment"
        ],
        "section_title": "Rated R&amp;B | Music, News, Videos and Playlists",
        "title": "Mac Ayres Shares Reflective New Album ‘Cloudy’",
        "title_full": "Mac Ayres Shares Reflective New Album ‘Cloudy’",
        "published": "2024-11-24T19:52:00.000+02:00",
        "replies_count": 0,
        "participants_count": 1,
        "site_type": "news",
        "country": "US",
        "main_image": "",
        "performance_score": 0,
        "domain_rank": 133763,
        "domain_rank_updated": "2024-11-18T23:00:00.000+02:00",
        "social": {
            "facebook": {
                "likes": 0,
                "comments": 0,
                "shares": 0
            },
            "vk": {
                "shares": 0
            }
        }
    },
    "uuid": "2ecff6f9c72779c2f9d754004c4cfab583446cab",
    "url": "https://ratedrnb.com/2024/11/mac-ayres-new-album-cloudy",
    "ord_in_thread": 0,
    "parent_url": null,
    "author": "Keithan Samuels",
    "published": "2024-11-24T19:52:00.000+02:00",
    "title": "Mac Ayres Shares Reflective New Album ‘Cloudy’",
    "text": "Mac Ayres ‘ new album, cloudy , is a love letter to his past.\nThe slow-burning album consists of 15 tracks, including popular uploads on SoundCloud such as “alone with you,” “games” and “she just wanna see me rn.”\nLyrically, the album explores themes of love, grief, isolation and self-transformation over mellow soundscapes. “This project is an homage to my foundation as a musician,” says Ayres. “These are some of the first songs I have ever written or produced. I was learning a lot about not only my craft, but also myself as a person. At the time I wrote these songs, I had a lot of uncertainty in my life. I dropped out of school. I fell in love. I had some of my highest highs and some of my lowest lows.”\nHe continues, “I just hope you can hear the innocence, the naivety, and the pure love that I have for music in this project. These songs are an important piece of who I am today, even eight years after writing and recording them. I hope it’s a reminder that you can never know where you’re going, without remembering where you’ve been.”\nCourtesy of Mac Ayres The album’s current focus track, “alone with you,” was inspired by a past lover. “We would lay around in our apartments and listen to so much music. She was an amazing jazz pianist, so she had put me onto a lot of great jazz keys players I had never really heard before,” Ayres tells Rated R&B.\n“One of those was Oscar Peterson, and the sample from this song comes off of her favorite record, ‘Pastel Moods.’ In spring of that semester, I had gotten an offer to open up for Pomo on tour. That was enough for me to quit school, move back home to Long Island and go all in on music. She and I had to be long-distance for a while afterwards, and I would listen to this record when I missed her.”\nCloudy is the follow-up to Ayres’ 2023 album, Comfortable Enough .\nStream Mac Ayres’ new album cloudy below.",
    "highlightText": "",
    "highlightTitle": "",
    "highlightThreadTitle": "",
    "language": "english",
    "sentiment": "negative",
    "categories": [
        "Economy, Business and Finance",
        "Social Issue"
    ],
    "ai_allow": true,
    "canonical": false,
    "webz_reporter": false,
    "external_links": [
        "https://embed.music.apple.com/us/album/cloudy/1774330643?itscg=30200&itsct=music_box_player&ls=1&app=music&mttnsubad=1774330643&at=10laDd&theme=auto",
        "https://open.spotify.com/album/0IBdkfqrzHjWi13fudEWyp?si=yvZ5suItRva4CRS1eg5idQ",
        "https://open.spotify.com/embed/album/07qAkNgFlbkUpIJzT3jtTf?utm_source=generator",
        "https://www.open.spotify.com/album/0IBdkfqrzHjWi13fudEWyp?si=yvZ5suItRva4CRS1eg5idQ",
        "https://open.spotify.com/embed/album/07qAkNgFlbkUpIJzT3jtTf",
        "https://www.embed.music.apple.com/us/album/cloudy/1774330643?itscg=30200&itsct=music_box_player&ls=1&app=music&mttnsubad=1774330643&at=10laDd&theme=auto",
        "https://open.spotify.com/album/0IBdkfqrzHjWi13fudEWyp",
        "https://embed.music.apple.com/us/album/cloudy/1774330643",
        "https://www.open.spotify.com/embed/album/07qAkNgFlbkUpIJzT3jtTf?utm_source=generator"
    ],
    "external_images": [],
    "entities": {
        "persons": [
            {
                "name": "Ayres",
                "sentiment": "none"
            }
        ],
        "organizations": [],
        "locations": []
    },
    "syndication": {
        "syndicated": false,
        "syndicate_id": null,
        "first_syndicated": false
    },
    "rating": null,
    "crawled": "2024-11-25T03:51:52.010+02:00",
    "updated": "2024-11-25T03:51:52.010+02:00"
}