{
    "thread": {
        "uuid": "bb6d1667122a1c11378552d3b23063adc54ef50f",
        "url": "https://www.newsbreak.com/l-cane-1591389/3687708943878-a-new-mass-layoff-in-the-florida-manufacturing-sector-hundreds-of-jobs-lost",
        "site_full": "www.newsbreak.com",
        "site": "newsbreak.com",
        "site_section": "https://www.newsbreak.com/l-cane-1591389",
        "site_categories": [
            "under_construction"
        ],
        "section_title": "L. Cane&#x27;s Home Page | NewsBreak",
        "title": "",
        "title_full": "",
        "published": "2024-11-24T20:59:00.000+02:00",
        "replies_count": 0,
        "participants_count": 1,
        "site_type": "news",
        "country": "",
        "main_image": "https://img.particlenews.com/img/id/3KgKm1_0wzpF8oF00?type=thumbnail_1600x1200",
        "performance_score": 0,
        "domain_rank": 3674,
        "domain_rank_updated": "2024-11-18T23:00:00.000+02:00",
        "social": {
            "facebook": {
                "likes": 0,
                "comments": 0,
                "shares": 0
            },
            "vk": {
                "shares": 0
            }
        }
    },
    "uuid": "bb6d1667122a1c11378552d3b23063adc54ef50f",
    "url": "https://www.newsbreak.com/l-cane-1591389/3687708943878-a-new-mass-layoff-in-the-florida-manufacturing-sector-hundreds-of-jobs-lost",
    "ord_in_thread": 0,
    "parent_url": null,
    "author": "NewsBreak Original",
    "published": "2024-11-24T20:59:00.000+02:00",
    "title": "",
    "text": "3 hours ago Photo by ICAPlants, CC BY-SA 3.0, via Wikimedia Commons Florida has suffered some manufacturing job losses and facility closures this year. I've covered the closure of Dart Industries, Inc., and the loss of 250 manufacturing jobs at Kimball Electronics . Florida has also experienced hundreds of layoffs at Nidec Motor Corporation and Stryker Sustainability Solutions . And now NewSouth Window Solutions, LLC will lay off hundreds in early 2025. I find that many Floridians are interested in manufacturing losses because they see it as a measure of the economy.\nAbout NewSouth Window Solutions, LLC: This company has been around since 2010. They manufacture , install, and guarantee windows and doors. There are several Florida locations as well as locations in Georgia, Texas, and South Carolina.\nEmployees give the company 3.1 out of 5 stars on Google reviews. Some said there were advancement opportunities, but one person said the job was stressful.\nThe Upcoming Layoffs And Closure: According to warn letter dated November 15, 2024, the company indicated that it was offering notification of a \"mass layoff \" at a Tampa location at 10741 Crossroads Commerce Boulevard.\n225 positions will be terminated and these employees will begin separating from the company on January 18, 2025, and separations will be complete by February 1, 2025. The layoffs are expected to be permanent and the company does not offer bumping rights. The letter indicates that current employees have already been notified about the layoffs.\nThe author is in no way affiliated with NewSouth Window Solutions, LLC. or any of the manufacturing companies mentioned in this article.",
    "highlightText": "",
    "highlightTitle": "",
    "highlightThreadTitle": "",
    "language": "english",
    "sentiment": "negative",
    "categories": [
        "Economy, Business and Finance"
    ],
    "ai_allow": true,
    "canonical": false,
    "webz_reporter": false,
    "external_links": [
        "https://img.particlenews.com/image.php?type=thumbnail_580x000&url=0rtm25_0wzpF8oF00",
        "https://www.indeed.com/cmp/Newsouth-Window-Solutions/reviews",
        "https://drive.google.com/file/d/1D-D2oCCXh1RgdPh-18bvkgFwhPvSq9L2/view?usp=sharing",
        "https://img.particlenews.com/image.php?url=0rtm25_0wzpF8oF00",
        "https://www.linkedin.com/company/newsouth-window-solutions/about/",
        "https://newsouthwindow.com/",
        "https://linkedin.com/company/newsouth-window-solutions/about/",
        "https://img.particlenews.com/image.php",
        "https://www.drive.google.com/file/d/1D-D2oCCXh1RgdPh-18bvkgFwhPvSq9L2/view?usp=sharing",
        "https://indeed.com/cmp/Newsouth-Window-Solutions/reviews",
        "https://www.img.particlenews.com/image.php?url=0rtm25_0wzpF8oF00",
        "https://drive.google.com/file/d/1D-D2oCCXh1RgdPh-18bvkgFwhPvSq9L2/view",
        "https://www.img.particlenews.com/image.php?type=thumbnail_580x000&url=0rtm25_0wzpF8oF00",
        "https://www.newsouthwindow.com/",
        "https://www.linkedin.com/company/newsouth-window-solutions/about",
        "https://newsouthwindow.com"
    ],
    "external_images": [],
    "entities": {
        "persons": [],
        "organizations": [],
        "locations": []
    },
    "syndication": {
        "syndicated": false,
        "syndicate_id": null,
        "first_syndicated": false
    },
    "rating": null,
    "crawled": "2024-11-25T00:55:17.664+02:00",
    "updated": "2024-11-25T00:55:17.664+02:00"
}