{
    "thread": {
        "uuid": "aa54fd02e43b33d6c928276e39b5b49e5308f584",
        "url": "https://waateanews.com/2024/11/25/pay-inequity-worsens-health-inequity-for-maori",
        "site_full": "waateanews.com",
        "site": "waateanews.com",
        "site_section": "https://www.golf.einnews.com/live_feed",
        "site_categories": [],
        "section_title": "Live Feed Wire - Golf News Today - EIN Presswire",
        "title": "Pay inequity worsens health inequity for Māori – Waatea News: Māori Radio Station",
        "title_full": "Pay inequity worsens health inequity for Māori – Waatea News: Māori Radio Station",
        "published": "2024-11-25T02:00:00.000+02:00",
        "replies_count": 0,
        "participants_count": 1,
        "site_type": "news",
        "country": "NZ",
        "main_image": "https://waateanews.com/wp-content/uploads/2024/07/mntBLOCKSTORAGEhomemasternews_importersrcmaori-gps-riwd.jpg_1_Pub.jpg",
        "performance_score": 0,
        "domain_rank": 93565,
        "domain_rank_updated": "2024-11-18T23:00:00.000+02:00",
        "social": {
            "facebook": {
                "likes": 0,
                "comments": 0,
                "shares": 0
            },
            "vk": {
                "shares": 0
            }
        }
    },
    "uuid": "aa54fd02e43b33d6c928276e39b5b49e5308f584",
    "url": "https://waateanews.com/2024/11/25/pay-inequity-worsens-health-inequity-for-maori",
    "ord_in_thread": 0,
    "parent_url": null,
    "author": "Atereano Mateariki",
    "published": "2024-11-25T02:00:00.000+02:00",
    "title": "Pay inequity worsens health inequity for Māori – Waatea News: Māori Radio Station",
    "text": "The chair of General Practice New Zealand, says there are barriers disproportionately affecting Māori, Pasifika, and people with disabilities, contributing to increased ED visits and more people not going to the doctor at all.\nReleased last week, the 2023/24 New Zealand Health Survey revealed one in four adults and one in five children cannot access a GP on time, raising concerns about affordability and accessibility.\nDr Bryan Betty who practices in Porirua says poor government funding makes it too expensive to staff GP doctors and nurses, leaving many without timely care.\n“The pay rates within the general practice sector have not kept pace, and we’ve recently seen that with the nursing workforce, where there were pay equity settlements in the hospital, but these weren’t carried through to the general practice sector, and it led to a whole lot of nurses moving from the general practice sector into the hospital sector because of better pay and conditions,” says Betty.\nBryan Betty says if this continues, our health inequity will worsen more over time.",
    "highlightText": "",
    "highlightTitle": "",
    "highlightThreadTitle": "",
    "language": "english",
    "sentiment": "negative",
    "categories": [
        "Health",
        "Social Issue",
        "Economy, Business and Finance"
    ],
    "ai_allow": true,
    "canonical": false,
    "webz_reporter": false,
    "external_links": [],
    "external_images": [],
    "entities": {
        "persons": [
            {
                "name": "Bryan Betty",
                "sentiment": "none"
            }
        ],
        "organizations": [],
        "locations": []
    },
    "syndication": {
        "syndicated": false,
        "syndicate_id": null,
        "first_syndicated": false
    },
    "rating": null,
    "crawled": "2024-11-25T01:41:44.499+02:00",
    "updated": "2024-11-25T05:02:07.037+02:00"
}