{
    "thread": {
        "uuid": "b98149683da345889caae6875cb69f8d94d09f5c",
        "url": "https://www.truth11.com/imf-calls-for-economy-crushing-carbon-restrictions-that-dwarf-covid-lockdowns-more-planed-economic-destruction-over-another-non-existent-threat",
        "site_full": "www.truth11.com",
        "site": "truth11.com",
        "site_section": "https://truth11.com/feed",
        "site_categories": [],
        "section_title": "",
        "title": "IMF Calls For Economy-Crushing Carbon Restrictions That Dwarf COVID Lockdowns | More Planed Economic Destruction Over Another Non Existent Threat",
        "title_full": "IMF Calls For Economy-Crushing Carbon Restrictions That Dwarf COVID Lockdowns | More Planed Economic Destruction Over Another Non Existent Threat",
        "published": "2024-11-25T00:45:00.000+02:00",
        "replies_count": 0,
        "participants_count": 1,
        "site_type": "news",
        "country": "ES",
        "main_image": "https://cdn.getmidnight.com/6908ab1f9a9ecdaba4ee2509cb3451aa/2024/11/Screen-Shot-2024-11-24-at-6.34.00-PM.png",
        "performance_score": 0,
        "domain_rank": 144075,
        "domain_rank_updated": "2024-11-18T23:00:00.000+02:00",
        "social": {
            "facebook": {
                "likes": 0,
                "comments": 0,
                "shares": 0
            },
            "vk": {
                "shares": 0
            }
        }
    },
    "uuid": "b98149683da345889caae6875cb69f8d94d09f5c",
    "url": "https://www.truth11.com/imf-calls-for-economy-crushing-carbon-restrictions-that-dwarf-covid-lockdowns-more-planed-economic-destruction-over-another-non-existent-threat",
    "ord_in_thread": 0,
    "parent_url": null,
    "author": "TRUTH11.COM",
    "published": "2024-11-25T00:45:00.000+02:00",
    "title": "IMF Calls For Economy-Crushing Carbon Restrictions That Dwarf COVID Lockdowns | More Planed Economic Destruction Over Another Non Existent Threat",
    "text": "[FOCUS ARTICLES](https://www.truth11.com/tag/focus-articles/)\nIMF Calls For Economy-Crushing Carbon Restrictions That Dwarf COVID Lockdowns | More Planed Economic Destruction Over Another Non Existent Threat\nTyler Durden | Zero Hedge News | ZeroHedge.com\nAt the height of the covid [flu] lockdowns and mandates a massive portion of the global economy was shut down, leading to supply chain instability, huge job losses and a stagflationary crisis. However, climate change propagandists argued that the event was actually a positive for the planet when it was revealed that emissions fell by 5.4%. They asserted that the covid lockdowns were [a practice run](https://www.weforum.org/stories/2020/09/emissions-fell-during-lockdown-keep-that-way/?ref=truth11.com) for what they called “climate lockdowns” – Presenting a plan for [scheduled disruptions](https://www.latimes.com/environment/newsletter/2023-07-20/would-an-occasional-blackout-help-solve-climate-change-boiling-point?ref=truth11.com) to global economic activity as a means to slow the effects of climate change.\nGlobalists also presented climate lockdowns as a kind of collective social punishment in the event that populations refused to cut carbon output on their own. As World Economic Forum “Agenda Contributor” [Mariana Mazzucato argued](https://www.project-syndicate.org/commentary/radical-green-overhaul-to-avoid-climate-lockdown-by-mariana-mazzucato-2020-09?ref=truth11.com) in 2020:\n“Under a ‘climate lockdown,’ governments would limit private-vehicle use, ban consumption of red meat, and impose extreme energy-saving measures, while fossil-fuel companies would have to stop drilling. To avoid such a scenario, we must overhaul our economic structures and do capitalism differently.\nMany think of the climate crisis as distinct from the health and economic crises caused by the pandemic. But the three crises – and their solutions – are interconnected…”\nAfter a public uproar over the notion of extending pandemic lockdowns into climate lockdowns, the establishment media would go on to “Fact Check” the issue and assert that it was a “conspiracy theory.” They lied.\nThe pandemic lockdowns would eventually be exposed as pointless; a disastrous drain on the global economy that [did nothing to prevent the spread](https://health.wusf.usf.edu/health-news-florida/2022-02-02/a-johns-hopkins-study-says-ill-founded-lockdowns-did-little-to-limit-covid-deaths?ref=truth11.com) of the [never proven] covid virus. [flu renaming, see infographic]\nBut as we witnessed with most of the restrictions instituted during covid, the goal was never to protect the health of the populace [especially as it was not necessary, = no actual viral threat]. Rather, the goal was to acclimate the populace to an exponentially increasing list of violations of their basic freedoms.\nOne organization that has a distinct interest in diminishing economic activity for the sake of preventing global warming is the International Monetary Fund (IMF). In a recent ‘call for global climate action’ the IMF states that restrictions on economic activity and general emissions activity would have to far surpass those enforced during the pandemic in order to get to their stated temperature target of less than 1.5°C.\nOpen lockdowns of developed nations might not ultimately be the tool that globalists use to reach net zero, but carbon taxation on an oppressive scale could end up having the same effect. Carbon taxes could act like steep interest rate increases commonly used by central banks to slow economic activity during inflation. An indirect economic shut down of this magnitude would be absolutely devastating for western nations in particular, resulting in crippling energy shortages, food shortages, job losses, and eventually total collapse and a population plunge.\nNet zero is not possible otherwise.\nThe IMF and other globalist organizations suggest that all nations must achieve a net zero carbon goal by 2030 in order to avoid the “climate cliff” – The theory that once the Earth hits warming of more than 1.5°C, there will be a domino effect which will lead to environmental catastrophe and even more carbon emissions and warming.\nTo be clear, there is no evidence whatsoever to support the idea of the climate cliff, primarily because there is no evidence of a causation relationship between carbon emissions and global warming. In fact, there is no evidence that that human industry has a warming effect on the climate whatsoever.\nTemperature records for hundreds of millions of years prove that warming periods are a mainstay of the Earth’s climate history. In comparison, our current era is one of the coldest, not the warmest. Climate scientists ignore this data and use temperature records going back to the 1880s. Meaning, their data is based on a mere 140 years of the Earth’s history.\nThe current warming rate is not significant to other periods, nor is there any evidence that human activity is causing it. Data on carbon levels of the past show that temperatures do not necessarily rise in tandem with carbon activity. Carbon emissions are also far lower today than they have been in the past. The claim that carbon concentration due to human activity has a drastic influence on global temperatures (or weather) is absolutely unfounded.\nThe real reason for climate controls and carbon taxes seems to have far more to do with wealth redistribution from developed nations over to developing nations. The agenda is about centralizing the control of national wealth as well as individual liberties and private property. And the IMF, of course, would like to be one of the institutions at the helm of that wealth management empire.\nSource: [ZeroHedge](https://www.zerohedge.com/economics/imf-calls-carbon-restrictions-economy-bigger-covid-lockdowns?ref=truth11.com)\nOriginal Article: [https://activistpost.com/2024/11/imf-calls-for-economy-crushing-carbon-restrictions-that-dwarf-covid-lockdowns.html](https://activistpost.com/2024/11/imf-calls-for-economy-crushing-carbon-restrictions-that-dwarf-covid-lockdowns.html?ref=truth11.com)\nNote: Comments placed in [ ] are added by Truth11.com editor. For example; [Flu] + Infographic\nTruthful comments that add value to our readers, such as additional information, clarification, validation or worthy rebuttal will be posted. The goal of comments on articles is to gain additional truth.\n[Submit A Comment On This Article](https://www.truth11.com/truth-warriors/)",
    "highlightText": "",
    "highlightTitle": "",
    "highlightThreadTitle": "",
    "language": "english",
    "sentiment": "negative",
    "categories": [
        "Economy, Business and Finance"
    ],
    "ai_allow": true,
    "canonical": false,
    "webz_reporter": false,
    "external_links": [],
    "external_images": [],
    "entities": {
        "persons": [
            {
                "name": "Mariana Mazzucato",
                "sentiment": "none"
            },
            {
                "name": "Tyler Durden",
                "sentiment": "none"
            }
        ],
        "organizations": [],
        "locations": []
    },
    "syndication": {
        "syndicated": false,
        "syndicate_id": null,
        "first_syndicated": false
    },
    "rating": null,
    "crawled": "2024-11-25T01:57:50.390+02:00",
    "updated": "2024-11-30T10:55:10.197+02:00"
}