{
    "thread": {
        "uuid": "fdb44369097b17cca027449ce800bdc937ba09e6",
        "url": "https://www.marijuanamoment.net/tennessee-lawmakers-allow-ban-on-certain-hemp-products-to-take-effect-op-ed",
        "site_full": "www.marijuanamoment.net",
        "site": "marijuanamoment.net",
        "site_section": "https://www.marijuanamoment.net",
        "site_categories": [
            "illegal_content"
        ],
        "section_title": "Marijuana Moment - All your cannabis news, in one place",
        "title": "Tennessee Lawmakers Allow Ban On Certain Hemp Products To Take Effect (Op-Ed)",
        "title_full": "Tennessee Lawmakers Allow Ban On Certain Hemp Products To Take Effect (Op-Ed)",
        "published": "2024-11-24T20:32:00.000+02:00",
        "replies_count": 0,
        "participants_count": 1,
        "site_type": "news",
        "country": "US",
        "main_image": "",
        "performance_score": 0,
        "domain_rank": 15198,
        "domain_rank_updated": "2024-11-18T23:00:00.000+02:00",
        "social": {
            "facebook": {
                "likes": 0,
                "comments": 0,
                "shares": 0
            },
            "vk": {
                "shares": 0
            }
        }
    },
    "uuid": "fdb44369097b17cca027449ce800bdc937ba09e6",
    "url": "https://www.marijuanamoment.net/tennessee-lawmakers-allow-ban-on-certain-hemp-products-to-take-effect-op-ed",
    "ord_in_thread": 0,
    "parent_url": null,
    "author": "Marijuana Moment",
    "published": "2024-11-24T20:32:00.000+02:00",
    "title": "Tennessee Lawmakers Allow Ban On Certain Hemp Products To Take Effect (Op-Ed)",
    "text": "One lawmaker complained that move will result in “killing a $200 million industry in Tennessee.”\nBy Sam Stockard, Tennessee Lookout\nCritics of new rules governing Tennessee’s hemp retail industry say the state is on the verge of snuffing out a lucrative business and sending customers underground.\nHemp farmers pleaded with lawmakers this week not to remove the “flower” from retail sales with rules that are supposed to mesh with state law.\n“I think it all needs to be regulated, but we can’t take the flower off the market,” Soddy-Daisy hemp farmer Chris Summerall told the Legislature’s Government Operations Committee Wednesday.\nOtherwise, he said, customers will be driven to the “black market,” which conjures images of street-corner nickel bag deals.\nOne wonders whether law enforcement is behind this rule, because when it swoops in for a bust, are officers confiscating weed or hemp?\nHemp and marijuana are related as forms of cannabis. But marijuana is considered a controlled substance that contains higher levels of THC, the stuff that makes people high, while hemp has no psychoactive effects even though it can be intoxicating.\nApparently, the flower is the part that gives people a buzz without making them have odd thoughts. The THC level is supposed to be 0.3 percent or less, yet hemp can morph after testing and reach higher rates, especially once the user “decarboxylates,” or lights up.\nHouse Majority Leader William Lamberth (R), who backed the rule change this week, said it’s needed to ensure products sold at your local 7-Eleven are safe for customers.\nDemocratic state Rep. Gloria Johnson, who voted against the rule, countered that claim by saying Lamberth led the state Department of Agriculture in “killing a $200 million industry in Tennessee.”\nIndustry folks in the room saying they will move their multiple businesses to Asheville, NC and other nearby states.\n— Rep. Gloria Johnson (@VoteGloriaJ) November 20, 2024\nLamberth, a Portland Republican, said Thursday via text the new rule won’t come “remotely” close to destroying the hemp industry here.\n“Hundreds of products will still be available on the market, just not those that contain dangerous contaminants or extremely high THC levels,” he said.\nAnything at 0.3 percent THC or below is fine, Lamberth said, but joints and buds (sorry, I meant smoking products) above that level can’t be sold.\nLamberth also said the rule involves retailers and manufacturers, not farmers “unless they are vertically integrated,” and added that most of the products come from outside Tennessee.\nThat must be why people such as Jeff Sullivan of Snap Dragon Hemp out of Chattanooga told the committee this “one rule that would eliminate the THCA flower would get rid of most of the retail industry in the state of Tennessee.”\nFarmers licensed by the state have been growing hemp for the retail market since 2015, and the rule represents a change likely to be challenged in court. Nothing like changing rules in the middle of the game, as the Department of Agriculture appears to be turning its back on farmers.\nAsked Wednesday if some products become similar to marijuana at some point, the state’s go-to scientist, after whispering to attorneys, said, “Yes.”\nIf this marathon committee proved anything, though, it was that people are all over the place philosophically.\nState Sen. Janice Bowling, a Tullahoma Republican who has moments of lucidity and sponsored medical marijuana bills but failed to pass them, said the state is trying to put new rules on something that isn’t a controlled substance. She sought a vote to scuttle the rule but couldn’t pass it.\nIn fact, an emergency rule is in effect until December 25, but it probably hasn’t reached the marketplace yet where plenty of products are selling. You can’t drive a hundred yards without seeing a cannabis store, which should alert people that we have a high demand and, thus, need a strong supply. They even have a cannabis outlet right next to the grocery store in rural Linden, which makes things a lot easier than hiding a crop from the revenue man.\n81% of Tennesseans want medical cannabis and the TN GOP just all but shut down the $200 million hemp industry in TN. Don’t count on medical or recreational cannabis in TN as long as you keep electing maga republicans.\n— Rep. Gloria Johnson (@VoteGloriaJ) November 21, 2024\nState Rep. John Ray Clemmons accused Republicans—though not all of them on the committee—of voting for enforcement of a rule “that isn’t fully supported by the statute, is arguably unconstitutionally vague and risks the livelihood of family farmers, business owners and thousands of employees statewide.”\nFor the technical-minded, the permanent rule will go into the Legislature’s omnibus bill to be considered in March. Some lawmakers call it a “murky” matter, But so far this is one step forward for the anti-cannabis crowd and a huge step backwards for cannabis, even though a majority of Tennesseans support some sort of legalized cannabis for medical purposes.\nNow pass the decarboxylation device, please, before it’s too late.\nThis story was first published by Tennessee Lookout.\nSenate Leader Schumer Will ‘Continue To Push’ For Marijuana Banking Bill Passage This Year, Despite ‘Republican Opposition,’ Staffer Says\nPhoto courtesy of Pexels/Kindel Media .",
    "highlightText": "",
    "highlightTitle": "",
    "highlightThreadTitle": "",
    "language": "english",
    "sentiment": "negative",
    "categories": [
        "Economy, Business and Finance"
    ],
    "ai_allow": true,
    "canonical": false,
    "webz_reporter": false,
    "external_links": [
        "https://tennesseelookout.com/2024/11/22/stockard-on-the-stump-buy-your-hemp-sticks-before-they-clean-the-shelves/",
        "https://twitter.com/VoteGloriaJ/status/1859641670704431420?ref_src=twsrc%5Etfw",
        "https://twitter.com/VoteGloriaJ/status/1859355149409583123?ref_src=twsrc%5Etfw",
        "https://www.pexels.com/photo/photo-assorted-colored-gummy-bears-on-white-background-7668053/",
        "https://twitter.com/VoteGloriaJ/status/1859641670704431420",
        "https://tennesseelookout.com/2024/11/22/stockard-on-the-stump-buy-your-hemp-sticks-before-they-clean-the-shelves",
        "https://www.twitter.com/VoteGloriaJ/status/1859355149409583123?ref_src=twsrc%5Etfw",
        "https://www.tennesseelookout.com/2024/11/22/stockard-on-the-stump-buy-your-hemp-sticks-before-they-clean-the-shelves/",
        "https://pexels.com/photo/photo-assorted-colored-gummy-bears-on-white-background-7668053/",
        "https://twitter.com/VoteGloriaJ/status/1859355149409583123",
        "https://www.twitter.com/VoteGloriaJ/status/1859641670704431420?ref_src=twsrc%5Etfw",
        "https://www.pexels.com/photo/photo-assorted-colored-gummy-bears-on-white-background-7668053"
    ],
    "external_images": [],
    "entities": {
        "persons": [
            {
                "name": "Chris Summerall",
                "sentiment": "none"
            },
            {
                "name": "Sam Stockard",
                "sentiment": "none"
            }
        ],
        "organizations": [],
        "locations": []
    },
    "syndication": {
        "syndicated": false,
        "syndicate_id": null,
        "first_syndicated": false
    },
    "rating": null,
    "crawled": "2024-11-25T03:38:23.643+02:00",
    "updated": "2024-11-25T03:38:23.643+02:00"
}