{
    "thread": {
        "uuid": "749354a872dc2122a055de72344423dbee759855",
        "url": "https://www.qatar-tribune.com/article/151048/business/jaguar-ceo-decries-backlash-over-new-ad-and-rebranding",
        "site_full": "www.qatar-tribune.com",
        "site": "qatar-tribune.com",
        "site_section": "https://www.qatar-tribune.com/business",
        "site_categories": [
            "media",
            "top_news_qa",
            "top_news"
        ],
        "section_title": "Business - Read Qatar Tribune on the go for unrivalled news coverage",
        "title": "Jaguar CEO decries backlash over new ad and rebranding - Read Qatar Tribune on the go for unrivalled news coverage",
        "title_full": "Jaguar CEO decries backlash over new ad and rebranding - Read Qatar Tribune on the go for unrivalled news coverage",
        "published": "2024-11-25T02:00:00.000+02:00",
        "replies_count": 0,
        "participants_count": 1,
        "site_type": "news",
        "country": "QA",
        "main_image": "https://www.qatar-tribune.com/theme_watanqataren/images/no-image.jpg",
        "performance_score": 0,
        "domain_rank": 91528,
        "domain_rank_updated": "2024-11-18T23:00:00.000+02:00",
        "social": {
            "facebook": {
                "likes": 0,
                "comments": 0,
                "shares": 0
            },
            "vk": {
                "shares": 0
            }
        }
    },
    "uuid": "749354a872dc2122a055de72344423dbee759855",
    "url": "https://www.qatar-tribune.com/article/151048/business/jaguar-ceo-decries-backlash-over-new-ad-and-rebranding",
    "ord_in_thread": 0,
    "parent_url": null,
    "author": "Qatar Tribune",
    "published": "2024-11-25T02:00:00.000+02:00",
    "title": "Jaguar CEO decries backlash over new ad and rebranding - Read Qatar Tribune on the go for unrivalled news coverage",
    "text": "Agencies\nThe managing director of luxury car brand Jaguar has said he was disappointed by the “vile hatred and intolerance” in responses to a clip of company’s new advert, which with its vivid colors prompted fiercy debate online.\nThe car brand, with history spanning over 100 years posted a 30-second video on social media platform X on Tuesday which featured models posing in bright clothes but no\nvehicles.\nThe clip prompted a backlash online among some 120,000 comments, with X owner Elon Musk even responding: “Do you sell cars?”Rawdon Glover, Jaguar managing director, told the Financial Times: “If we play in the same way that everybody else does we’ll just get\ndrowned out.”\n“So we shouldn’t turn up like an auto brand. We need to re-establish our brand and at a completely different price point so we need to act differently.” “We don’t want to necessarily leave all of our customers behind. But we do need to attract a new customer base,” he added.\nHe denied that the video was meant to be “woke,” and said he was disappointed by the “vile hatred and intolerance” in comments about individuals in the clip.\n Copy 25/11/2024 10",
    "highlightText": "",
    "highlightTitle": "",
    "highlightThreadTitle": "",
    "language": "english",
    "sentiment": "negative",
    "categories": [
        "Economy, Business and Finance"
    ],
    "ai_allow": true,
    "canonical": false,
    "webz_reporter": false,
    "external_links": [],
    "external_images": [],
    "entities": {
        "persons": [],
        "organizations": [],
        "locations": []
    },
    "syndication": {
        "syndicated": false,
        "syndicate_id": null,
        "first_syndicated": false
    },
    "rating": null,
    "crawled": "2024-11-25T02:20:39.793+02:00",
    "updated": "2024-11-25T02:20:39.793+02:00"
}