{
    "thread": {
        "uuid": "45c81767f0091b73cb7f9e4de10d61e83a975db0",
        "url": "https://www.picayuneitem.com/2024/12/mississippi-seafood-distributor-managers-sentenced-in-mislabeling-case",
        "site_full": "www.picayuneitem.com",
        "site": "picayuneitem.com",
        "site_section": "https://www.picayuneitem.com",
        "site_categories": [
            "media"
        ],
        "section_title": "The voice of Pearl River County since 1904 | Picayune Item",
        "title": "Mississippi Seafood Distributor, Managers Sentenced in Mislabeling Case",
        "title_full": "Mississippi Seafood Distributor, Managers Sentenced in Mislabeling Case",
        "published": "2024-12-12T20:18:00.000+02:00",
        "replies_count": 0,
        "participants_count": 1,
        "site_type": "news",
        "country": "US",
        "main_image": "",
        "performance_score": 0,
        "domain_rank": 44463,
        "domain_rank_updated": "2024-12-09T23:00:00.000+02:00",
        "social": {
            "facebook": {
                "likes": 0,
                "comments": 0,
                "shares": 0
            },
            "vk": {
                "shares": 0
            }
        }
    },
    "uuid": "45c81767f0091b73cb7f9e4de10d61e83a975db0",
    "url": "https://www.picayuneitem.com/2024/12/mississippi-seafood-distributor-managers-sentenced-in-mislabeling-case",
    "ord_in_thread": 0,
    "parent_url": null,
    "author": "Alexander Moraski",
    "published": "2024-12-12T20:18:00.000+02:00",
    "title": "Mississippi Seafood Distributor, Managers Sentenced in Mislabeling Case",
    "text": "A Mississippi seafood distributor and two managers were sentenced Tuesday for mislabeling imported seafood as premium Gulf Coast species. This practice misrepresented products sold to consumers and businesses for years.\nQuality Poultry and Seafood Inc. (QPS), the largest seafood wholesaler on the Mississippi Gulf Coast, was sentenced to five years of probation and ordered to pay $1 million in forfeitures and a $500,000 criminal fine. The court also directed QPS to maintain detailed records of its seafood sources and costs for five years, making them available to regulatory agencies and customers.\n“This case underscores the importance of accurate labeling in the seafood industry,” said U.S. Attorney Todd Gee of the Southern District of Mississippi.\nTwo QPS managers, Todd A. Rosetti and James W. Gunkel, were also sentenced. The sales manager, Rosetti, was sentenced to eight months in prison, followed by 180 days of home detention, one year of supervised release, and 100 hours of community service. The business manager, Gunkel, received two years of probation, 12 months of home detention, and 50 hours of community service.\nQPS pleaded guilty in August 2024 to participating in a scheme to sell imported fish as local species from 2002 through 2019. The company sold imported fish as substitutes for premium local species at its retail shop and café and to restaurant clients. According to court documents, QPS continued these practices for over a year after an FDA investigation began in 2019.\nMary Mahoney’s, a Gulf Coast restaurant supplied by QPS, admitted in May to selling mislabeled fish from December 2013 to November 2019. Court documents indicated the restaurant fraudulently marketed more than 29 tons of fish as local premium species during that time.\nThe FDA’s Office of Criminal Investigations investigated the case in collaboration with the Mississippi Marine Patrol, a Mississippi Department of Marine Resources division. Assistant U.S. Attorney Andrea C. Jones and Senior Trial Attorney Jeremy F. Korzenik prosecuted the case.",
    "highlightText": "",
    "highlightTitle": "",
    "highlightThreadTitle": "",
    "language": "english",
    "sentiment": "negative",
    "categories": [
        "Crime, Law and Justice",
        "Social Issue",
        "Economy, Business and Finance"
    ],
    "topics": null,
    "ai_allow": true,
    "has_canonical": false,
    "webz_reporter": false,
    "external_links": [],
    "external_images": [],
    "entities": {
        "persons": [],
        "organizations": [],
        "locations": []
    },
    "syndication": {
        "syndicated": false,
        "syndicate_id": "45c81767f0091b73cb7f9e4de10d61e83a975db0",
        "first_syndicated": true
    },
    "rating": null,
    "crawled": "2024-12-13T00:54:09.587+02:00",
    "updated": "2024-12-13T00:54:09.587+02:00"
}