{
    "thread": {
        "uuid": "494cfb40d11a2dce93961adc292de7601b78db54",
        "url": "https://home.nzcity.co.nz/news/article.aspx?id=412618&fm=newsmain%2Cnarts",
        "site_full": "home.nzcity.co.nz",
        "site": "nzcity.co.nz",
        "site_section": "https://home.nzcity.co.nz/news",
        "site_categories": [
            "media"
        ],
        "section_title": "\r\n\tNZ Top NZ News Stories from NZCity\r\n",
        "title": "Big tech firms like Meta forced to pay for news, under Albanese government’s ‘news bargaining incentive’ charge - 13-Dec-2024 - NZ Politics news",
        "title_full": "Big tech firms like Meta forced to pay for news, under Albanese government’s ‘news bargaining incentive’ charge - 13-Dec-2024 - NZ Politics news",
        "published": "2024-12-12T13:00:00.000+02:00",
        "replies_count": 0,
        "participants_count": 1,
        "site_type": "news",
        "country": "NZ",
        "main_image": "",
        "performance_score": 0,
        "domain_rank": 58163,
        "domain_rank_updated": "2024-12-09T23:00:00.000+02:00",
        "social": {
            "facebook": {
                "likes": 0,
                "comments": 0,
                "shares": 0
            },
            "vk": {
                "shares": 0
            }
        }
    },
    "uuid": "494cfb40d11a2dce93961adc292de7601b78db54",
    "url": "https://home.nzcity.co.nz/news/article.aspx?id=412618&fm=newsmain%2Cnarts",
    "ord_in_thread": 0,
    "parent_url": null,
    "author": "Rob Nicholls; Senior Research Associate; Communications; University",
    "published": "2024-12-12T13:00:00.000+02:00",
    "title": "Big tech firms like Meta forced to pay for news, under Albanese government’s ‘news bargaining incentive’ charge - 13-Dec-2024 - NZ Politics news",
    "text": "13 December 2024\nBig tech companies would have to either do deals with news organisations to help fund journalism or pay a charge to the Australian government, under a new plan announced by the Albanese government on Thursday.\nThe new plan follows the Morrison government-era system introduced in 2021 known as the news media bargaining code, which saw companies such as Google and Meta (which owns Facebook, Instagram and Whatsapp) pay news organisations to help fund journalism.\nA press release issued on Thursday by Assistant Treasurer Stephen Jones and Communications Minister Michelle Rowland said the federal government is:\nestablishing a News Bargaining Incentive to encourage digital platforms to enter into or renew commercial deals with news publishers. Australia does not intend to raise revenue from this policy.Platforms that choose not to enter or renew commercial agreements with news publishers will pay the charge. Platforms with these agreements will, however, be able to offset their liability.The incentive will apply to large digital platforms operating significant social media or search services irrespective of whether or not they carry news.\nestablishing a News Bargaining Incentive to encourage digital platforms to enter into or renew commercial deals with news publishers. Australia does not intend to raise revenue from this policy.\nPlatforms that choose not to enter or renew commercial agreements with news publishers will pay the charge. Platforms with these agreements will, however, be able to offset their liability.\nThe incentive will apply to large digital platforms operating significant social media or search services irrespective of whether or not they carry news.\nThe design of the scheme is yet to be finalised, and the government says a public consultation paper is expected to be released in early 2025.\nSo, how did we get here – and what might happen if Meta failed to comply?\nThe news media bargaining code worked well for its first three years, but Meta has now taken the view it should not be paying for news. It announced earlier this year it would not renew the news media contracts it had in place.\nIn contrast, Google has contracts that have been renewed for at least a year. It has decided it is still worth paying for news; if you did a Google search and news didn’t come up at all, it would be a pretty poor search engine.\nSo we have Meta saying no, and this is consistent with Meta’s approach in Canada; Canadian news has been blocked from Meta platforms since August last year.\nOnly companies that are “designated” under the bargaining code have to comply with the provisions in the code. The Albanese government has taken the view that if it designates Meta under the news media bargaining code, it is likely Meta would cease offering news services in Australia in the same way it did for a few weeks in 2021, and the same way it has done in Canada.\nSo the federal government is thinking of a different approach.\nThe new approach is to say to big tech firms, basically, “If you have contracts with news media businesses, then just carry on. If you don’t, then you need to pay a charge.”\nIt’s a bit like the system with private health insurance in Australia; if you don’t have private health insurance, you pay a slightly higher Medicare levy. And if you do have it, you don’t have to pay the higher Medicare levy.\nSo today’s announcement would mean very large online platforms that don’t have deals in place for news would pay this new charge. The revenue would then be used for public interest journalism or in a way that pays the news media businesses that otherwise would have been paid if they did have deals with big platforms.\nEither way, news media organisations will get some money out of the big platforms.\nThis new plan is taking the view that the news bargaining code from 2021 worked OK for a while and it worked OK for some businesses, but it didn’t work for Meta, so we need another approach.\nThis new approach is similar to an idea colleagues and I proposed in our submission to a parliamentary committee examining this and other online issues.\nAnother part of the plan would be to create a new system that requires the big platforms to be subject to the new regime.\nThe government says that it will consult on this, and has set a threshold that means only platforms with Australian revenue above $250 million per year will be affected.\nOne option that may flow from the consultation is licensing, in the same way we license telcos.\nThere was no mention of licensing in today’s press release. But, in theory, the government could just say to Meta and Google, and other firms like it, that in order to operate the type of business you have in Australia you need to comply with the obligations.\nIt could say that one of the conditions of your licence in Australia is that you follow the rules about either paying news media organisations, or paying the charge.\nUnder this new system Meta would have to ask itself: do we still want to do business in Australia or not?\nThe vast amount of advertising revenue they get in Australia suggests that failing to comply would be cutting off their nose to spite their face. Rather than pay the charge, they would exit and forgo all that ad revenue.\nSo my expectation is they would rather just pay the charge.\nIt was interesting to note that the new “incentive charge” announced today will apply to large digital platforms operating significant social media or search services “irrespective of whether or not they carry news”.\nIn other words, even if it refused to have news media content on Facebook or Instagram or Whatsapp, Meta would still have to pay the charge (unless they did deals with news media organisations).\nThe government appears to be very keen to take on this fight. In the lead up to the election there are no votes to be lost in kicking supermarket bosses and Meta bosses.\nRob Nicholls also works for the Association for Data-driven Marketing. He receives funding from the Australian Research Council. The Conversation has received funding from Google negotiated under the Australian government's News Media Bargaining Code. It has also previously received grant funding from Google.",
    "highlightText": "",
    "highlightTitle": "",
    "highlightThreadTitle": "",
    "language": "english",
    "sentiment": "negative",
    "categories": [
        "Economy, Business and Finance",
        "Social Issue"
    ],
    "topics": null,
    "ai_allow": true,
    "has_canonical": false,
    "webz_reporter": false,
    "external_links": [],
    "external_images": [],
    "entities": {
        "persons": [
            {
                "name": "Michelle Rowland",
                "sentiment": "none"
            },
            {
                "name": "Stephen Jones",
                "sentiment": "none"
            }
        ],
        "organizations": [
            {
                "name": "Instagram",
                "sentiment": "none"
            },
            {
                "name": "Facebook",
                "sentiment": "none"
            },
            {
                "name": "Google",
                "sentiment": "none"
            }
        ],
        "locations": []
    },
    "syndication": {
        "syndicated": false,
        "syndicate_id": null,
        "first_syndicated": false
    },
    "rating": null,
    "crawled": "2024-12-13T00:39:21.302+02:00",
    "updated": "2024-12-13T00:39:21.302+02:00"
}