{
    "thread": {
        "uuid": "3df05f79006808daf9f31d48c16d607f4dfc4b79",
        "url": "https://nj1015.com/nj-nursing-home-operators-accused-by-state-comptroller-millions-in-fraud-mismanaged-care-michael-konig-steven-krausman",
        "site_full": "nj1015.com",
        "site": "nj1015.com",
        "site_section": "https://nj1015.com/feed",
        "site_categories": [
            "media"
        ],
        "section_title": "New Jersey 101.5 – Proud to be New Jersey – New Jersey News Radio",
        "title": "NJ nursing home operators accused by state of millions in fraud",
        "title_full": "NJ nursing home operators accused by state of millions in fraud",
        "published": "2024-12-12T23:42:00.000+02:00",
        "replies_count": 0,
        "participants_count": 1,
        "site_type": "news",
        "country": "US",
        "main_image": "https://townsquare.media/site/385/files/2024/12/attachment-NJ-state-report-nursing-home-medicaid-fraud-mismanagement-Google-Maps-Canva-Townsquare-Media-Illustration.jpg?w=1200&q=75&format=natural",
        "performance_score": 0,
        "domain_rank": 15567,
        "domain_rank_updated": "2024-12-09T23:00:00.000+02:00",
        "social": {
            "facebook": {
                "likes": 0,
                "comments": 0,
                "shares": 0
            },
            "vk": {
                "shares": 0
            }
        }
    },
    "uuid": "3df05f79006808daf9f31d48c16d607f4dfc4b79",
    "url": "https://nj1015.com/nj-nursing-home-operators-accused-by-state-comptroller-millions-in-fraud-mismanaged-care-michael-konig-steven-krausman",
    "ord_in_thread": 0,
    "parent_url": null,
    "author": "Erin Vogt",
    "published": "2024-12-12T23:42:00.000+02:00",
    "title": "NJ nursing home operators accused by state of millions in fraud",
    "text": "NJ nursing homes accused of millions in fraud, mismanaged care\n🔲️ NJ nursing home operators called out\n️🔲 State report alleges millions in fraud\n️🔲 Medicaid funds being cut to ‘bad actors’\nThe operators of some New Jersey nursing homes have been accused of rampant fraud and mismanagement in a scathing report from the Office of the State Comptroller.\nActing State Comptroller Kevin Walsh said two brothers-in-law have funneled millions of dollars in Medicaid funds into their businesses while under-staffing and exploiting vulnerable residents.\nThe team avoided detection while siphoning Medicaid funds, by hiring another relative as a “straw owner” to hide their involvement and control, Walsh continued.\nSouth Jersey Extended Care in Bridgeton and its sister facility, Sterling Manor in Maple Shade, have received notice that their Medicaid funds would be cut in 60 days, Walsh said.\nIn the five-year period looked at in the comptroller’s report, the team operated 10 nursing homes around New Jersey. At some point, the operators sold off most of these properties, he said.\nFollowing the money\nWith a number of nursing homes consistently getting bad care ratings, Walsh said they started with what was arguably the worst and followed the money.\nFrom April 2018 to mid-March 2023, the office examined bank records and other financials for South Jersey Extended Care to see where funds went and who benefitted.\nThe investigation found that owner Mordechay “Mark” Weisz had an “on paper” arrangement, yielding all control and operations to his cousin, Michael Konig, and Konig’s brother-in-law, Steven Krausman.\nKrausman and Konig avoided detection while siphoning Medicaid funds because they used corporate structures to mask their involvement and control, Walsh continued, based in part on interviews with Weisz, Konig, and Krausman, among others.\nThe Bridgeton nursing home received $35.6 million in Medicaid funds — but paid $38.9 million to businesses owned and controlled by brothers-in-law, Krausman and Konig during that same span.\nThe team grossly inflated prices since they were both seller and buyer, vendor and customer, according to the 52-page report.\n“This was a massive scam, perpetrated for years,” Walsh.\n“These individuals were able to amass a fortune by pretending to be independent parties. In reality, they operated as one unit, providing terrible care to the sick, the elderly, and the poor, so they could make big profits.”\nDuring the five years reviewed, Krausman, Konig, and their related businesses managed, operated, and/or provided services to 10 nursing homes — South Jersey Extended Care, Sterling Manor and the following:\n▪️ Providence Nursing & Rehabilitation Center (Trenton)\n▪️ Royal Health Gate Nursing & Rehabilitation (Trenton)\n▪️ Manhattanview Nursing Home (Union City)\n▪️ Manahawkin Convalescent Center (Manahawkin)\n▪️ Amboy Care Center (Perth Amboy)\n▪️ Teaneck Nursing Center (Teaneck)\n▪️ Oceana Rehab and Nursing Center (Cape May Court House)\n▪️ Shore Meadows Rehab & Nursing Center (Toms River)\nIn total, Krausman and Konig owned/controlled businesses received a total of $253 million from these 10 nursing homes – 76% of the total amount of Medicaid funds these homes collectively received during the five-year span.\nDuring that time, at the Bridgeton facility, critical positions were filled with unqualified individuals, and shifts were routinely understaffed, the comptroller report found.\nThe report also found that Konig, Krausman and Weisz drove the Bridgeton nursing home to the brink of insolvency. In 2018, the Bridgeton site had $1.5 million in assets.\nBy 2022, it reported just $171,913 in assets while its liabilities spiked by over $4 million to $14.8 million.\nThe report has recommendations for avoiding such massive fraud, starting with a better vetting process for nursing home owners.\n“We give them a lot of money,” Walsh said, “We should know who they are and whether we can trust them.”\nWhile the report entailed civil findings, Walsh confirmed on Thursday, adding it would be \"for others\" to decide whether there would be charges or other repercussions.\nThe full OSC report on the Bridgeton and sister sites was posted online.\nAs of 2022, there were 15 NJ nursing homes (long-term care facilities) that were repeatedly rated one-star for the quality of resident care, according to the Office of the State Comptroller.\n👈 | 👉 Contact our newsroom\nThese are 12 best NJ companies to work for\nBest Employers By State2024, put together with market research firm Statista. Employees were surveyed about their own companies of 500 or more, plus places worked recently. Five of the top 15 additionally have headquarters in NJ.\nGallery Credit: Erin Vogt\nThe 10 best and 10 worst states to retire\n[Bankrate.com analyzed factors](living costs, health care costs, overall well-being)such as cost of living, health care and crime to rank the 50 states as places where you might want to consider retirement. Visit this link for\nthe complete report.\nGallery Credit: Bankrate/New Jersey 101.5\n17 towns in NJ among 100 hottest real estate markets\nGallery Credit: Realtor.com\nStates with best and worst lifetime tax burden\nSelf Financial— and just where New Jersey ranks, nationwide.\nGallery Credit: Erin Vogt",
    "highlightText": "",
    "highlightTitle": "",
    "highlightThreadTitle": "",
    "language": "english",
    "sentiment": "negative",
    "categories": [
        "Crime, Law and Justice",
        "Economy, Business and Finance",
        "Social Issue"
    ],
    "topics": null,
    "ai_allow": true,
    "has_canonical": false,
    "webz_reporter": false,
    "external_links": [],
    "external_images": [],
    "entities": {
        "persons": [
            {
                "name": "Kevin Walsh",
                "sentiment": "none"
            }
        ],
        "organizations": [],
        "locations": []
    },
    "syndication": {
        "syndicated": false,
        "syndicate_id": "3df05f79006808daf9f31d48c16d607f4dfc4b79",
        "first_syndicated": true
    },
    "rating": null,
    "crawled": "2024-12-13T01:15:46.404+02:00",
    "updated": "2024-12-13T01:15:46.404+02:00"
}