{
    "thread": {
        "uuid": "a16e7bc03fc1d094bf583b75d29fa1d07c4929b4",
        "url": "https://www.beckershospitalreview.com/finance/2-month-tumble-hca-stock-down-25.html",
        "site_full": "www.beckershospitalreview.com",
        "site": "beckershospitalreview.com",
        "site_section": "https://www.beckershospitalreview.com/",
        "site_categories": [
            "pets",
            "veterinary_medicine"
        ],
        "section_title": "Becker's Hospital Review | Healthcare News &amp; Analysis",
        "title": "2-month tumble: HCA stock down 25%",
        "title_full": "2-month tumble: HCA stock down 25%",
        "published": "2024-12-12T07:00:00.000+02:00",
        "replies_count": 0,
        "participants_count": 1,
        "site_type": "news",
        "country": "US",
        "main_image": "https://www.beckershospitalreview.com/templates/beckers/assets/images/bhr-new-logo.png",
        "performance_score": 0,
        "domain_rank": 3683,
        "domain_rank_updated": "2024-12-09T23:00:00.000+02:00",
        "social": {
            "facebook": {
                "likes": 0,
                "comments": 0,
                "shares": 0
            },
            "vk": {
                "shares": 0
            }
        }
    },
    "uuid": "a16e7bc03fc1d094bf583b75d29fa1d07c4929b4",
    "url": "https://www.beckershospitalreview.com/finance/2-month-tumble-hca-stock-down-25.html",
    "ord_in_thread": 0,
    "parent_url": null,
    "author": "Alan Condon",
    "published": "2024-12-12T07:00:00.000+02:00",
    "title": "2-month tumble: HCA stock down 25%",
    "text": "Nashville, Tenn.-based HCA Healthcare's stock price has fallen 25% over the past two months, from an [all-time high](https://www.beckershospitalreview.com/finance/hca-continues-to-climb.html) of $415.54 on Oct. 18 to $311.99 on Dec. 12.\nThe stock price slide began with a nearly 10% drop after third-quarter results [fell short](https://www.beckershospitalreview.com/finance/hcas-operating-income-up-17-in-q3-6-things-to-know.html) of expectations. This was despite HCA reporting an operating income of $1.9 billion (10.9% margin) on $17.5 billion in revenue, which increased 8% year over year.\nThe 187-hospital system missed its third-quarter forecasts by $50 million, largely because of [disruptions](https://www.beckershospitalreview.com/finance/hca-faces-2024-hit-from-major-hurricanes.html) at facilities in Florida, Georgia and North Carolina due to hurricanes Helene and Milton.\nHCA anticipates additional expenses and loss of revenue due to Helene's impact on its North Carolina facilities, as well as from Hurricane Milton, which affected certain facilities in Florida during October. The financial effect of the hurricanes is estimated to be between $200 million and $300 million.\n\"We anticipate incurring significant expenses and lost revenue related to these issues throughout the remainder of the year,\" HCA CEO Sam Hazen said during the company's Oct. 25 earnings call.\nFor example, HCA's Florida Largo Hospital, a [455-bed](https://www.hcafloridahealthcare.com/locations/largo-hospital/about-us) facility, was significantly damaged during Hurricane Milton. Repairs delayed its full [reopening](https://www.hcafloridahealthcare.com/about-us/newsroom/largo-hospital-fully-open-after-hurricane-repairs) until Dec. 1.\n\"Lost revenue\" and \"significant repair expenses\" at the hospital put a dent in HCA Florida's fourth-quarter expectations, according to Mr. Hazen.\nDespite the challenges, HCA reaffirmed its 2024 net income estimate of $5.7 billion to $6 billion but cautioned results would likely fall at the lower end of the range. This guidance, [raised](https://www.beckershospitalreview.com/finance/hca-posts-1-5b-profit-in-q2-7-things-to-know.html) in July, reflects optimism despite recent setbacks.",
    "highlightText": "",
    "highlightTitle": "",
    "highlightThreadTitle": "",
    "language": "english",
    "sentiment": "negative",
    "categories": [
        "Economy, Business and Finance"
    ],
    "topics": null,
    "ai_allow": true,
    "has_canonical": false,
    "webz_reporter": false,
    "external_links": [
        "https://www.hcafloridahealthcare.com/locations/largo-hospital/about-us",
        "https://www.hcafloridahealthcare.com/about-us/newsroom/largo-hospital-fully-open-after-hurricane-repairs",
        "https://hcafloridahealthcare.com/locations/largo-hospital/about-us",
        "https://hcafloridahealthcare.com/about-us/newsroom/largo-hospital-fully-open-after-hurricane-repairs"
    ],
    "external_images": [],
    "entities": {
        "persons": [],
        "organizations": [],
        "locations": []
    },
    "syndication": {
        "syndicated": false,
        "syndicate_id": null,
        "first_syndicated": false
    },
    "rating": null,
    "crawled": "2024-12-13T01:23:14.965+02:00",
    "updated": "2024-12-13T01:23:14.965+02:00"
}