{
    "thread": {
        "uuid": "3649efc98a567ca67fdc362ae93a5727d2bdc7e5",
        "url": "https://www.perthnow.com.au/news/the-kimberley-echo/why-kununurras-lakeside-park-estate-struggles-to-sell-despite-housing-crisis-c-17069594",
        "site_full": "www.perthnow.com.au",
        "site": "perthnow.com.au",
        "site_section": "https://www.perthnow.com.au/feed",
        "site_categories": [
            "media",
            "cricket",
            "sports",
            "top_news_au",
            "top_news"
        ],
        "section_title": "",
        "title": "Why Kununurra’s Lakeside Park Estate struggles to sell despite housing crisis",
        "title_full": "Why Kununurra’s Lakeside Park Estate struggles to sell despite housing crisis",
        "published": "2024-12-12T14:55:00.000+02:00",
        "replies_count": 0,
        "participants_count": 1,
        "site_type": "news",
        "country": "AU",
        "main_image": "https://images.perthnow.com.au/publication/C-17069594/b269ae03961865e5ffd477bbd3659f808a7164bf-16x9-x0y0w5050h2841.jpg?imwidth=1200",
        "performance_score": 0,
        "domain_rank": 7993,
        "domain_rank_updated": "2024-12-09T23:00:00.000+02:00",
        "social": {
            "facebook": {
                "likes": 1,
                "comments": 1,
                "shares": 7
            },
            "vk": {
                "shares": 0
            }
        }
    },
    "uuid": "3649efc98a567ca67fdc362ae93a5727d2bdc7e5",
    "url": "https://www.perthnow.com.au/news/the-kimberley-echo/why-kununurras-lakeside-park-estate-struggles-to-sell-despite-housing-crisis-c-17069594",
    "ord_in_thread": 0,
    "parent_url": null,
    "author": "Sarah Crawford The Kimberley Echo Comments",
    "published": "2024-12-12T14:55:00.000+02:00",
    "title": "Why Kununurra’s Lakeside Park Estate struggles to sell despite housing crisis",
    "text": "It’s the unsellable land in a town with a serious housing shortage.\nBut recently the State Government has found a buyer for its residential land plots at Kununurra’s Lakeside Park Estate — itself.\nThe Department of Communities has bought five plots of land on Setosa Pass and Zamia Link for $567,450 to build much-needed Government Regional Officer Housing for public-sector workers.\nIt is one of only a handful of purchases in the estate over the past 10 years — all of which have been internal sales to various Government agencies.\nAlthough Kununurra has a severe housing shortage — with only one or two properties for rent on any given day — no one wants to buy the last seven plots of stage six at Lakeside Park Estate.\nConsequently, without stage six sold, stage seven has not been released.\nCamera Icon\nOne of four blocks bought for GROH at Setosa Pass, Lakeside Park Estate, Kununurra. Credit: RP Data Kimberley First National Director Brad Williams, the real estate agent selling the plots, said no one had bought land at the estate since 2014 because “it simply has not been economically viable to build on those blocks since that time.”\n“Property values fell sharply between 2014 and 2016, meaning people could buy a house for far less than they could build one . . . Those conditions make it very difficult for banks to lend money to build a house that would be worth less than it cost to build,” he said.\nAfter the COVID-19 pandemic, supply chain issues compounded the problem, with building costs skyrocketing.\n“So even though property prices have improved significantly since 2021, it is still slightly more economical to buy established houses . . . and of course buyers can avoid the 18 to 24-month waiting time for a new build,” Mr Williams said.\nThis housing market failure is not unique to Lakeside. A report by the Kimberley Development Commission last year revealed houses cost far more to build than the market value of the constructed dwelling across the North West. This has caused housing construction to collapse from 717 dwelling approvals in 2012-2013 to just 73 in 2022-2023.\nIn 2020, Development WA tried to entice buyers to build new homes by discounting block prices through the Regional Land Booster package.\nAcross regional WA, 1095 residential, industrial and commercial lots were reduced by a combined $116 million, including Lakeside Park Estate, where land was reduced by between $20,000 and $40,000 each lot.\nCamera Icon\nStage seven of Lakeside Park Estate Kununurra. Credit: Google Streetview / supplied However, Mr Williams believes the housing market has now increased sufficiently since 2014 to finally bring sale values back into line with estimated build costs at Lakeside Park Estate.\n“We have seen several house sales in the estate reaching as much as $700,000,” he said.\nHowever, shire of Wyndham-East Kimberley president David Menzel said there was another reason people were not interested in buying the land plots — they were too small and too close to town.\n“People who live in the Kimberley don’t particularly want to live in a suburb — if they did, they would be in Perth,” he said.\n“Most people up here are outdoorsy types. Four-hundred metres is good if you want to park a couple of boats, your second vehicle, your bush vehicle and the rest of it, but then you have no room for a house.\n“People that fancy that lifestyle are really keen to move out of town and we think there’s probably quite a bit of pent-up demand for that.”\nCamera Icon\nLakeside Park Estate shows stages six and seven Credit: RP Data Mr Menzel pointed to the auction of just over 30 rural blocks at Valentine Falls Estate about 10km out of Kununurra in 2020. Before the auction, the blocks were priced at $300,000, but they sold for between $80,000 and $120,000. Now, 23 of those blocks have houses built on them.\nMr Menzel said the Shire had identified State land at Crossing Falls Road, 10 minutes drive south of Kununurra, which it thought would also be suitable for rural lifestyle blocks.\n“I think activating that land, which currently has no monetary value, is a good option for the State,” he said.\nAt Lakeside Park Estate, the new GROH houses will probably take 18 months to two years to build.\nA Department of Communities spokesperson said houses would provide appropriate and affordable housing to Government employees such as teachers and police officers.\n“Since the State Government’s record investment, more than 150 dwellings have been added to the GROH portfolio in the North West of Western Australia, with a further 22 GROH dwellings currently under contract or construction,” the spokesperson said.\n“The State Government is investing $160.3 million in GROH for new builds, spot purchases, refurbishment and land acquisition.”\nShare to Facebook\nShare to Twitter\nEmail Us\nCopy the Link",
    "highlightText": "",
    "highlightTitle": "",
    "highlightThreadTitle": "",
    "language": "english",
    "sentiment": "negative",
    "categories": [
        "Economy, Business and Finance",
        "Social Issue"
    ],
    "topics": null,
    "ai_allow": true,
    "has_canonical": true,
    "webz_reporter": false,
    "external_links": [],
    "external_images": [],
    "entities": {
        "persons": [
            {
                "name": "Brad Williams",
                "sentiment": "none"
            }
        ],
        "organizations": [],
        "locations": []
    },
    "syndication": {
        "syndicated": false,
        "syndicate_id": null,
        "first_syndicated": false
    },
    "rating": null,
    "crawled": "2024-12-13T01:09:41.984+02:00",
    "updated": "2024-12-13T06:04:12.464+02:00"
}