{
    "thread": {
        "uuid": "c63c20137e404a5e4b69b8b679cd519afb120f4b",
        "url": "https://uk.investing.com/news/stock-market-news/brazil-shares-lower-at-close-of-trade-bovespa-down-140-3835226",
        "site_full": "uk.investing.com",
        "site": "investing.com",
        "site_section": "https://uk.investing.com/news/stock-market-news",
        "site_categories": [
            "finance"
        ],
        "section_title": "Stock Market News | Share News - Investing.com UK",
        "title": "Brazil shares lower at close of trade; Bovespa down 1.40% By Investing.com",
        "title_full": "Brazil shares lower at close of trade; Bovespa down 1.40% By Investing.com",
        "published": "2024-12-12T23:30:00.000+02:00",
        "replies_count": 0,
        "participants_count": 1,
        "site_type": "news",
        "country": "GB",
        "main_image": "https://i-invdn-com.investing.com/news/BrazilStockMarketBovespa_800x533_L_1464528307.jpg",
        "performance_score": 0,
        "domain_rank": 1194,
        "domain_rank_updated": "2024-12-09T23:00:00.000+02:00",
        "social": {
            "facebook": {
                "likes": 0,
                "comments": 0,
                "shares": 0
            },
            "vk": {
                "shares": 0
            }
        }
    },
    "uuid": "c63c20137e404a5e4b69b8b679cd519afb120f4b",
    "url": "https://uk.investing.com/news/stock-market-news/brazil-shares-lower-at-close-of-trade-bovespa-down-140-3835226",
    "ord_in_thread": 0,
    "parent_url": null,
    "author": "Investing.com",
    "published": "2024-12-12T23:30:00.000+02:00",
    "title": "Brazil shares lower at close of trade; Bovespa down 1.40% By Investing.com",
    "text": "Investing.com – Brazil equities were lower at the close on Thursday, as losses in the Consumption , Real Estate and Industrials sectors propelled shares lower.\nAt the close in Sao Paulo, the Bovespa declined 1.40%.\nThe biggest gainers of the session on the Bovespa were Hapvida Participacoes e Investimentos (BVMF: HAPV3 ), which rose 1.12% or 0.03 points to trade at 2.70 at the close. Klabin Unt (BVMF: KLBN11 ) fell 0.26% or 0.06 points to end at 23.31 and Santos Brasil Participacoes SA (BVMF: STBP3 ) was down 0.69% or 0.09 points to 12.92 in late trade.\nBiggest losers included Companhia Brasileira De Distribuica (BVMF: PCAR3 ), which lost 11.02% or 0.28 points to trade at 2.26 in late trade. Pet Center Comercio e Partcipacoes (BVMF: PETZ3 ) declined 10.55% or 0.46 points to end at 3.90 and Minerva SA/Brazil (BVMF: BEEF3 ) shed 9.62% or 0.60 points to 5.64.\nDeclining stocks outnumbered rising ones by 688 to 284 and 22 ended unchanged on the B3 Stock Exchange.\nThe CBOE Brazil Etf Volatility , which measures the implied volatility of Bovespa options, was up 6.55% to 33.52.\nIn commodities trading, Gold Futures for February delivery was down 1.82% or 50.15 to $2,706.55 a troy ounce. Meanwhile, Crude oil for delivery in January fell 0.34% or 0.24 to hit $70.05 a barrel, while the March US coffee C contract fell 0.61% or 1.96 to trade at $318.24 .\nUSD/BRL was up 0.63% to 5.99, while EUR/BRL rose 0.37% to 6.27.\nThe US Dollar Index Futures was up 0.27% at 106.68.",
    "highlightText": "",
    "highlightTitle": "",
    "highlightThreadTitle": "",
    "language": "english",
    "sentiment": "negative",
    "categories": [
        "Economy, Business and Finance"
    ],
    "topics": null,
    "ai_allow": true,
    "has_canonical": false,
    "webz_reporter": false,
    "external_links": [],
    "external_images": [],
    "entities": {
        "persons": [],
        "organizations": [
            {
                "name": "Santos Brasil Participacoes SA",
                "sentiment": "none"
            },
            {
                "name": "Hapvida Participacoes",
                "sentiment": "none"
            }
        ],
        "locations": []
    },
    "syndication": {
        "syndicated": false,
        "syndicate_id": null,
        "first_syndicated": false
    },
    "rating": null,
    "crawled": "2024-12-13T00:25:28.871+02:00",
    "updated": "2024-12-13T00:25:28.871+02:00"
}