{
    "thread": {
        "uuid": "8e7d700654d6d807230829ada60722fc22ffea08",
        "url": "https://timesofindia.indiatimes.com/sports/mlb/news/pete-alonso-wont-be-firing-scott-boras-despite-losing-a-70-million-deal-and-mets-negotiations-causing-a-stir/articleshow/117737086.cms",
        "site_full": "timesofindia.indiatimes.com",
        "site": "indiatimes.com",
        "site_section": "https://timesofindia.indiatimes.com/city/faridabad",
        "site_categories": [
            "under_construction",
            "top_news_nz",
            "top_news_au",
            "top_news_ae",
            "top_news_us",
            "top_news_gb",
            "top_news_th",
            "top_news_sa",
            "top_news_sg",
            "top_news_ph",
            "top_news_hk",
            "top_news_nl",
            "top_news_qa",
            "top_news_ie",
            "top_news_pk",
            "top_news_id",
            "top_news_dk",
            "top_news_eg",
            "top_news_za",
            "top_news_my",
            "top_news_kw",
            "top_news_be",
            "top_news_in",
            "top_news_ca",
            "top_news_iq",
            "top_news"
        ],
        "section_title": "Faridabad News: Latest Headlines, Breaking News &amp; Live Samachar Today - Times of India",
        "title": "Pete Alonso \"won't be firing\" Scott Boras despite losing a $70 million deal and Mets negotiations causing a stir | MLB News - The Times of India",
        "title_full": "Pete Alonso \"won't be firing\" Scott Boras despite losing a $70 million deal and Mets negotiations causing a stir | MLB News - The Times of India",
        "published": "2025-01-30T14:30:00.000+02:00",
        "replies_count": 0,
        "participants_count": 1,
        "site_type": "news",
        "country": "IN",
        "main_image": "https://static.toiimg.com/thumb/msid-117737086,width-1070,height-580,imgsize-37664,resizemode-75,overlay-toi_sw,pt-32,y_pad-40/photo.jpg",
        "performance_score": 0,
        "domain_rank": 272,
        "domain_rank_updated": "2025-01-27T23:00:00.000+02:00",
        "social": {
            "facebook": {
                "likes": 0,
                "comments": 0,
                "shares": 0
            },
            "vk": {
                "shares": 0
            }
        }
    },
    "uuid": "8e7d700654d6d807230829ada60722fc22ffea08",
    "url": "https://timesofindia.indiatimes.com/sports/mlb/news/pete-alonso-wont-be-firing-scott-boras-despite-losing-a-70-million-deal-and-mets-negotiations-causing-a-stir/articleshow/117737086.cms",
    "ord_in_thread": 0,
    "parent_url": null,
    "author": "TOI Sports Desk",
    "published": "2025-01-30T14:30:00.000+02:00",
    "title": "Pete Alonso \"won't be firing\" Scott Boras despite losing a $70 million deal and Mets negotiations causing a stir | MLB News - The Times of India",
    "text": "Pete Alonso recently turned down a three-year deal with the New York Mets, sparking debate and speculation about his future. Contrary to rumors, Alonso will remain with his agent Scott Boras, dismissing any plans to switch agencies. Despite interest from the Toronto Blue Jays, it remains uncertain if Alonso will rejoin the Mets. Pete Alonso, one of the most talented players in Major League Baseball, has been the topic of news and debate lately as he continues to be a free agent. As per Joel Sherman of the New York Post, Pete reportedly turned down a three year deal with the New York Mets for $68 million to $70 million. Many fans and experts believe it was under Pete Alonso’s agent, Scott Boras’ influence that led him to make such a decision and Pete would fire Scott soon. But turns out, that is not the case at all.\nPete Boras Will Be Staying With Scott Boras And Wont Be Looking For A New Agent, As Per Ben Nicholson Smith\nAccording to Ben Nicholson Smith of Sportsnet, Pete Alonso is probably not even thinking of taking a step towards firing his agency, the Boras Corporation, which is led by Scott Boras. As per Ben Nicholson Smith’s recent post on X, a source has revealed that Pete Alonso “cannot be contacted by any other agent” and he will carry on working with Scott Boras.\nThe source has also revealed that it will be Pete Alonso who will be reaching out to MLB agents if he absolutely has to but not the other way around.\nThis news has shocked everyone as nobody expected this of Pete Alonso. Recently, at the Amazin’ Day FanFest event, Steve Cohen, New York Mets’ owner had revealed being “exhausted” over negotiating with Pete Alonso. This led to fans and experts blaming Scott Boras for not letting Pete Alonso join the New York Mets but Ben Nicholson Smith’s revelation has changed everything.\nA fan expressing shock over this revelation has now questioned if this is even allowed in Major League Baseball. The fan wrote, “What's the MLB rule on this? Agents can try and pry players from their current agent? So basically the reverse of the above; if a player is signed to a lesser known agent, Boras can swoop in and woo them as much as he wants?”\nMany poked fun at the situation as fans wrote about Pete Alonso being held “hostage” by Scott Boras. A fan wrote, “Pete if you’re ok blink twice”, while another fan wrote, “ok so boras is holding Pete hostage?!??”\nPete Alonso’s Situation Continues To Be Messy And Mysterious With The New York Mets And The Toronto Blue Jays\nPete Alonso and Scott Boras are yet to make an official statement about Pete’s situation with his former team, the New York Teams. While Pete Alonso has received interest from other strong teams, including the Toronto Blue Jays, many believe Pete Alonso will find his way back to his former team.\nMany experts have also debated whether the Toronto Blue Jays will even be able to “offer a better deal” than the New York Mets. With the Spring Training being just a few days away, Pete Alonso’s situation remains a mystery to all.\nAlso Read: Pete Alonso's future in doubt as MLB insider's comments about Blue Jays possibly not offering a better deal spark a stir on social media\nAbout the Author TOI Sports Desk The TOI Sports Desk excels in a myriad of roles that capture the essence of live sporting events and deliver compelling content to readers worldwide. From running live blogs for India and non-India cricket matches to global spectacles featuring Indian talents, like the Chess World Cup final featuring Praggnanandhaa and the Badminton World Championships semifinal featuring HS Prannoy, our live coverage extends to all mega sporting events. We extensively cover events like the Olympics, Asian Games, Cricket World Cups, FIFA World Cups, and more. The desk is also adept at writing comprehensive match reports and insightful post-match commentary, complemented by stats-based articles that provide an in-depth analysis of player performances and team dynamics. We track news wires for key stories, conduct exclusive player interviews in both text and video formats, and file content from print editions and reporters. We keep track of all viral stories, trending topics and produce our own copies on the subjects. We deliver accurate, engaging, and up-to-the-minute sports content, round the clock. Read More\nEnd of Article FOLLOW US ON SOCIAL MEDIA Tired of too many ads? go ad free now Trending Stories In Sports Entire Website Tired of too many ads? go ad free now",
    "highlightText": "",
    "highlightTitle": "",
    "highlightThreadTitle": "",
    "language": "english",
    "sentiment": "negative",
    "categories": [
        "Sport",
        "Economy, Business and Finance",
        "Social Issue"
    ],
    "topics": [
        "Sport->baseball",
        "Sport->sport industry",
        "Sport->sports transaction",
        "Economy, Business and Finance->business governance",
        "Economy, Business and Finance->tourism and leisure industry",
        "Social Issue->social condition",
        "Social Issue->values"
    ],
    "ai_allow": true,
    "has_canonical": false,
    "breaking": false,
    "webz_reporter": false,
    "external_links": [
        "https://static.toiimg.com/photo/83033472.cms",
        "https://static.toiimg.com/photo/63379366.cms",
        "https://www.static.toiimg.com/photo/83033472.cms",
        "https://www.static.toiimg.com/photo/63379366.cms"
    ],
    "external_images": [],
    "entities": {
        "persons": [],
        "organizations": [],
        "locations": []
    },
    "syndication": {
        "syndicated": false,
        "syndicate_id": null,
        "first_syndicated": false
    },
    "trust": null,
    "rating": null,
    "crawled": "2025-01-31T00:02:44.089+02:00",
    "updated": "2025-01-31T00:02:44.089+02:00"
}