{
    "thread": {
        "uuid": "39f80fcdb84198eaf97223b3081378c2b70066ab",
        "url": "https://evertiq.com/news/57172",
        "site_full": "evertiq.com",
        "site": "evertiq.com",
        "site_section": "http://feeds2.feedburner.com/evertiqcom/all",
        "site_categories": [
            "media"
        ],
        "section_title": "evertiq.com :: Latest news",
        "title": "North American EMS industry down 7.8% in December",
        "title_full": "North American EMS industry down 7.8% in December",
        "published": "2025-01-30T14:11:00.000+02:00",
        "replies_count": 0,
        "participants_count": 1,
        "site_type": "news",
        "country": "US",
        "main_image": "https://evertiq.com/nimg/research/2025/IPC/IPC_EMS-December-2024.jpg",
        "performance_score": 0,
        "domain_rank": 146874,
        "domain_rank_updated": "2025-01-27T23:00:00.000+02:00",
        "social": {
            "facebook": {
                "likes": 0,
                "comments": 0,
                "shares": 0
            },
            "vk": {
                "shares": 0
            }
        }
    },
    "uuid": "39f80fcdb84198eaf97223b3081378c2b70066ab",
    "url": "https://evertiq.com/news/57172",
    "ord_in_thread": 0,
    "parent_url": null,
    "author": "Editorial",
    "published": "2025-01-30T14:11:00.000+02:00",
    "title": "North American EMS industry down 7.8% in December",
    "text": "© IPC\nElectronics Production |\nNorth American EMS industry down 7.8% in December\nTotal North American EMS shipments in December 2024 were down 7.8% compared to the same month last year. Compared to the preceding month, December shipments were down 8.3%, reports the IPC.\nTotal North American EMS shipments in December 2024 were down 7.8% compared to the same month last year. Compared to the preceding month, December shipments were down 8.3%. The book-to-bill ratio stands at 1.26.\nEMS bookings in December increased 28% year-over-year and increased 16.9% from the previous month.\n“Strong bookings in December elevated the North American EMS book-to-bill ratio. While shipments are expected to catch up, this surge in orders was likely influenced by tariff uncertainties,” said Shawn DuBravac, Ph.D., IPC’s chief economist.\nExplore the latest trends and developments in the electronics industry, and join us at the upcoming",
    "highlightText": "",
    "highlightTitle": "",
    "highlightThreadTitle": "",
    "language": "english",
    "sentiment": "negative",
    "categories": [
        "Economy, Business and Finance",
        "Social Issue",
        "Human Interest"
    ],
    "topics": [
        "Economy, Business and Finance->business reporting and performance",
        "Social Issue->social condition",
        "Social Issue->population and census",
        "Social Issue->demographics",
        "Human Interest->record and achievement"
    ],
    "ai_allow": true,
    "has_canonical": false,
    "breaking": false,
    "webz_reporter": false,
    "external_links": [],
    "external_images": [],
    "entities": {
        "persons": [],
        "organizations": [],
        "locations": []
    },
    "syndication": {
        "syndicated": false,
        "syndicate_id": null,
        "first_syndicated": false
    },
    "trust": null,
    "rating": null,
    "crawled": "2025-01-31T00:02:10.582+02:00",
    "updated": "2025-01-31T00:02:10.582+02:00"
}