{
    "thread": {
        "uuid": "b98a6a085019d3b11ebdf653fa4398067bf0cf66",
        "url": "https://www.latestnigeriannews.com/p/4083405/nintendo-loses-trademark-battle-with-a-costa-rican-grocery-store.html",
        "site_full": "www.latestnigeriannews.com",
        "site": "latestnigeriannews.com",
        "site_section": "http://www.latestnigeriannews.com/feed/allnews/rss.xml",
        "site_categories": [
            "media"
        ],
        "section_title": "Latest Nigerian News Headlines",
        "title": "Nintendo Loses Trademark Battle With a Costa Rican Grocery Store",
        "title_full": "Nintendo Loses Trademark Battle With a Costa Rican Grocery Store",
        "published": "2025-01-30T16:04:00.000+02:00",
        "replies_count": 0,
        "participants_count": 1,
        "site_type": "news",
        "country": "NG",
        "main_image": "",
        "performance_score": 0,
        "domain_rank": 73735,
        "domain_rank_updated": "2025-01-27T23:00:00.000+02:00",
        "social": {
            "facebook": {
                "likes": 0,
                "comments": 0,
                "shares": 0
            },
            "vk": {
                "shares": 0
            }
        }
    },
    "uuid": "b98a6a085019d3b11ebdf653fa4398067bf0cf66",
    "url": "https://www.latestnigeriannews.com/p/4083405/nintendo-loses-trademark-battle-with-a-costa-rican-grocery-store.html",
    "ord_in_thread": 0,
    "parent_url": null,
    "author": "Latestnigeriannews",
    "published": "2025-01-30T16:04:00.000+02:00",
    "title": "Nintendo Loses Trademark Battle With a Costa Rican Grocery Store",
    "text": "-- External Links --\nPunch\nVanguard\nThisday\nGuardian\nDaily Sun\nThe Nation\nDaily Independent\nLeadership\nTribune\nNational Mirror\nDaily Trust\nDaily Times\nBusinessDay\nSahara Reporters\nPremium Times\nPM News\nTori\nLinda Ikeji\nBella Naija\nNairaland\nCNN\nBBC\nAljazeera\nGoal\nAfrican Football\nBleacher Report\n90min\nComplete Sports\n|\n|\n|\n|\n|\n|\n|\n|\n|\n|\n|\n|\n|\n|\n|\n|\n|\n|\n|\n|\nViewing Mode:\nMedium\nVanguard\nPunch\nGuardian\nThisday\nDaily Sun\nLeadership\nTribune\nDaily Trust\nDaily Times\nDaily Independent\nThe Nation\nNational Mirror\nBusinessDay\nSahara Reporters\nSports\nEntertainment\nWorld\nTechnology\nBusiness\nPolitics\nFeatures\nColumns\nNigerian Jobs\nDay\n01\n02\n03\n04\n05\n06\n07\n08\n09\n10\n11\n12\n13\n14\n15\n16\n17\n18\n19\n20\n21\n22\n23\n24\n25\n26\n27\n28\n29\n30\n31\nMonth\nJan\nFeb\nMar\nApr\nMay\nJun\nJul\nAug\nSep\nOct\nNov\nDec\nYear\n2024\n2023\n2022\n2021\n2020\n2019\n2018\n2017\n2016\n2015\n2014\n2013\n2012\n2011\nArchive:\nEntertainment Headlines Today\n[Thu-30-Jan-2025]\n-\n-\n-\n-\n-\n-\n-\n-\n-\nClick to view all Entertainment headlines today\nSports Headlines Today\n[Thu-30-Jan-2025]\n-\n-\n-\n-\n-\n-\n-\n-\n-\nClick to view all Sports headlines today\nNintendo Loses Trademark Battle With a Costa Rican Grocery Store\nPublished by\nSlashdot\non Thu, 30 Jan 2025\nAn anonymous reader quotes a report from Techdirt: While most of our conversations about Nintendo recently have focused on the somewhat bizarre patent lawsuit the company filed against Pocketpair over the hit game Palworld, traditionally our coverage of the company has focused more on the very wide net of IP bullying it engages in. This is a company absolutely notorious for behaving in as protectionist a fashion as possible with anything even remotely related to its IP. That reputation is so well known, in fact, that it serves the company's bullying purposes. When smaller entities get threat letters or oppositions to applied-for trademarks and the like, some simply back down without a fight. But not the Super Mario shop in Costa Rica, it seems. The supermarket store owned by a man named Mario (hence the name), has had a trademark on its name since 2013. But when Mario's son, Charlito, went to renew the registration, Nintendo's lawyers suddenly came calling. Last year it was time to renew the registration, Charlito stated, which prompted Nintendo to get involved. While Nintendo has trademarked the use of Super Mario worldwide under numerous categories, including video games, clothing and toys, it appears the company did not specifically state anything about the names of supermarkets. This, Charlito says, was the key factor in the decision by Costa Rica's trademark authority, the National Register, to side with the supermarket. \"As you will see from the picture [here], it is extremely clear, based on the rest of the store's signage and branding, that there is absolutely no attempt in any of this to draw any kind of association with Nintendo's iconic character,\" writes Techdirt's Timothy Geigner. \"The shop already had the name for over a decade, and had a trademark on the name for over a decade, all apparently without any noticeable effect on Nintendo's enormous business. For a renewal of that mark to trigger this kind of conflict is absurd.\"Read more of this story at Slashdot.\nClick here to read full news..\nAll Channels\nNigerian Dailies:\nPunch\n|\nVanguard\n|\nThe Nation\n|\nThisday\n|\nDaily Sun\n|\nGuardian\n|\nDaily Times\n|\nDaily Trust\n|\nDaily Independent\n|\nThe Herald\n|\nTribune\n|\nLeadership\n|\nNational Mirror\n|\nBusinessDay\n|\nNew Telegraph\n|\nPeoples Daily\n|\nBlueprint\n|\nNigerian Pilot\n|\nSahara Reporters\n|\nPremium Times\n|\nThe Cable\n|\nPM News\n|\nAPO Africa Newsroom\nCategories Today:\nWorld\n|\nSports\n|\nTechnology\n|\nEntertainment\n|\nBusiness\n|\nPolitics\n|\nColumns\n|\nAll Headlines Today\nEntertainment (Local):\nLinda Ikeji\n|\nBella Naija\n|\nTori\n|\nDaily News 24\n|\nPulse\n|\nThe NET\n|\nDailyPost\n|\nInformation Nigeria\n|\nGistlover\n|\nLailas Blog\n|\nMiss Petite\n|\nOlufamous\n|\nStella Dimoko Korkus Blog\n|\nYnaija\n|\nAll Entertainment News Today\nEntertainment (World):\nTMZ\n|\nDaily Mail\n|\nHuffington Post\nSports:\nGoal\n|\nAfrican Football\n|\nBleacher Report\n|\nFTBpro\n|\nKickoff\n|\nAll Sports Headlines Today\nBusiness & Finance:\nNairametrics\n|\nNigerian Tenders\n|\nBusiness Insider\n|\nForbes\n|\nEntrepreneur\n|\nThe Economist\n|\nBusinessTech\n|\nFinancial Watch\n|\nBusinessDay\n|\nAll Business News Headlines Today\nTechnology (Local):\nTechpoint\n|\nTechMoran\n|\nTechCity\n|\nInnovation Village\n|\nIT News Africa\n|\nTechnology Times\n|\nTechnext\n|\nTechcabal\n|\nAll Technology News Headlines Today\nTechnology (World):\nTechcrunch\n|\nTechmeme\n|\nSlashdot\n|\nWired\n|\nHackers News\n|\nEngadget\n|\nPocket Lint\n|\nThe Verge\nInternational Networks:\n|\nCNN\n|\nBBC\n|\nAl Jazeera\n|\nYahoo\nForum:\n|\nNairaland\n|\nNaij\nOther Links:\nHome\n|\nNigerian Jobs\nHome\n|\nAbout Us\n|\nContact Us\n|\nDisclaimer\n|\nPrivacy Policy\n|\nCopyright\n|\nSubscribe To News Alert\n|\nFacebook\n|\nTwitter\nAll trademarks and copyrights on this page are owned by their respective owners\nCopyright © 2025. latestnigeriannews.com - All rights reserved",
    "highlightText": "",
    "highlightTitle": "",
    "highlightThreadTitle": "",
    "language": "english",
    "sentiment": "negative",
    "categories": [
        "Economy, Business and Finance",
        "Social Issue"
    ],
    "topics": [
        "Economy, Business and Finance->business governance",
        "Economy, Business and Finance->corporate news and profiles"
    ],
    "ai_allow": true,
    "has_canonical": false,
    "breaking": false,
    "webz_reporter": false,
    "external_links": [],
    "external_images": [],
    "entities": {
        "persons": [],
        "organizations": [],
        "locations": []
    },
    "syndication": {
        "syndicated": false,
        "syndicate_id": null,
        "first_syndicated": false
    },
    "trust": null,
    "rating": null,
    "crawled": "2025-01-31T00:12:13.765+02:00",
    "updated": "2025-01-31T00:12:13.765+02:00"
}