{
    "thread": {
        "uuid": "91ee5b743596a5362a8c2e4ebbc1a8bf0184f0fc",
        "url": "https://globalnews.ca/news/10988811/jasper-wildfire-damage-estimate-revised-construction",
        "site_full": "globalnews.ca",
        "site": "globalnews.ca",
        "site_section": "http://globalnews.ca",
        "site_categories": [
            "media",
            "health",
            "cold_and_flu",
            "top_news_ca",
            "top_news"
        ],
        "section_title": "Global News | Breaking, Latest News and Video for Canada",
        "title": "Jasper wildfire damage estimate rises to $1.2B as debris removal continues | Globalnews.ca",
        "title_full": "Jasper wildfire damage estimate rises to $1.2B as debris removal continues | Globalnews.ca",
        "published": "2025-01-30T17:21:00.000+02:00",
        "replies_count": 0,
        "participants_count": 1,
        "site_type": "news",
        "country": "CA",
        "main_image": "https://globalnews.ca/wp-content/uploads/2025/01/20250129140148-20250129130128-679a7416360159c1057e6aa9jpeg.jpg?quality=85&amp;strip=all&amp;w=720&amp;h=379&amp;crop=1",
        "performance_score": 0,
        "domain_rank": 935,
        "domain_rank_updated": "2025-01-27T23:00:00.000+02:00",
        "social": {
            "facebook": {
                "likes": 0,
                "comments": 0,
                "shares": 0
            },
            "vk": {
                "shares": 0
            }
        }
    },
    "uuid": "91ee5b743596a5362a8c2e4ebbc1a8bf0184f0fc",
    "url": "https://globalnews.ca/news/10988811/jasper-wildfire-damage-estimate-revised-construction",
    "ord_in_thread": 0,
    "parent_url": null,
    "author": "The Canadian Press",
    "published": "2025-01-30T17:21:00.000+02:00",
    "title": "Jasper wildfire damage estimate rises to $1.2B as debris removal continues | Globalnews.ca",
    "text": "The Insurance Bureau of Canada says last year’s wildfire in Jasper, Alta., which destroyed one-third of the town’s homes and buildings, is the second costliest fire disaster in the country’s history.\nIt says a revised estimate on total damage has increased to $1.23 billion from $880 million.\nView image in full screen The Insurance Bureau of Canada says debris continues to be removed from Jasper, Alta., and the goal is to have it all done so home construction can begin May 1. A worker walks in a devastated neighbourhood in west Jasper on Aug. 19, 2024. THE CANADIAN PRESS/Amber Bracken The fire forced about 5,000 residents of the town and 20,000 visitors in Jasper National Park to flee in July.\nStory continues below advertisement Flames destroyed 350 homes and businesses.\nGet breaking National news For news impacting Canada and around the world, sign up for breaking news alerts delivered directly to you when they happen. Sign up for breaking National newsletter Sign Up By providing your email address, you have read and agree to Global News' Terms and Conditions and Privacy Policy . The bureau says debris continues to be removed and the goal is to have it done so home construction can begin May 1.\nIt says more than 90 per cent of the destroyed properties have been granted demolition permits.\nBecause power was cut off to other properties during the fire, food spoiled in fridges and freezers, and about 2,300 of the appliances had to be disposed of.\n1:51 Jasper wildfires: 2025 slated to be critical year for town’s recovery",
    "highlightText": "",
    "highlightTitle": "",
    "highlightThreadTitle": "",
    "language": "english",
    "sentiment": "negative",
    "categories": [
        "Economy, Business and Finance",
        "Social Issue",
        "Environment"
    ],
    "topics": [
        "Economy, Business and Finance->economy",
        "Economy, Business and Finance->business reporting and performance",
        "Economy, Business and Finance->financial and economic news",
        "Social Issue->social problem",
        "Social Issue->population and census",
        "Environment->natural resources",
        "Environment->environmental pollution"
    ],
    "ai_allow": true,
    "has_canonical": false,
    "breaking": false,
    "webz_reporter": false,
    "external_links": [
        "https://d21y75miwcfqoq.cloudfront.net/70c8fc80",
        "https://www.corusent.com/terms-of-use/",
        "https://www.corusent.com/privacy-policy/",
        "https://www.d21y75miwcfqoq.cloudfront.net/70c8fc80",
        "https://www.corusent.com/privacy-policy",
        "https://www.corusent.com/terms-of-use",
        "https://corusent.com/privacy-policy/",
        "https://corusent.com/terms-of-use/"
    ],
    "external_images": [],
    "entities": {
        "persons": [],
        "organizations": [],
        "locations": []
    },
    "syndication": {
        "syndicated": false,
        "syndicate_id": null,
        "first_syndicated": false
    },
    "trust": null,
    "rating": null,
    "crawled": "2025-01-31T00:15:37.223+02:00",
    "updated": "2025-01-31T00:15:37.223+02:00"
}