{
    "thread": {
        "uuid": "cd44677cf7556eab0eaa218e5fd74b43e53b8aaf",
        "url": "https://www.techspot.com/news/105770-ftc-most-smart-device-makers-break-law-not.html",
        "site_full": "www.techspot.com",
        "site": "techspot.com",
        "site_section": "https://www.techspot.com/backend.xml",
        "site_categories": [
            "tech"
        ],
        "section_title": "TechSpot",
        "title": "FTC: Most smart device makers are breaking the law by not informing consumers of software support terms | TechSpot",
        "title_full": "FTC: Most smart device makers are breaking the law by not informing consumers of software support terms | TechSpot",
        "published": "2024-11-29T23:29:00.000+02:00",
        "replies_count": 0,
        "participants_count": 1,
        "site_type": "news",
        "country": "US",
        "main_image": "https://www.techspot.com/images2/news/bigimage/2024/11/2024-11-29-image-17.jpg",
        "performance_score": 0,
        "domain_rank": 2577,
        "domain_rank_updated": "2024-11-25T23:00:00.000+02:00",
        "social": {
            "facebook": {
                "likes": 0,
                "comments": 0,
                "shares": 7
            },
            "vk": {
                "shares": 0
            }
        }
    },
    "uuid": "cd44677cf7556eab0eaa218e5fd74b43e53b8aaf",
    "url": "https://www.techspot.com/news/105770-ftc-most-smart-device-makers-break-law-not.html",
    "ord_in_thread": 0,
    "parent_url": null,
    "author": "Adrian Potoroaca",
    "published": "2024-11-29T23:29:00.000+02:00",
    "title": "FTC: Most smart device makers are breaking the law by not informing consumers of software support terms | TechSpot",
    "text": "In context: For consumers using a variety of smart home gadgets, there's nothing more infuriating than spending hundreds or thousands of dollars on products rendered unusable or left with limited functionality after software support ends. Companies sometimes offer subscription fees for continued support, essentially holding functionality hostage.\nIn September, representatives from iFixit, the Electronic Frontier Foundation, and Consumer Reports sent a letter to Samuel Levine, director of the FTC's Bureau of Consumer Protection, and Serena Viswanathan, the FTC's Division of Advertising Practices associate director. The letter pointed out the prevalence of anti-consumer practices among smart device manufacturers and their effect on people's ability to truly own the devices they purchase.\nA new FTC study found that many companies developing and selling smart gadgets fail to disclose the length of support service for those products. After examining 184 devices across 64 product categories, the agency found that only 11.3 percent shared information about the software support duration on their product page.\nMost of those devices – 89 percent – failed to feature this information prominently on the manufacturers' websites or any material related to the products. Considering how easy it should be to find details online about the end date for software updates, the agency couldn't find anything at all for 124 of the devices included in the study. It also noted that search features like Google's AI Overviews make this even more challenging for the average consumer, as the results are often wrong or misleading.\nThe FTC warns that, for products with written warranties and costing $15 or more, failing to disclose this crucial information violates the Magnuson Moss Warranty Act. Additionally, the agency found that even when some information about software support is available, the language is ambiguous and misleading.\nPhrases like \"continuous software updates,\" \"lifetime technical support,\" and \"as long as your device is fully operational\" were found in product-related materials that were sometimes at odds with reality. For instance, one device featured \"lifetime support\" on its product page but had not issued any security updates since 2021. Another device with a similar promise on the product page showed support ends in 2028 in a different section of the website.\n// Related Stories FTC set to probe Microsoft over alleged anticompetitive cloud business practices China retaliates against US with bans on critical materials for semiconductors and defense The findings confirm the need for what the consumer rights groups advocated for in their letter to the FTC. They say new rules for smart device manufacturers would give consumers a better understanding of how long their internet-connected gadgets should work, thus allowing them to make an informed decision. It would also enforce competition between OEMs to design longer-lasting devices.\n7 comments 132 likes and shares",
    "highlightText": "",
    "highlightTitle": "",
    "highlightThreadTitle": "",
    "language": "english",
    "sentiment": "negative",
    "categories": [
        "Economy, Business and Finance",
        "Social Issue"
    ],
    "topics": null,
    "ai_allow": true,
    "canonical": false,
    "webz_reporter": false,
    "external_links": [
        "https://advocacy.consumerreports.org/research/group-letter-ftc-software-tethering",
        "https://www.ftc.gov/system/files/ftc_gov/pdf/smart-device-makers-failure-to-provide-software-updates-may-leave-you-smarting.pdf",
        "https://ftc.gov/system/files/ftc_gov/pdf/smart-device-makers-failure-to-provide-software-updates-may-leave-you-smarting.pdf",
        "https://www.advocacy.consumerreports.org/research/group-letter-ftc-software-tethering"
    ],
    "external_images": [],
    "entities": {
        "persons": [],
        "organizations": [],
        "locations": []
    },
    "syndication": {
        "syndicated": false,
        "syndicate_id": null,
        "first_syndicated": false
    },
    "rating": null,
    "crawled": "2024-11-30T01:03:39.001+02:00",
    "updated": "2024-12-05T18:02:23.548+02:00"
}