{
    "thread": {
        "uuid": "5e791681fd19ef4f1d6826e3b5b33726de6dee5e",
        "url": "https://techdows.com/2024/11/29/short-interest-in-big-yellow-group-plc-otcmktsbylof-drops-by-42-9/649763.html",
        "site_full": "techdows.com",
        "site": "techdows.com",
        "site_section": "https://www.techdows.com",
        "site_categories": [
            "tech"
        ],
        "section_title": "Techdows News",
        "title": "Short Interest in Big Yellow Group Plc (OTCMKTS:BYLOF) Drops By 42.9%",
        "title_full": "Short Interest in Big Yellow Group Plc (OTCMKTS:BYLOF) Drops By 42.9%",
        "published": "2024-11-30T00:58:00.000+02:00",
        "replies_count": 0,
        "participants_count": 0,
        "site_type": "news",
        "country": "US",
        "main_image": "",
        "performance_score": 0,
        "domain_rank": 82376,
        "domain_rank_updated": "2024-11-25T23:00:00.000+02:00",
        "social": {
            "facebook": {
                "likes": 0,
                "comments": 0,
                "shares": 0
            },
            "vk": {
                "shares": 0
            }
        }
    },
    "uuid": "5e791681fd19ef4f1d6826e3b5b33726de6dee5e",
    "url": "https://techdows.com/2024/11/29/short-interest-in-big-yellow-group-plc-otcmktsbylof-drops-by-42-9/649763.html",
    "ord_in_thread": 0,
    "parent_url": null,
    "author": null,
    "published": "2024-11-30T00:58:00.000+02:00",
    "title": "Short Interest in Big Yellow Group Plc (OTCMKTS:BYLOF) Drops By 42.9%",
    "text": "Big Yellow Group Plc ( OTCMKTS:BYLOF – Get Free Report ) was the recipient of a large drop in short interest in the month of November. As of November 15th, there was short interest totalling 400 shares, a drop of 42.9% from the October 31st total of 700 shares. Based on an average trading volume of 1,600 shares, the days-to-cover ratio is presently 0.3 days.\nBig Yellow Group Price Performance OTCMKTS BYLOF traded down $0.20 on Friday, hitting $13.75. The company had a trading volume of 600 shares, compared to its average volume of 2,106. The company’s fifty day moving average price is $15.69 and its 200-day moving average price is $15.70. Big Yellow Group has a 12-month low of $12.70 and a 12-month high of $17.88.\nBig Yellow Group Company Profile ( Get Free Report )\nBig Yellow is the UK's brand leader in self storage. Big Yellow now operates from a platform of 109 stores, including 24 stores branded as Armadillo Self Storage. We have a pipeline of 0.9 million sq ft comprising 13 proposed Big Yellow self storage facilities. The current maximum lettable area of the existing platform (including Armadillo) is 6.4 million sq ft.\nFeatured Stories",
    "highlightText": "",
    "highlightTitle": "",
    "highlightThreadTitle": "",
    "language": "english",
    "sentiment": "negative",
    "categories": [
        "Economy, Business and Finance",
        "Corporate News and Profiles"
    ],
    "topics": null,
    "ai_allow": true,
    "canonical": false,
    "webz_reporter": false,
    "external_links": [
        "https://www.marketbeat.com/stocks/OTCMKTS/BYLOF/options/",
        "https://www.marketbeat.com/arnreports/ReportTickerOptin.aspx?RegistrationCode=TickerHyperlink&Prefix=OTCMKTS&Symbol=BYLOF",
        "https://www.marketbeat.com/stocks/OTCMKTS/BYLOF/",
        "https://www.marketbeat.com/stocks/OTCMKTS/BYLOF/options",
        "https://marketbeat.com/stocks/OTCMKTS/BYLOF/options/",
        "https://www.marketbeat.com/stocks/OTCMKTS/BYLOF",
        "https://www.marketbeat.com/arnreports/ReportTickerOptin.aspx",
        "https://marketbeat.com/stocks/OTCMKTS/BYLOF/",
        "https://marketbeat.com/arnreports/ReportTickerOptin.aspx?RegistrationCode=TickerHyperlink&Prefix=OTCMKTS&Symbol=BYLOF"
    ],
    "external_images": [],
    "entities": {
        "persons": [],
        "organizations": [
            {
                "name": "Big Yellow Group Plc",
                "sentiment": "negative"
            }
        ],
        "locations": []
    },
    "syndication": {
        "syndicated": false,
        "syndicate_id": null,
        "first_syndicated": false
    },
    "rating": null,
    "crawled": "2024-11-30T02:21:17.659+02:00",
    "updated": "2024-11-30T02:21:17.659+02:00"
}