{
    "thread": {
        "uuid": "d41b094643213f3e899c14eede02cb85a1bb8dbf",
        "url": "https://techdows.com/2024/11/29/auxier-asset-management-sells-158-shares-of-johnson-johnson-nysejnj/649596.html",
        "site_full": "techdows.com",
        "site": "techdows.com",
        "site_section": "https://www.techdows.com",
        "site_categories": [
            "tech"
        ],
        "section_title": "Techdows News",
        "title": "Auxier Asset Management Sells 158 Shares of Johnson & Johnson (NYSE:JNJ)",
        "title_full": "Auxier Asset Management Sells 158 Shares of Johnson & Johnson (NYSE:JNJ)",
        "published": "2024-11-29T22:16:00.000+02:00",
        "replies_count": 0,
        "participants_count": 1,
        "site_type": "news",
        "country": "US",
        "main_image": "",
        "performance_score": 0,
        "domain_rank": 82376,
        "domain_rank_updated": "2024-11-25T23:00:00.000+02:00",
        "social": {
            "facebook": {
                "likes": 0,
                "comments": 0,
                "shares": 0
            },
            "vk": {
                "shares": 0
            }
        }
    },
    "uuid": "d41b094643213f3e899c14eede02cb85a1bb8dbf",
    "url": "https://techdows.com/2024/11/29/auxier-asset-management-sells-158-shares-of-johnson-johnson-nysejnj/649596.html",
    "ord_in_thread": 0,
    "parent_url": null,
    "author": "Tech Dows",
    "published": "2024-11-29T22:16:00.000+02:00",
    "title": "Auxier Asset Management Sells 158 Shares of Johnson & Johnson (NYSE:JNJ)",
    "text": "Auxier Asset Management reduced its position in shares of Johnson & Johnson ( NYSE:JNJ – Free Report ) by 0.2% in the third quarter, according to the company in its most recent disclosure with the Securities and Exchange Commission. The firm owned 72,621 shares of the company’s stock after selling 158 shares during the period. Johnson & Johnson accounts for approximately 1.7% of Auxier Asset Management’s portfolio, making the stock its 15th largest position. Auxier Asset Management’s holdings in Johnson & Johnson were worth $11,769,000 at the end of the most recent quarter.\nSeveral other hedge funds have also recently made changes to their positions in JNJ. Summit Wealth Partners LLC increased its holdings in shares of Johnson & Johnson by 0.6% during the second quarter. Summit Wealth Partners LLC now owns 10,007 shares of the company’s stock valued at $1,463,000 after acquiring an additional 61 shares in the last quarter. Powers Advisory Group LLC lifted its stake in shares of Johnson & Johnson by 0.6% during the 3rd quarter. Powers Advisory Group LLC now owns 9,489 shares of the company’s stock valued at $1,538,000 after buying an additional 61 shares in the last quarter. Citizens & Northern Corp raised its stake in Johnson & Johnson by 3.5% during the 2nd quarter. Citizens & Northern Corp now owns 1,884 shares of the company’s stock valued at $275,000 after purchasing an additional 63 shares during the period. Eagle Wealth Strategies LLC raised its position in shares of Johnson & Johnson by 2.8% during the third quarter. Eagle Wealth Strategies LLC now owns 2,294 shares of the company’s stock valued at $372,000 after buying an additional 63 shares during the last quarter. Finally, Epic Trust Investment Advisors LLC boosted its holdings in shares of Johnson & Johnson by 3.6% during the 2nd quarter. Epic Trust Investment Advisors LLC now owns 1,831 shares of the company’s stock valued at $268,000 after purchasing an additional 64 shares during the last quarter. 69.55% of the stock is owned by hedge funds and other institutional investors.\nAnalyst Ratings Changes A number of analysts have recently weighed in on the stock. Wolfe Research began coverage on shares of Johnson & Johnson in a report on Friday, November 15th. They issued an “outperform” rating and a $190.00 target price on the stock. Cantor Fitzgerald reaffirmed an “overweight” rating and issued a $215.00 price target on shares of Johnson & Johnson in a research note on Wednesday, October 16th. Citigroup upped their target price on Johnson & Johnson from $180.00 to $185.00 and gave the stock a “buy” rating in a report on Wednesday, October 16th. Morgan Stanley increased their price target on shares of Johnson & Johnson from $169.00 to $175.00 and gave the company an “equal weight” rating in a research report on Wednesday, October 16th. Finally, Royal Bank of Canada upped their target price on Johnson & Johnson from $178.00 to $181.00 and gave the company an “outperform” rating in a research report on Wednesday, October 16th. Seven research analysts have rated the stock with a hold rating, eight have given a buy rating and one has issued a strong buy rating to the company. Based on data from MarketBeat.com, the stock presently has a consensus rating of “Moderate Buy” and a consensus target price of $175.94.\nView Our Latest Stock Report on Johnson & Johnson\nJohnson & Johnson Price Performance Shares of JNJ opened at $155.40 on Friday. The company has a current ratio of 1.03, a quick ratio of 0.79 and a debt-to-equity ratio of 0.45. Johnson & Johnson has a twelve month low of $143.13 and a twelve month high of $168.85. The firm has a market capitalization of $374.14 billion, a PE ratio of 22.49, a P/E/G ratio of 2.76 and a beta of 0.53. The stock’s 50 day moving average is $159.33 and its two-hundred day moving average is $156.38.\nJohnson & Johnson ( NYSE:JNJ – Get Free Report ) last posted its earnings results on Tuesday, October 15th. The company reported $2.42 earnings per share for the quarter, beating the consensus estimate of $2.21 by $0.21. The firm had revenue of $22.47 billion during the quarter, compared to the consensus estimate of $22.17 billion. Johnson & Johnson had a net margin of 19.14% and a return on equity of 35.45%. The firm’s revenue for the quarter was up 5.2% on a year-over-year basis. During the same period last year, the firm posted $2.66 EPS. Research analysts anticipate that Johnson & Johnson will post 9.93 earnings per share for the current year.\nJohnson & Johnson Dividend Announcement The firm also recently announced a quarterly dividend, which will be paid on Tuesday, December 10th. Investors of record on Tuesday, November 26th will be paid a $1.24 dividend. The ex-dividend date of this dividend is Tuesday, November 26th. This represents a $4.96 annualized dividend and a yield of 3.19%. Johnson & Johnson’s payout ratio is currently 71.78%.\nAbout Johnson & Johnson ( Free Report )\nJohnson & Johnson, together with its subsidiaries, researches, develops, manufactures, and sells various products in the healthcare field worldwide. The company's Innovative Medicine segment offers products for various therapeutic areas, such as immunology, including rheumatoid arthritis, psoriatic arthritis, inflammatory bowel disease, and psoriasis; infectious diseases comprising HIV/AIDS; neuroscience, consisting of mood disorders, neurodegenerative disorders, and schizophrenia; oncology, such as prostate cancer, hematologic malignancies, lung cancer, and bladder cancer; cardiovascular and metabolism, including thrombosis, diabetes, and macular degeneration; and pulmonary hypertension comprising pulmonary arterial hypertension through retailers, wholesalers, distributors, hospitals, and healthcare professionals for prescription use.\nSee Also\nWant to see what other hedge funds are holding JNJ? Visit HoldingsChannel.com to get the latest 13F filings and insider trades for Johnson & Johnson ( NYSE:JNJ – Free Report ).",
    "highlightText": "",
    "highlightTitle": "",
    "highlightThreadTitle": "",
    "language": "english",
    "sentiment": "negative",
    "categories": [
        "Economy, Business and Finance"
    ],
    "topics": null,
    "ai_allow": true,
    "canonical": false,
    "webz_reporter": false,
    "external_links": [
        "https://www.marketbeat.com/scripts/SECFilingChart.ashx?Prefix=NYSE&Symbol=JNJ",
        "https://www.holdingschannel.com/hedge-funds/holding-jnj/",
        "https://www.marketbeat.com/stocks/NYSE/JNJ/",
        "https://www.marketbeat.com/arnreports/ReportTickerOptin.aspx?RegistrationCode=TickerHyperlink&Prefix=NYSE&Symbol=JNJ",
        "https://marketbeat.com/arnreports/ReportTickerOptin.aspx?RegistrationCode=TickerHyperlink&Prefix=NYSE&Symbol=JNJ",
        "https://www.marketbeat.com/arnreports/ReportTickerOptin.aspx",
        "https://www.marketbeat.com/scripts/SECFilingChart.ashx",
        "https://www.marketbeat.com/stocks/NYSE/JNJ",
        "https://marketbeat.com/stocks/NYSE/JNJ/",
        "https://marketbeat.com/scripts/SECFilingChart.ashx?Prefix=NYSE&Symbol=JNJ",
        "https://holdingschannel.com/hedge-funds/holding-jnj/",
        "https://www.holdingschannel.com/hedge-funds/holding-jnj"
    ],
    "external_images": [],
    "entities": {
        "persons": [],
        "organizations": [
            {
                "name": "Johnson & Johnson",
                "sentiment": "negative"
            },
            {
                "name": "Auxier Asset Management",
                "sentiment": "negative"
            },
            {
                "name": "Securities and Exchange Commission",
                "sentiment": "none"
            },
            {
                "name": "Powers Advisory Group LLC",
                "sentiment": "none"
            }
        ],
        "locations": []
    },
    "syndication": {
        "syndicated": false,
        "syndicate_id": null,
        "first_syndicated": false
    },
    "rating": null,
    "crawled": "2024-11-30T02:21:26.103+02:00",
    "updated": "2024-11-30T02:21:26.103+02:00"
}