{
    "thread": {
        "uuid": "4bc8a44f6a65fe019ddd9e4e177f3430076a9703",
        "url": "https://www.financialexpress.com/business/industry-india-counters-us-led-charge-of-high-farm-support-at-wto-3680336",
        "site_full": "www.financialexpress.com",
        "site": "financialexpress.com",
        "site_section": "https://www.financialexpress.com",
        "site_categories": [
            "media",
            "financial_news",
            "finance"
        ],
        "section_title": "Business News: Business News India, Business News Today, Latest Finance News, Business News Live | The Financial Express | The Financial Express",
        "title": "India counters US-led charge of “high farm support” at WTO",
        "title_full": "India counters US-led charge of “high farm support” at WTO",
        "published": "2024-11-29T21:00:00.000+02:00",
        "replies_count": 0,
        "participants_count": 1,
        "site_type": "news",
        "country": "IN",
        "main_image": "",
        "performance_score": 0,
        "domain_rank": 2265,
        "domain_rank_updated": "2024-11-25T23:00:00.000+02:00",
        "social": {
            "facebook": {
                "likes": 0,
                "comments": 0,
                "shares": 0
            },
            "vk": {
                "shares": 0
            }
        }
    },
    "uuid": "4bc8a44f6a65fe019ddd9e4e177f3430076a9703",
    "url": "https://www.financialexpress.com/business/industry-india-counters-us-led-charge-of-high-farm-support-at-wto-3680336",
    "ord_in_thread": 0,
    "parent_url": null,
    "author": "Mukesh Jagota",
    "published": "2024-11-29T21:00:00.000+02:00",
    "title": "India counters US-led charge of “high farm support” at WTO",
    "text": "Five major agriculture producers led by the US have accused India of providing support to its rice and wheat producers far in excess to what the World Trade Organisation (WTO) rules allow, an allegation which has been rejected by Indian representatives in Geneva as baseless.\nThe counter-notification on the issue was brought by the US on behalf of Canada, Argentina, Canada and Ukraine at the meeting of the Committee of Agriculture at WTO and the points made in the document were promptly rebutted by India. The counter-notification came in response to India’s submissions that notified the WTO the level of its farm subsidies.\nAlso Read Pay cheques at GCCs likely to be fatter than IT salaries In a communication to the WTO, the US using the publicly available data had said that the overall support by India to its rice and wheat farmers exceeds 87% and 67-75% of the overall production value. This support far surpasses the 10% limit for developing economies under WTO rules, the communication had said.\n“India rejected the counter-notification as a baseless accusation, defending its compliance with WTO obligations and highlighting unclear or absent definitions in the Agreement on Agriculture regarding certain elements of notification calculations . It also criticized the reliance on outdated reference prices and emphasized the need for their update,” a statement from the WTO said.\nThe US and its group of four also got support for the counter-notification from other countries. “Some also raised concerns about the negative effects of India’s policies on rice producers in developing nations, given India’s significant role in global rice and wheat markets,” the statement said.\nUnder the WTO rules, the food subsidy bill for developing countries should not breach the limit of 10 % of the value of production based on the reference price of 1986-88. India is seeking a revision of the base year to account for inflation and the matter is pending at the trade body.\nThe US also cited discrepancies in India’s reporting methodology and inconsistencies with WTO requirements. For compiling the data in its counter-notification the US had used data from 2021-22 and 2022-23.\nIndia, however, has notified the WTO that while the value of India’s total production of rice stood at $ 52.8 billion in 2022-23, a subsidy worth $ 6.39 billion was given to farmers during the marketing year.\nAlso Read Power Mech Projects bags order worth Rs 510 crore from Adani Power India has time and again called on WTO members to find a permanent solution to the long-pending public food stockpile issue, saying it is directly related to achieving the sustainable development goal of zero hunger by 2030. In absence of a permanent solution the countries have a “peace clause” without any date of expiry. Under the peace clause the domestic support cannot be disputed at the WTO so whatever be the dispute and level of support the Indian government can continue with subsidies and procurement at Minimum Support Prices (MSP).",
    "highlightText": "",
    "highlightTitle": "",
    "highlightThreadTitle": "",
    "language": "english",
    "sentiment": "negative",
    "categories": [
        "Politics",
        "Economy, Business and Finance"
    ],
    "topics": null,
    "ai_allow": true,
    "canonical": false,
    "webz_reporter": false,
    "external_links": [],
    "external_images": [],
    "entities": {
        "persons": [],
        "organizations": [],
        "locations": []
    },
    "syndication": {
        "syndicated": false,
        "syndicate_id": null,
        "first_syndicated": false
    },
    "rating": null,
    "crawled": "2024-11-30T02:39:40.829+02:00",
    "updated": "2024-11-30T02:39:40.829+02:00"
}