{
    "thread": {
        "uuid": "42845939f6e52eadd47562aff10847ef6e0cb46d",
        "url": "https://www.amren.com/news/2024/11/construction-bosses-complain-trump-will-stop-them-from-hiring-illegals",
        "site_full": "www.amren.com",
        "site": "amren.com",
        "site_section": "http://www.amren.com/feed/",
        "site_categories": [
            "media"
        ],
        "section_title": "American Renaissance",
        "title": "Construction Bosses Complain Trump Will Stop Them From Hiring Illegals",
        "title_full": "Construction Bosses Complain Trump Will Stop Them From Hiring Illegals",
        "published": "2024-11-30T01:04:00.000+02:00",
        "replies_count": 0,
        "participants_count": 1,
        "site_type": "news",
        "country": "US",
        "main_image": "https://www.amren.com/wp-content/uploads/2017/06/ARLogo.png",
        "performance_score": 0,
        "domain_rank": 33067,
        "domain_rank_updated": "2024-11-25T23:00:00.000+02:00",
        "social": {
            "facebook": {
                "likes": 0,
                "comments": 0,
                "shares": 0
            },
            "vk": {
                "shares": 0
            }
        }
    },
    "uuid": "42845939f6e52eadd47562aff10847ef6e0cb46d",
    "url": "https://www.amren.com/news/2024/11/construction-bosses-complain-trump-will-stop-them-from-hiring-illegals",
    "ord_in_thread": 0,
    "parent_url": null,
    "author": "Henry Wolff",
    "published": "2024-11-30T01:04:00.000+02:00",
    "title": "Construction Bosses Complain Trump Will Stop Them From Hiring Illegals",
    "text": "Construction Bosses Complain Trump Will Stop Them From Hiring Illegals\nJohn Binder, Breitbart, November 26, 2024\nConstruction bosses based primarily in Texas are complaining that President-Elect Donald Trump and Vice President-elect JD Vance will stop them from hiring and continuing to employ hundreds of thousands of illegal aliens in industry jobs.\n{snip}\nIn interviews with National Public Radio (NPR), construction mogul Stan Marek and economic consultant Ray Perryman complained that Trump’s mass deportation program “would devastate” the construction industry, suggesting that “we wouldn’t finish our highways, we wouldn’t finish our schools.”\nEstimates from 2022 indicate that the construction industry in Texas employs more than half a million foreign-born workers {snip}\n{snip}\n“It’s not remotely practical to round up and deport everybody. … And, we simply don’t have an economic structure that can sustain that,” Perryman told NPR. “There are more undocumented people working in Texas right now than there are unemployed people in Texas.”\nInstead, Marek said the Trump-Vance administration ought to pass amnesty {snip}\n{snip}.",
    "highlightText": "",
    "highlightTitle": "",
    "highlightThreadTitle": "",
    "language": "english",
    "sentiment": "negative",
    "categories": [
        "Politics",
        "Social Issue",
        "Economy, Business and Finance"
    ],
    "topics": null,
    "ai_allow": true,
    "canonical": false,
    "webz_reporter": false,
    "external_links": [],
    "external_images": [],
    "entities": {
        "persons": [],
        "organizations": [],
        "locations": []
    },
    "syndication": {
        "syndicated": false,
        "syndicate_id": null,
        "first_syndicated": false
    },
    "rating": null,
    "crawled": "2024-11-30T01:46:56.625+02:00",
    "updated": "2024-11-30T01:46:56.625+02:00"
}