{
    "thread": {
        "uuid": "179610738f635e7a9a9a852406a66a3b313b81af",
        "url": "https://ici.radio-canada.ca/rci/en/news/2123538/trudeau-on-flight-path-to-florida-in-wake-of-donald-trumps-tariff-threat",
        "site_full": "ici.radio-canada.ca",
        "site": "radio-canada.ca",
        "site_section": "https://ici.radio-canada.ca/rci/en",
        "site_categories": [
            "television",
            "hobbies_and_interests",
            "radio",
            "entertainment"
        ],
        "section_title": "Radio Canada International | Radio-Canada.ca",
        "title": "Trudeau on flight path to Florida in wake of Donald Trump’s tariff threat | Radio-Canada.ca",
        "title_full": "Trudeau on flight path to Florida in wake of Donald Trump’s tariff threat | Radio-Canada.ca",
        "published": "2024-11-29T02:00:00.000+02:00",
        "replies_count": 0,
        "participants_count": 0,
        "site_type": "news",
        "country": "CA",
        "main_image": "",
        "performance_score": 0,
        "domain_rank": 2907,
        "domain_rank_updated": "2024-11-25T23:00:00.000+02:00",
        "social": {
            "facebook": {
                "likes": 0,
                "comments": 0,
                "shares": 0
            },
            "vk": {
                "shares": 0
            }
        }
    },
    "uuid": "179610738f635e7a9a9a852406a66a3b313b81af",
    "url": "https://ici.radio-canada.ca/rci/en/news/2123538/trudeau-on-flight-path-to-florida-in-wake-of-donald-trumps-tariff-threat",
    "ord_in_thread": 0,
    "parent_url": null,
    "author": null,
    "published": "2024-11-29T02:00:00.000+02:00",
    "title": "Trudeau on flight path to Florida in wake of Donald Trump’s tariff threat | Radio-Canada.ca",
    "text": "- Home\n- Politics\nTrudeau on flight path to Florida in wake of Donald Trump’s tariff threat\nU.S. president-elect said earlier this week he would impose hefty tariffs on Canada and Mexico\nPrime Minister Justin Trudeau is in Palm Beach, Fla. to meet with U.S. president-elect Donald Trump, according to senior government sources.\nTrudeau's plane landed this evening at Palm Beach International Airport, which is used by Donald Trump when the U.S. president-elect travels to his Mar-a-Lago estate. Trump has been meeting with his transition team at Mar-a-Lago in recent weeks.\nThe Prime Minister's Office has refused to comment on the trip. But sources speaking on the condition that they not be named have told CBC News that Trudeau will be dining with Trump at Mar-a-Lago on Friday night. Public Safety Minister Dominic LeBlanc is travelling with Trudeau, sources said.\n[Trump's tariffs would crush Canada's economy. Why some industry leaders are calling his bluff (new window)](https://www.cbc.ca/news/business/canadian-impacts-trump-tariff-proposal-1.7393493)\nTrump said Monday night he would impose a 25 per cent tax on all goods imported from Canada and Mexico unless both countries stop what he calls an invasion\nof drugs, in particular Fentanyl, and all Illegal Aliens\ninto the United States.\nTrudeau spoke with Trump by phone on Monday evening after the president-elect made his tariff promise. The prime minister said Tuesday morning that the two had a good call.\nWe obviously talked about … how the intense and effective connections between our two countries flow back and forth. We talked about some of the challenges we can work on together,\nTrudeau told reporters.\nThe two leaders talked for about 10 minutes on Monday evening and primarily discussed trade and border security, according to a government source with knowledge of the phone call. Trudeau pointed out that the number of migrants who cross from Canada to the U.S. is a tiny fraction of those who cross from Mexico, the source said.\nTrudeau held a virtual meeting with Canada's premiers on Wednesday evening to discuss strategy in wake of Trump's tariff threat.\nIf Trump follows through on his promise, it could have a massive impact on the Canadian economy.\nThe U.S. imported [$614.3 billion Cdn worth of goods from Canada in 2022 (new window)](http://ustr.gov/countries-regions/americas/canada), according to the Office of the United States Trade Representative. More recent figures from the U.S. Census Bureau show that the U.S. imported about [$435 billion Cdn of Canadian goods (new window)](http://www.census.gov/foreign-trade/balance/c1220.html) between January and September of this year.\nTrump said the 25 per cent tariff was due to his concerns about the borders with both Canada and Mexico.\nThis Tariff will remain in effect until such time as Drugs, in particular Fentanyl, and all Illegal Aliens stop this Invasion of our Country!\nTrump wrote on his social media platform, Truth Social.\nBoth Mexico and Canada have the absolute right and power to easily solve this long simmering problem. We hereby demand that they use this power, and until such time that they do, it is time for them to pay a very big price!\nLeBlanc said earlier this week that Canadians can expect to see the government and law enforcement agencies reassuring Canadians that the border is safe and showing Americans the history and daily partnership that exists between the RCMP and American agencies.\nCBC News",
    "highlightText": "",
    "highlightTitle": "",
    "highlightThreadTitle": "",
    "language": "english",
    "sentiment": "negative",
    "categories": [
        "Politics",
        "Economy, Business and Finance"
    ],
    "topics": null,
    "ai_allow": true,
    "canonical": false,
    "webz_reporter": false,
    "external_links": [
        "https://www.cbc.ca/news/business/canadian-impacts-trump-tariff-proposal-1.7393493",
        "http://ustr.gov/countries-regions/americas/canada",
        "http://www.census.gov/foreign-trade/balance/c1220.html",
        "http://www.ustr.gov/countries-regions/americas/canada",
        "http://census.gov/foreign-trade/balance/c1220.html",
        "https://cbc.ca/news/business/canadian-impacts-trump-tariff-proposal-1.7393493"
    ],
    "external_images": [],
    "entities": {
        "persons": [
            {
                "name": "Donald Trump",
                "sentiment": "negative"
            },
            {
                "name": "Justin Trudeau",
                "sentiment": "neutral"
            },
            {
                "name": "Dominic LeBlanc",
                "sentiment": "none"
            }
        ],
        "organizations": [
            {
                "name": "CBC News",
                "sentiment": "none"
            }
        ],
        "locations": [
            {
                "name": "International Airport",
                "sentiment": "none"
            }
        ]
    },
    "syndication": {
        "syndicated": false,
        "syndicate_id": null,
        "first_syndicated": false
    },
    "rating": null,
    "crawled": "2024-11-30T02:28:31.895+02:00",
    "updated": "2024-11-30T02:28:31.895+02:00"
}