{
    "thread": {
        "uuid": "c2432de60a547300be070bff27bfce0a1b2b5005",
        "url": "https://virtualjerusalem.com/purdue-pharma-sacklers-to-pay-7-4bn-in-new-opioid-settlement-2",
        "site_full": "virtualjerusalem.com",
        "site": "virtualjerusalem.com",
        "site_section": "https://www.virtualjerusalem.com",
        "site_categories": [
            "media",
            "judaism",
            "religion"
        ],
        "section_title": "Virtual Jerusalem | Israel News &amp; Views",
        "title": "Purdue Pharma, Sacklers to pay $7.4bn in new opioid settlement",
        "title_full": "Purdue Pharma, Sacklers to pay $7.4bn in new opioid settlement",
        "published": "2025-01-23T22:29:00.000+02:00",
        "replies_count": 0,
        "participants_count": 1,
        "site_type": "news",
        "country": "US",
        "main_image": "",
        "performance_score": 0,
        "domain_rank": 190220,
        "domain_rank_updated": "2025-01-20T23:00:00.000+02:00",
        "social": {
            "facebook": {
                "likes": 0,
                "comments": 0,
                "shares": 0
            },
            "vk": {
                "shares": 0
            }
        }
    },
    "uuid": "c2432de60a547300be070bff27bfce0a1b2b5005",
    "url": "https://virtualjerusalem.com/purdue-pharma-sacklers-to-pay-7-4bn-in-new-opioid-settlement-2",
    "ord_in_thread": 0,
    "parent_url": null,
    "author": "VJ Editor",
    "published": "2025-01-23T22:29:00.000+02:00",
    "title": "Purdue Pharma, Sacklers to pay $7.4bn in new opioid settlement",
    "text": "The deal is $1bn more than a settlement from last year that was rejected by the US Supreme Court.| Read More Al Jazeera – Breaking News, World News and Video from Al Jazeera",
    "highlightText": "",
    "highlightTitle": "",
    "highlightThreadTitle": "",
    "language": "english",
    "sentiment": "negative",
    "categories": [
        "Economy, Business and Finance",
        "Health",
        "Social Issue"
    ],
    "topics": [
        "Economy, Business and Finance->financial and economic news",
        "Economy, Business and Finance->mergers and acquisitions",
        "Economy, Business and Finance->business governance",
        "Health->government health care",
        "Health->drug rehabilitation",
        "Health->health organisation",
        "Social Issue->addiction",
        "Social Issue->discrimination",
        "Social Issue->social problem"
    ],
    "ai_allow": true,
    "has_canonical": false,
    "breaking": false,
    "webz_reporter": false,
    "external_links": [
        "https://www.aljazeera.com/economy/2025/1/23/purdue-pharma-sacklers-to-pay-7-4bn-in-new-opioid-settlement?traffic_source=rss",
        "https://www.aljazeera.com/economy/2025/1/23/purdue-pharma-sacklers-to-pay-7-4bn-in-new-opioid-settlement",
        "https://aljazeera.com/economy/2025/1/23/purdue-pharma-sacklers-to-pay-7-4bn-in-new-opioid-settlement?traffic_source=rss"
    ],
    "external_images": [],
    "entities": {
        "persons": [],
        "organizations": [
            {
                "name": "US Supreme Court",
                "sentiment": "none"
            },
            {
                "name": "Purdue Pharma",
                "sentiment": "none"
            }
        ],
        "locations": []
    },
    "syndication": {
        "syndicated": false,
        "syndicate_id": "c2432de60a547300be070bff27bfce0a1b2b5005",
        "first_syndicated": true
    },
    "trust": null,
    "rating": null,
    "crawled": "2025-01-24T00:03:41.807+02:00",
    "updated": "2025-01-24T00:03:41.807+02:00"
}