{
    "thread": {
        "uuid": "7a3d5b24cdedb19616ff76604a3d85861b24db16",
        "url": "https://www.newsbreak.com/reuters-555486/3774670322779-td-bank-s-global-anti-money-laundering-officer-steps-down-sources-say",
        "site_full": "www.newsbreak.com",
        "site": "newsbreak.com",
        "site_section": "https://www.newsbreak.com/reuters-555486",
        "site_categories": [
            "under_construction"
        ],
        "section_title": "Reuters&#x27;s Home Page | NewsBreak",
        "title": "TD Bank's global anti-money laundering officer steps down, sources say - NewsBreak",
        "title_full": "TD Bank's global anti-money laundering officer steps down, sources say - NewsBreak",
        "published": "2025-01-24T00:02:00.000+02:00",
        "replies_count": 0,
        "participants_count": 1,
        "site_type": "news",
        "country": "US",
        "main_image": "https://img.particlenews.com/img/id/3pQlUX_0yNRZHAt00",
        "performance_score": 0,
        "domain_rank": 3577,
        "domain_rank_updated": "2025-01-20T23:00:00.000+02:00",
        "social": {
            "facebook": {
                "likes": 0,
                "comments": 0,
                "shares": 0
            },
            "vk": {
                "shares": 0
            }
        }
    },
    "uuid": "7a3d5b24cdedb19616ff76604a3d85861b24db16",
    "url": "https://www.newsbreak.com/reuters-555486/3774670322779-td-bank-s-global-anti-money-laundering-officer-steps-down-sources-say",
    "ord_in_thread": 0,
    "parent_url": null,
    "author": "Reuters",
    "published": "2025-01-24T00:02:00.000+02:00",
    "title": "TD Bank's global anti-money laundering officer steps down, sources say - NewsBreak",
    "text": "By Reuters ,\n9 minutes ago\nTORONTO (Reuters) - TD Bank's Chief Global Anti-Money Laundering Officer Herbert Mazariegos is stepping down effective immediately, two sources told Reuters on Thursday, as the bank takes remediation actions after it was fined by U.S. regulators for compliance failures.\nMazariegos joined TD in November 2023 from Bank of Montreal, where he served as the chief anti money laundering officer for over four years. He was hired as a part of TD's push to revamp its risk and compliance team.\nMazariegos, hired while outgoing CEO Bharat Masrani was in charge, will be replaced by Jacqueline Sanjuas, the head of U.S. financial crime risk management at TD, one source said.\n(Reporting by Nivedita Balu in Toronto, Editing by Caroline Stauffer)\n2",
    "highlightText": "",
    "highlightTitle": "",
    "highlightThreadTitle": "",
    "language": "english",
    "sentiment": "negative",
    "categories": [
        "Economy, Business and Finance",
        "Crime, Law and Justice"
    ],
    "topics": [
        "Economy, Business and Finance->business governance",
        "Economy, Business and Finance->corporate news and profiles",
        "Economy, Business and Finance->financial service",
        "Crime, Law and Justice->corporate crime",
        "Crime, Law and Justice->fraud"
    ],
    "ai_allow": true,
    "has_canonical": false,
    "breaking": false,
    "webz_reporter": false,
    "external_links": [
        "https://img.particlenews.com/image.php?url=3pQlUX_0yNRZHAt00",
        "https://img.particlenews.com/image.php?type=thumbnail_580x000&url=3pQlUX_0yNRZHAt00",
        "https://img.particlenews.com/image.php",
        "https://www.img.particlenews.com/image.php?type=thumbnail_580x000&url=3pQlUX_0yNRZHAt00",
        "https://www.img.particlenews.com/image.php?url=3pQlUX_0yNRZHAt00"
    ],
    "external_images": [],
    "entities": {
        "persons": [
            {
                "name": "Herbert Mazariegos",
                "sentiment": "none"
            },
            {
                "name": "Jacqueline Sanjuas",
                "sentiment": "none"
            },
            {
                "name": "Caroline Stauffer",
                "sentiment": "none"
            },
            {
                "name": "Bharat Masrani",
                "sentiment": "none"
            },
            {
                "name": "Nivedita Balu",
                "sentiment": "none"
            }
        ],
        "organizations": [
            {
                "name": "Reuters",
                "sentiment": "negative"
            },
            {
                "name": "TD Bank",
                "sentiment": "negative"
            },
            {
                "name": "Bank of Montreal",
                "sentiment": "none"
            }
        ],
        "locations": []
    },
    "syndication": {
        "syndicated": false,
        "syndicate_id": null,
        "first_syndicated": false
    },
    "trust": null,
    "rating": null,
    "crawled": "2025-01-24T00:14:45.152+02:00",
    "updated": "2025-01-24T00:14:45.152+02:00"
}