{
    "thread": {
        "uuid": "8785cabf07da5b84bc226d3bf564b748329782d8",
        "url": "https://patch.com/new-jersey/wayne/passaic-man-stole-192k-amazon-packages-through-delivery-scam-cops",
        "site_full": "patch.com",
        "site": "patch.com",
        "site_section": "https://patch.com/new-jersey/wayne",
        "site_categories": [
            "media",
            "top_news_us",
            "top_news"
        ],
        "section_title": "Wayne News, Breaking News in Wayne, NJ",
        "title": "Passaic Man Stole $192K In Amazon Packages Through Delivery Scam: Cops",
        "title_full": "Passaic Man Stole $192K In Amazon Packages Through Delivery Scam: Cops",
        "published": "2025-01-23T23:40:00.000+02:00",
        "replies_count": 0,
        "participants_count": 1,
        "site_type": "news",
        "country": "US",
        "main_image": "https://patch.com/img/cdn20/shutterstock/25310363/20250123/044045/styles/patch_image/public/shutterstock-355281176___23161403620.jpg",
        "performance_score": 0,
        "domain_rank": 1007,
        "domain_rank_updated": "2025-01-20T23:00:00.000+02:00",
        "social": {
            "facebook": {
                "likes": 0,
                "comments": 0,
                "shares": 2
            },
            "vk": {
                "shares": 0
            }
        }
    },
    "uuid": "8785cabf07da5b84bc226d3bf564b748329782d8",
    "url": "https://patch.com/new-jersey/wayne/passaic-man-stole-192k-amazon-packages-through-delivery-scam-cops",
    "ord_in_thread": 0,
    "parent_url": null,
    "author": "Michelle Rotuno-Johnson",
    "published": "2025-01-23T23:40:00.000+02:00",
    "title": "Passaic Man Stole $192K In Amazon Packages Through Delivery Scam: Cops",
    "text": "Crime & Safety\nNJ Man Faces 100 Charges After 'Elaborate' Amazon Delivery Scam, Cops Say\nPolice said the man used fake ID documents and disguises to take packages from an Amazon fulfillment center in this \"elaborate\" scam.\nPASSAIC, NJ — A North Jersey man faces dozens of burglary charges after operating an \"elaborate\" scheme to steal items from an Amazon fulfillment center, according to officials.\nThe Passaic resident took over $192,000 worth of products, police in Monroe Township said.\nOfficials charged Aneury Castillo-Blanco with 95 counts of burglary after a months-long investigation, police said Thursday. The 34-year-old also faces four impersonation charges and a theft by deception charge.\nFind out what's happening in Waynefor free with the latest updates from Patch.\nCastillo-Blanco used fake ID documents and disguises to run several fake Amazon delivery routes, police said. He would pick up packages from an Amazon fulfillment center and then store them in a Middlesex County storage unit, according to officials.\nHe has since been released from the Middlesex County jail, records show.\nFind out what's happening in Waynefor free with the latest updates from Patch.\nGet more local news delivered straight to your inbox.\nSign up for free Patch newsletters and alerts.",
    "highlightText": "",
    "highlightTitle": "",
    "highlightThreadTitle": "",
    "language": "english",
    "sentiment": "negative",
    "categories": [
        "Crime, Law and Justice",
        "Economy, Business and Finance",
        "Social Issue"
    ],
    "topics": [
        "Crime, Law and Justice->fraud",
        "Social Issue->juvenile delinquency",
        "Social Issue->social problem"
    ],
    "ai_allow": true,
    "has_canonical": false,
    "breaking": false,
    "webz_reporter": false,
    "external_links": [],
    "external_images": [],
    "entities": {
        "persons": [],
        "organizations": [],
        "locations": [
            {
                "name": "North Jersey",
                "sentiment": "none"
            },
            {
                "name": "Township",
                "sentiment": "none"
            },
            {
                "name": "Waynefor",
                "sentiment": "none"
            },
            {
                "name": "County",
                "sentiment": "none"
            }
        ]
    },
    "syndication": {
        "syndicated": false,
        "syndicate_id": null,
        "first_syndicated": false
    },
    "trust": null,
    "rating": null,
    "crawled": "2025-01-24T00:24:56.506+02:00",
    "updated": "2025-01-24T00:24:56.506+02:00"
}