{
    "thread": {
        "uuid": "4bf3ff93c417f00cf780b63e819c5fd83716b408",
        "url": "https://www.staradvertiser.com/2024/11/27/breaking-news/stocks-slide-after-inflation-data-tech-leads-nasdaq-downturn",
        "site_full": "www.staradvertiser.com",
        "site": "staradvertiser.com",
        "site_section": "http://www.staradvertiser.com/staradvertiserheadlines.rss",
        "site_categories": [
            "photography",
            "hobbies_and_interests"
        ],
        "section_title": "Honolulu Star-Advertiser",
        "title": "Stocks slide after inflation data; tech leads Nasdaq downturn | Honolulu Star-Advertiser",
        "title_full": "Stocks slide after inflation data; tech leads Nasdaq downturn | Honolulu Star-Advertiser",
        "published": "2024-11-27T23:30:00.000+02:00",
        "replies_count": 0,
        "participants_count": 1,
        "site_type": "news",
        "country": "US",
        "main_image": "https://www.staradvertiser.com/wp-content/uploads/2024/11/web1_20241127_brk_nys01.jpg",
        "performance_score": 0,
        "domain_rank": 6713,
        "domain_rank_updated": "2024-11-25T23:00:00.000+02:00",
        "social": {
            "facebook": {
                "likes": 0,
                "comments": 0,
                "shares": 0
            },
            "vk": {
                "shares": 0
            }
        }
    },
    "uuid": "4bf3ff93c417f00cf780b63e819c5fd83716b408",
    "url": "https://www.staradvertiser.com/2024/11/27/breaking-news/stocks-slide-after-inflation-data-tech-leads-nasdaq-downturn",
    "ord_in_thread": 0,
    "parent_url": null,
    "author": "Reuters",
    "published": "2024-11-27T23:30:00.000+02:00",
    "title": "Stocks slide after inflation data; tech leads Nasdaq downturn | Honolulu Star-Advertiser",
    "text": "1 Kokua Line: Why couldn’t Canadian friends go to Bellows?",
    "highlightText": "",
    "highlightTitle": "",
    "highlightThreadTitle": "",
    "language": "english",
    "sentiment": "negative",
    "categories": [
        "Economy, Business and Finance",
        "Social Issue",
        "Politics"
    ],
    "ai_allow": true,
    "canonical": false,
    "webz_reporter": false,
    "external_links": [],
    "external_images": [],
    "entities": {
        "persons": [],
        "organizations": [],
        "locations": []
    },
    "syndication": {
        "syndicated": false,
        "syndicate_id": null,
        "first_syndicated": false
    },
    "rating": null,
    "crawled": "2024-11-28T00:05:46.381+02:00",
    "updated": "2024-11-28T01:06:43.100+02:00"
}