{
    "thread": {
        "uuid": "eec66b1c69ec10bd07251cbb34dea392deb4ef3e",
        "url": "https://articlescad.com/what-not-to-do-within-the-mercedes-replacement-key-cost-uk-industry-176687.html",
        "site_full": "articlescad.com",
        "site": "articlescad.com",
        "site_section": "https://articlescad.com",
        "site_categories": [],
        "section_title": "Articles - Articles Directory - Submit articles",
        "title": "What NOT To Do Within The Mercedes Replacement Key Cost Uk Industry",
        "title_full": "What NOT To Do Within The Mercedes Replacement Key Cost Uk Industry",
        "published": "2024-11-28T02:00:00.000+02:00",
        "replies_count": 0,
        "participants_count": 0,
        "site_type": "news",
        "country": "IN",
        "main_image": "",
        "performance_score": 0,
        "domain_rank": 7866,
        "domain_rank_updated": "2024-11-25T23:00:00.000+02:00",
        "social": {
            "facebook": {
                "likes": 0,
                "comments": 0,
                "shares": 0
            },
            "vk": {
                "shares": 0
            }
        }
    },
    "uuid": "eec66b1c69ec10bd07251cbb34dea392deb4ef3e",
    "url": "https://articlescad.com/what-not-to-do-within-the-mercedes-replacement-key-cost-uk-industry-176687.html",
    "ord_in_thread": 0,
    "parent_url": null,
    "author": null,
    "published": "2024-11-28T02:00:00.000+02:00",
    "title": "What NOT To Do Within The Mercedes Replacement Key Cost Uk Industry",
    "text": "What NOT To Do Within The Mercedes Replacement Key Cost Uk Industry\nAuthor : Riise Cochrane | Published On : 28 Nov 2024\nMercedes Benz Key ReplacementIf you're seeking a solution to replace your mercedes benz key, there are many alternatives available. You can visit the dealer, purchase one online, or hire an expert locksmith to do it for you.\nHowever, there are a few things you should know before you pick one or the other. First, buying a new Mercedes key from a dealership is costly.\nKeys are lost\nIf you've lost your keys, you could feel overwhelmed and stressed. It can be difficult to determine who to contact or how to resolve the issue. In these difficult situations, a locksmith can help you out and provide you with the type of service you require.\nLosing a key to your Mercedes-Benz is an unfortunate occasion, but it could also be costly. Luckily, it's often fairly simple to replace your keys If you know how.\nThe first step is to determine what type of key you're using. There are two kinds of keys: one is a Chrome SmartKey (r) and an older SmartKey (r).\nTake a look at the panic key on your fob to identify the key you're using. A newer Chrome SmartKey(r) comes with an emergency button that's triangular, whereas an older SmartKey(r) has the panic button that's circular.\nIt is a good idea for you to take your vehicle to a mechanic who will check the panic button. They will be able to tell whether your key has a newer version or an older model, and might be able to replace the battery on your behalf.\nYou can also acquire an alternative key from a locksmith in your area who has been trained to work with Mercedes-Benz cars. This is a great option since it's usually cheaper than visiting an authorized dealer and can be accomplished quickly.\nAnother option is to buy a replacement key online. However, this can be difficult and may not be compatible with your particular car model.\nAdditionally, you can make a call to a mobile locksmith in order to program your key remotely. This is a fantastic feature that owners love. Locksmiths can remotely program keys to allow you to use them wherever you are in the world.\nFor a Mercedes-Benz key replacement estimate, call our team a call today if you aren't sure which route to take. We're ready to assist you in getting back on the road quickly.\nKeys that are damaged\nKeys may be damaged when they are dropped, tossed or are subjected to a significant amount of wear and wear and tear. They can become less reliable and could make them unusable for certain features of your Mercedes.\nA damaged key can be difficult to find and costly to replace. If you think your key has been lost or stolen, contact a locksmith right away. It's recommended to keep a spare on at hand in the event that your keys get lost or stolen.\nThe next thing to do is to check whether the key is turning in your ignition. A damaged key won't allow your Mercedes-Benz to start if it doesn't line up correctly with the ignition cylinder.\nThe lock pins be worn down and is another reason why your key won't turn on the ignition. If the lock pins are worn, it may cause a lot of difficulty to turn your key. This is especially true for older Mercedes models, which use key-locks made of steel blades.\nYou can try removing the key from your car and then lubricate it using a penetrating lubricant such as WD-40. Then, you can insert the key back into the vehicle and turn it on. If the key isn't working then you may need an Mercedes Benz replacement key.\nThe key might not turn in the ignition because the locking pins have been damaged or bent. With a small hammer, gently tap the damaged or bent areas of the key until they are straight again. You can also use a piece of wood to flatten it However, make certain not to use a hammer made of metal!\nAlternatively, you can modify your key to ensure that it unlocks your vehicle once it's put in the ignition. It can be a lengthy procedure, but it'll save you money in the long run. Additionally you'll be able get a new key for your Mercedes should it be lost or stolen. While you can purchase one from a local locksmith but it's best to get one made by the dealer to ensure that you always have one.\nBroken Keys\nIt could be difficult to locate your vehicle if it is lost your keys or break your key. Locksmiths are an excellent option for replacing your key because they can come to you and provide the replacement quickly. If you don't have a Mercedes car key or don't know how to locate it They can help you replace it.\nBroken keys can cause serious issues and pose an hazard to your safety. If you have a broken key, it might be difficult to open the lock, and it may also cause damage to the cylinder of your ignition. This is the reason it's essential to replace your broken keys as soon as is possible.\nEven even if\n[mercedes benz key replacement](https://turnerfarrell48.livejournal.com/profile)have a spare key, it's an ideal idea to get an expert locksmith to create a new one. This will save you money in the end and will enable you to avoid the expensive repair of your car's ignition cylinder.\nA simple wear and tear issue can result in a damaged key. If you have an old key that's been in your lock for a lengthy period the key may be less durable than it should be and could easily break inside the lock. This is a problem that is common that can be prevented by avoiding excessive force and keeping keys out of reach of pets or children.\nA bent or twisted key can cause it to break. This means it has weak points, and any tension that you apply to it will cause it to weaken. It is not as simple as it may appear to fix a broken key.\nWhile some locksmiths are able to duplicate keys, it is best to speak with a specialist car dealer. This will ensure that you receive an authentic replacement key.\nIt is recommended that you replace your Mercedes Benz key as soon as possible if it is damaged. This will help protect your vehicle from theft and let you drive it in a safe way. It's not cheap to replace your car however, it will pay off in the end.\nBroken Ignition\nIf you have a newer Mercedes Benz, you may find that your car's key won't turn the ignition. This can happen if lost your key or have a damaged one. The good news is that this issue is easily solved by obtaining a Mercedes Benz key replacement at a local locksmith.\nMost of these keys have a microchip that communicates the engine control unit (ECU) for the purpose of starting your vehicle. These keys are sometimes called smart keys. These keys are much more user-friendly than traditional keys fobs.\nWhen you turn the key in the ignition, the ignition switch activates a series of switches which provide power to various components of your car's electrical system. These switches control the circuits that run your car's lighting, radio, and other features.\nIf a key won't turn in your ignition, it may be an indication that the switch is damaged or been damaged or gone bad. A damaged switch can stop the key from turning on and could cause your vehicle to stop.\nTry pulling the key a to see if it works. If it does not, you might have to replace the ignition switch.\nAnother possibility is that the key's wafers are damaged or blocked. This is a simple fix, however, it is important to get the key replaced or repaired prior to it getting more deteriorating.\nA large rubber mallet or wooden mallet can be used to flatten the bent key. This will allow you to put it in and turn the ignition cylinder.\nOnce you have done this, you can try again to use the key. If the key still doesn't work, you can try a different key from your keychain.\nIt's always a good idea to have an extra key available in addition. You never know when you'll require it.\nWhen you lose a key, it might be tempting to simply utilize your garage door opener to access your car. However, this can be an unwise choice.\n[lost mercedes key](https://notes.io/w8qqG)could the the garage door open unexpectedly and cause damage to your car, but it could also cause damage to your car's security system.",
    "highlightText": "",
    "highlightTitle": "",
    "highlightThreadTitle": "",
    "language": "english",
    "sentiment": "negative",
    "categories": [
        "Economy, Business and Finance",
        "Social Issue",
        "Human Interest"
    ],
    "ai_allow": true,
    "canonical": false,
    "webz_reporter": false,
    "external_links": [
        "https://turnerfarrell48.livejournal.com/profile",
        "https://notes.io/w8qqG",
        "https://www.turnerfarrell48.livejournal.com/profile",
        "https://www.notes.io/w8qqG"
    ],
    "external_images": [],
    "entities": {
        "persons": [],
        "organizations": [],
        "locations": []
    },
    "syndication": {
        "syndicated": false,
        "syndicate_id": null,
        "first_syndicated": false
    },
    "rating": null,
    "crawled": "2024-11-28T01:22:58.338+02:00",
    "updated": "2024-11-28T01:22:58.338+02:00"
}