{
    "thread": {
        "uuid": "013c16f44408d068dea388438d5ba5e6f00dc509",
        "url": "https://www.investing.com/news/commodities-news/cuban-sugar-industry-demise-mirrors-food-crisis-3745259",
        "site_full": "www.investing.com",
        "site": "investing.com",
        "site_section": "https://investing.com/news",
        "site_categories": [
            "investing",
            "stamps_and_coins",
            "hobbies_and_interests",
            "finance",
            "financial_news"
        ],
        "section_title": "Financial News | Stock Market and Forex News",
        "title": "Cuban sugar industry demise mirrors food crisis By Reuters",
        "title_full": "Cuban sugar industry demise mirrors food crisis By Reuters",
        "published": "2024-11-27T16:02:00.000+02:00",
        "replies_count": 0,
        "participants_count": 1,
        "site_type": "news",
        "country": "CN",
        "main_image": "https://i-invdn-com.investing.com/news/sugar_800x533_L_1411984911.jpg",
        "performance_score": 0,
        "domain_rank": 1200,
        "domain_rank_updated": "2024-11-25T23:00:00.000+02:00",
        "social": {
            "facebook": {
                "likes": 0,
                "comments": 0,
                "shares": 0
            },
            "vk": {
                "shares": 0
            }
        }
    },
    "uuid": "013c16f44408d068dea388438d5ba5e6f00dc509",
    "url": "https://www.investing.com/news/commodities-news/cuban-sugar-industry-demise-mirrors-food-crisis-3745259",
    "ord_in_thread": 0,
    "parent_url": null,
    "author": "Reuters",
    "published": "2024-11-27T16:02:00.000+02:00",
    "title": "Cuban sugar industry demise mirrors food crisis By Reuters",
    "text": "By Marc Frank\nHAVANA (Reuters) - Cuba, which once produced millions of tons of sugar, expects to output just 300,000 metric tons of the sweetener in 2025, according to provincial media reports, as it struggles to find the resources to plant cane in a bitter symbol of agriculture's decline on the Caribbean island.\nSugar was long \"king\" in Cuba as a hundred mills churned out raw sugar for domestic consumption and export. But the fuel, fertilizer, machinery and labor shortages that plague Cuba's broader farm sector have hit the sugar industry especially hard, with year after year of record-breaking low output.\nProduction of sugar cane is dominated by state mills in Cuba's Communist-run economy.\nThis year, less cane means a record low of just 15 mills will be open for sugar production, versus 24 the year before, the government announced as the first mill opened this week.\n\"We have to plant cane,\" Vice President Salvador Valdes said in central Camaguey province in late November, a province slated to produce 10,000 tonnes compared with up to 200,000 in the past.\n\"The first thing is the cane. If there is cane there will be a harvest, but we have less and less cane,\" Valdes said.\nThe government has yet to report last season's output, which Reuters estimated at a record low of 300,000 metric tons of raw sugar, based on reports in provincial Communist party newspapers and sources.\nThe figure is similar to production in the late 1800s.\nTen of 13 sugar-producing provinces have reported production plans this year similar to their output during the last season.\nSince tough new U.S. sanctions and the COVID-19 pandemic gutted the import-dependent country's foreign exchange earnings and sparked a grueling economic crisis in 2020, food production has fallen over 40% and food processing a similar amount, according to the government.\nIn eastern Las Tunas province - once a prominent sugar-producing region, the local Communist Party newspaper reported that \"during the period December 2020 to June 2024 the areas planted with sugarcane decreased 48%.\"",
    "highlightText": "",
    "highlightTitle": "",
    "highlightThreadTitle": "",
    "language": "english",
    "sentiment": "negative",
    "categories": [
        "Economy, Business and Finance",
        "Social Issue"
    ],
    "ai_allow": true,
    "canonical": false,
    "webz_reporter": false,
    "external_links": [],
    "external_images": [],
    "entities": {
        "persons": [],
        "organizations": [],
        "locations": []
    },
    "syndication": {
        "syndicated": false,
        "syndicate_id": "013c16f44408d068dea388438d5ba5e6f00dc509",
        "first_syndicated": true
    },
    "rating": null,
    "crawled": "2024-11-28T00:20:19.849+02:00",
    "updated": "2024-11-28T00:20:19.849+02:00"
}