{
    "thread": {
        "uuid": "6802248a3b539fe308ccc51869a528057fb8dab5",
        "url": "https://denvergazette.com/outtherecolorado/news/limited-access-and-stunning-canyon-routes-in-colorado-no-longer-free-to-use/article_8a4b0b30-acfb-11ef-aa26-8369533647be.html",
        "site_full": "denvergazette.com",
        "site": "denvergazette.com",
        "site_section": "http://denvergazette.com/search/?f=rss&t=article&c=outtherecolorado/news&l=50&s=start_time&sd=desc",
        "site_categories": [
            "uncategorized"
        ],
        "section_title": "denvergazette.com - RSS Results in outtherecolorado/news of type article",
        "title": "Limited-access (and stunning) canyon routes in Colorado no longer free to use",
        "title_full": "Limited-access (and stunning) canyon routes in Colorado no longer free to use",
        "published": "2024-11-27T22:09:00.000+02:00",
        "replies_count": 0,
        "participants_count": 1,
        "site_type": "news",
        "country": "US",
        "main_image": "https://bloximages.newyork1.vip.townnews.com/denvergazette.com/content/tncms/assets/v3/editorial/a/b3/ab3bfeb8-acff-11ef-b3af-bb85c7c23402/674783fe2d9a3.image.png?crop=1287%2C676%2C0%2C32&amp;resize=1200%2C630&amp;order=crop%2Cresize",
        "performance_score": 0,
        "domain_rank": 17933,
        "domain_rank_updated": "2024-11-25T23:00:00.000+02:00",
        "social": {
            "facebook": {
                "likes": 0,
                "comments": 0,
                "shares": 0
            },
            "vk": {
                "shares": 0
            }
        }
    },
    "uuid": "6802248a3b539fe308ccc51869a528057fb8dab5",
    "url": "https://denvergazette.com/outtherecolorado/news/limited-access-and-stunning-canyon-routes-in-colorado-no-longer-free-to-use/article_8a4b0b30-acfb-11ef-aa26-8369533647be.html",
    "ord_in_thread": 0,
    "parent_url": null,
    "author": "Spencer McKee",
    "published": "2024-11-27T22:09:00.000+02:00",
    "title": "Limited-access (and stunning) canyon routes in Colorado no longer free to use",
    "text": "Earlier this summer, the National Park Service proposed charging fees for wilderness permits related to entering the Black Canyon of the Gunnison National Park from the south rim, along with increased group camping fees at nearby Curecanti National Recreation Area. In a November 25 announcement, officials noted that both of these changes have been approved, to take effect in January of 2025.\nThe basis for the changes involved a comparison of fees at similar places around the country. Wilderness permits were determined to vary quite a bit, but generally had an associated cost opposed to being free. Meanwhile, fees at similar campgrounds around the country have increased in a significant way in recent years, with the approved increase of camping fees meant to align these fees with the norm.\nSouth Rim Permits at Black Canyon of the Gunnison will now cost $6 plus $4 per person that's listed on the permit. Meanwhile, group camping at Curecanti's East Elk Creek Group Campsite will cost $120 per night and group camping at Red Creek Group Campsite will cost $60 per night.\nRELATED: Read more about the stunning trip down into Black Canyon via one of the no longer free-to-access routes [here](https://denvergazette.com/outtherecolorado/adventures/the-hike-to-bottom-of-black-canyon-of-the-gunnison-proves-to-be-epic-adventure/article_087f7942-2f7a-56d6-9c43-17882b5d93a3.html).\nIt's also worth noting that both South Rim wilderness permit fees and campground fees will be collected via [recreation.gov](http://recreation.gov). This is a key change related to the South Rim wilderness permits, which were once obtained at Black Canyon's visitor center on a first-come, first-serve basis.\nAlso related to the wilderness permits at Black Canyon of the Gunnison, North Rim permits will still be free and must be obtained on the day of an activity [at the park](https://www.nps.gov/blca/planyourvisit/innercanyon.htm).\nNorth Rim permits are [highly limited](https://www.nps.gov/blca/planyourvisit/innercanyon.htm), allowing 23 people to access the Pinyon Draw (SOB) route daily, along with eight people on the Long Draw route and 11 people on the Slide Draw route. As far as the South Rim permits go, these [will also be limited](https://www.nps.gov/blca/planyourvisit/innercanyon.htm) to 15 people daily on the Gunnison Route, nine on the Tomichi Route, and 23 on the Warner Route, and must be purchased online. Limits on use have long been in place and will continue, as using these routes means entering a rugged and dangerous environment with little means of calling for help if needed.\nRead more about these changes [here](https://www.facebook.com/share/p/1GLLt9pgzb/).\nRELATED: Read more about the stunning trip down into Black Canyon via one of the no longer free-to-access routes [here](https://denvergazette.com/outtherecolorado/adventures/the-hike-to-bottom-of-black-canyon-of-the-gunnison-proves-to-be-epic-adventure/article_087f7942-2f7a-56d6-9c43-17882b5d93a3.html).",
    "highlightText": "",
    "highlightTitle": "",
    "highlightThreadTitle": "",
    "language": "english",
    "sentiment": "negative",
    "categories": [
        "Environment",
        "Economy, Business and Finance",
        "Social Issue"
    ],
    "ai_allow": false,
    "canonical": false,
    "webz_reporter": false,
    "external_links": [],
    "external_images": [],
    "entities": {
        "persons": [],
        "organizations": [
            {
                "name": "National Park Service",
                "sentiment": "negative"
            },
            {
                "name": "East Elk Creek Group Campsite",
                "sentiment": "none"
            }
        ],
        "locations": [
            {
                "name": "Gunnison National Park",
                "sentiment": "none"
            }
        ]
    },
    "syndication": {
        "syndicated": false,
        "syndicate_id": null,
        "first_syndicated": false
    },
    "rating": null,
    "crawled": "2024-11-28T00:34:17.652+02:00",
    "updated": "2024-11-28T18:58:20.195+02:00"
}