{
    "thread": {
        "uuid": "72a1a78a83c54287a20a6d7430fdffe2272a6418",
        "url": "https://www.investing.com/news/insider-trading-news/atlassians-ceo-michael-cannonbrookes-sells-shares-worth-208-million-93CH-3745292",
        "site_full": "www.investing.com",
        "site": "investing.com",
        "site_section": "https://www.investing.com/news/insider-trading-news",
        "site_categories": [
            "investing",
            "stamps_and_coins",
            "hobbies_and_interests",
            "finance",
            "financial_news"
        ],
        "section_title": "Insider Trading News Today - Investing.com",
        "title": "Atlassian's CEO Michael Cannon-Brookes sells shares worth $2.08 million By Investing.com",
        "title_full": "Atlassian's CEO Michael Cannon-Brookes sells shares worth $2.08 million By Investing.com",
        "published": "2024-11-27T16:23:00.000+02:00",
        "replies_count": 0,
        "participants_count": 1,
        "site_type": "news",
        "country": "CN",
        "main_image": "https://i-invdn-com.investing.com/news/World_News_9_800x533_L_1420026261.jpg",
        "performance_score": 0,
        "domain_rank": 1200,
        "domain_rank_updated": "2024-11-25T23:00:00.000+02:00",
        "social": {
            "facebook": {
                "likes": 0,
                "comments": 0,
                "shares": 0
            },
            "vk": {
                "shares": 0
            }
        }
    },
    "uuid": "72a1a78a83c54287a20a6d7430fdffe2272a6418",
    "url": "https://www.investing.com/news/insider-trading-news/atlassians-ceo-michael-cannonbrookes-sells-shares-worth-208-million-93CH-3745292",
    "ord_in_thread": 0,
    "parent_url": null,
    "author": "Investing.com",
    "published": "2024-11-27T16:23:00.000+02:00",
    "title": "Atlassian's CEO Michael Cannon-Brookes sells shares worth $2.08 million By Investing.com",
    "text": "SAN FRANCISCO—Michael Cannon-Brookes, CEO and Co-Founder of Atlassian Corp (NASDAQ: TEAM ), recently sold shares of the company's Class A Common Stock valued at approximately $2.08 million, according to a filing with the Securities and Exchange Commission.\nThe transactions, executed on November 27, 2024, involved the sale of a total of 7,948 shares at prices ranging from $258.57 to $263.50 per share. Following these sales, Cannon-Brookes holds 174,856 shares indirectly through a trust.\nThese sales were conducted under a pre-arranged trading plan, commonly known as a Rule 10b5-1 plan, which Cannon-Brookes adopted earlier this year.\nIn other recent news, Atlassian Corporation Plc reported a robust start to fiscal year 2025, attributing its success to the integration of AI capabilities into its cloud platform and effective sales execution. The company's earnings call, led by CEO Mike Cannon-Brookes and CFO Joe Binz, highlighted the launch of Rovo, an AI-powered product, and the introduction of new offerings designed to enhance enterprise capabilities. A significant 31% growth in cloud revenue, surpassing the forecasted 27%, was also reported.\nAlongside these developments, Atlassian announced the appointment of a new Chief Revenue Officer, Brian Duffy. The company's cloud platform now supports data residency in 11 countries and boasts over 55,000 Jira Service Management customers. The company is exploring consumption-based pricing models and maintains a high investment in R&D, around 35% of revenue.\nDespite macroeconomic uncertainties, Atlassian projects mid-to-high single-digit growth in cloud revenue from customer migrations over the next three years. However, the company remains cautious about its Q2 and FY25 guidance due to these uncertainties and potential risks in executing its enterprise strategy. These are the recent developments in the company.\nInvestingPro Insights\nWhile Atlassian's CEO Michael Cannon-Brookes has recently sold shares, the company's financial metrics and market performance paint an intriguing picture for investors. According to InvestingPro data, Atlassian boasts a market capitalization of $68.43 billion, reflecting its significant presence in the software industry.\nThe company's revenue growth remains robust, with a 23.31% increase over the last twelve months as of Q1 2023, reaching $4.57 billion. This growth is complemented by an impressive gross profit margin of 81.55%, underscoring Atlassian's efficiency in managing costs. An InvestingPro Tip highlights these \"impressive gross profit margins,\" which could be a key factor in the company's ability to invest in innovation and expansion.\nDespite these strengths, Atlassian faces some challenges. The company is not currently profitable, with a negative operating income of $130.19 million over the last twelve months. However, another InvestingPro Tip suggests that \"net income is expected to grow this year,\" potentially signaling a turnaround in profitability.\nInvestors should note that Atlassian's stock has shown strong performance, with a 38.94% price return over the past month and a 59.58% return over the last three months. The stock is trading near its 52-week high, with its current price at 97.42% of that peak.\nFor those interested in a deeper analysis, InvestingPro offers 13 additional tips on Atlassian, providing a more comprehensive view of the company's financial health and market position.\nThis article was generated with the support of AI and reviewed by an editor. For more information see our T&C.",
    "highlightText": "",
    "highlightTitle": "",
    "highlightThreadTitle": "",
    "language": "english",
    "sentiment": "negative",
    "categories": [
        "Economy, Business and Finance"
    ],
    "ai_allow": true,
    "canonical": false,
    "webz_reporter": false,
    "external_links": [],
    "external_images": [],
    "entities": {
        "persons": [],
        "organizations": [],
        "locations": []
    },
    "syndication": {
        "syndicated": false,
        "syndicate_id": null,
        "first_syndicated": false
    },
    "rating": null,
    "crawled": "2024-11-28T00:48:40.258+02:00",
    "updated": "2024-11-28T00:48:40.258+02:00"
}