{
    "thread": {
        "uuid": "c13e34be932780bc6fde2c1eed5157c7b0d37737",
        "url": "https://www.wbaltv.com/article/plumbing-failures-plumbers-warning-brown-friday-thanksgiving/63012800",
        "site_full": "www.wbaltv.com",
        "site": "wbaltv.com",
        "site_section": "http://www.wbaltv.com/10137988?format=rss_2.0&view=feed",
        "site_categories": [
            "media"
        ],
        "section_title": "Top Stories",
        "title": "'It's a perfect storm:' Plumbers warn about Brown Friday",
        "title_full": "'It's a perfect storm:' Plumbers warn about Brown Friday",
        "published": "2024-11-28T00:39:00.000+02:00",
        "replies_count": 0,
        "participants_count": 1,
        "site_type": "news",
        "country": "US",
        "main_image": "https://kubrick.htvapps.com/htv-prod-media.s3.amazonaws.com/images/kitchen-sink-plumbing-6745cdeb202a4.jpg?crop=1.00xw:1.00xh;0,0&amp;resize=1200:*",
        "performance_score": 0,
        "domain_rank": 9069,
        "domain_rank_updated": "2024-11-25T23:00:00.000+02:00",
        "social": {
            "facebook": {
                "likes": 1,
                "comments": 0,
                "shares": 1
            },
            "vk": {
                "shares": 0
            }
        }
    },
    "uuid": "c13e34be932780bc6fde2c1eed5157c7b0d37737",
    "url": "https://www.wbaltv.com/article/plumbing-failures-plumbers-warning-brown-friday-thanksgiving/63012800",
    "ord_in_thread": 0,
    "parent_url": null,
    "author": "Tori Yorgey",
    "published": "2024-11-28T00:39:00.000+02:00",
    "title": "'It's a perfect storm:' Plumbers warn about Brown Friday",
    "text": "With Thanksgiving around the corner, plumbers are warning about what they call Brown Friday.\"Brown Friday is the day after Thanksgiving, you know, just like Black Friday,\" said Tom Shrum, president and founder of Prime Plumbing. \"It's the day where everybody's plumbing has just been tortured and abused by all the guests, all the parties, all the meals, all the cooking. It's like a perfect storm for plumbing failures.\"Shrum said they get several calls for drain cleaning or backup calls. \"Leftover foods, plate scraps, seeing everything as far as bones, you know, whole pieces of turkey go down garbage disposals,\" said Bill Huntzberry, a plumbing solution specialist for Prime Plumbing. \"It makes for a busy day for the plumber.\"The Glen Burnie business recommends not putting anything but plate scraps down the garbage disposal. However, they said products like grease, lettuce, eggshells and starches, like rice, are the worst for your pipes.\"If you have a garbage disposal, people think that it means trash can (but) it's made for little scraps on the plates, not leftovers,\" said Shrum. Huntzberry also advises you to be mindful of what's going down all the drains in your home. \"One of the things we like to stress is nothing but toilet paper down the toilet. There's a lot of different wet wipes out there. I've seen people put just regular paper towels out of the dispensers (in the toilet),\" said Huntzberry. \"We've had (these wipes and paper towels) sitting in (this bucket full of water) for about six to eight hours now. (The paper towels and wipes) don't break down like toilet paper should. What it does is it builds and builds and creates a blockage.\"",
    "highlightText": "",
    "highlightTitle": "",
    "highlightThreadTitle": "",
    "language": "english",
    "sentiment": "negative",
    "categories": [
        "Social Issue",
        "Human Interest",
        "Economy, Business and Finance"
    ],
    "ai_allow": true,
    "canonical": false,
    "webz_reporter": false,
    "external_links": [],
    "external_images": [],
    "entities": {
        "persons": [],
        "organizations": [],
        "locations": []
    },
    "syndication": {
        "syndicated": false,
        "syndicate_id": "c13e34be932780bc6fde2c1eed5157c7b0d37737",
        "first_syndicated": true
    },
    "rating": null,
    "crawled": "2024-11-28T00:51:44.737+02:00",
    "updated": "2024-11-28T01:03:11.897+02:00"
}