{
    "thread": {
        "uuid": "adf70c498c599cf33e3841d77127211999111ddf",
        "url": "https://www.newsbreak.com/wish-tv-2107872/3694545931276-the-impact-of-trump-s-tariffs",
        "site_full": "www.newsbreak.com",
        "site": "newsbreak.com",
        "site_section": "https://www.newsbreak.com/wish-tv-2107872",
        "site_categories": [
            "under_construction"
        ],
        "section_title": "WISH-TV&#x27;s Home Page | NewsBreak",
        "title": "",
        "title_full": "",
        "published": "2024-11-29T00:07:00.000+02:00",
        "replies_count": 0,
        "participants_count": 1,
        "site_type": "news",
        "country": "",
        "main_image": "https://img.particlenews.com/img/id/319zA8_0x5iFxmk00?type=thumbnail_1600x1200",
        "performance_score": 0,
        "domain_rank": 3674,
        "domain_rank_updated": "2024-11-25T23:00:00.000+02:00",
        "social": {
            "facebook": {
                "likes": 0,
                "comments": 0,
                "shares": 0
            },
            "vk": {
                "shares": 0
            }
        }
    },
    "uuid": "adf70c498c599cf33e3841d77127211999111ddf",
    "url": "https://www.newsbreak.com/wish-tv-2107872/3694545931276-the-impact-of-trump-s-tariffs",
    "ord_in_thread": 0,
    "parent_url": null,
    "author": "NewsBreak Original",
    "published": "2024-11-29T00:07:00.000+02:00",
    "title": "",
    "text": "By Cat Sandoval ,\n4 hours ago\nExperts: Trump tariffs will increase consumer prices INDIANAPOLIS (WISH) — President-elect Donald Trump announced tariffs on Mexico, Canada, and China as soon as he takes office.\nWhile those tariffs were directed to other countries, economic experts say these tariffs can cost Americans money and jobs.\n“The US economy will suffer greatly,” said Gary Lemon, an economics professor at DePauw University.\nA tariff is a tax imposed on imported goods. Anything that’s produced outside the country will be taxed. Trump is proposing a 25% tax on goods from Mexico and Canada, and an additional 10% tax on China. Trump said its because of weakened borders that allow for illegal immigration and drugs.\n“So, we’ll be in a war,” Lemon said. “Not a shooting war, but an economic war where everyone will be a loser.”\n“If the tariffs he’s proposing actually comes to fruition then it will definitely lead to some higher prices,” said Kyle Anderson, a clinical assistant professor of business economics at the Indiana University Kelley School of Business. “So, what happens when that price gets paid? The producers have to pass that along in a form of higher prices.”\nLemon says we could see inflation kick up by 2%.\n“We get a lot of our oil from Canada, and if we put a 25% tariff, I’ve seen estimates of gas prices go up 50-75 cents,” Lemon said.\nExperts say if used strategically and specifically, tariffs can help. Tariffs have been used in the past to protect industries or defense weapons.\n“There are strategic reasons why we might invest in certain technology,” Anderson said. “Tariffs are one way to protect those industries. What gets potentially harmful is when you talk about tariffs across the board.”\nAnd that’s what Trump is proposing. Tariffs across the board, including raw materials and goods, and that can include oil and lumber we import from Canada.\n“The price of lumber would grow up significantly now,” Anderson said. “If there are houses under construction or apartments. All these things are going to get more expensive and that’ll deter potential home buyers to people who work in the construction industry.”\nBoth experts say it will create retaliation. Mexico President Claudia Sheinbaum Pardo suggested placing tariffs on US goods, and experts said that could impact our jobs and businesses.\nIn Indiana, it could impact our export of pharmaceutical drugs and corn.\n“Take an Indiana corn farmer who happens to sell corn to Mexico,” Lemon said. “So, if there’s a tariff, his corn would be so expensive in Mexico, or they just won’t import it.”\n“Prices will go up,” Lemon said. “Some companies who couldn’t raise prices may go bankrupt and people will lose their jobs.”\nIndiana Governor Eric Holcomb wasn’t too concerned. He told News 8, “With everything there’s of course rhetoric, there’s of course messaging being sent. But until we get to the point where we see the actual details how we will play out, that will be a concern to me.”\nExperts say this may just be an attempt to open up negotiations. After the tariff announcement, Sheinbaum and Trump said they had a productive conversation Wednesday, although neither addressed the tariffs.",
    "highlightText": "",
    "highlightTitle": "",
    "highlightThreadTitle": "",
    "language": "english",
    "sentiment": "negative",
    "categories": [
        "Politics",
        "Economy, Business and Finance",
        "Social Issue"
    ],
    "ai_allow": true,
    "canonical": false,
    "webz_reporter": false,
    "external_links": [
        "https://img.particlenews.com/image.php?type=thumbnail_580x000&url=319zA8_0x5iFxmk00",
        "https://img.particlenews.com/image.php?url=319zA8_0x5iFxmk00",
        "https://img.particlenews.com/image.php",
        "https://www.img.particlenews.com/image.php?type=thumbnail_580x000&url=319zA8_0x5iFxmk00",
        "https://www.img.particlenews.com/image.php?url=319zA8_0x5iFxmk00"
    ],
    "external_images": [],
    "entities": {
        "persons": [
            {
                "name": "Cat Sandoval",
                "sentiment": "negative"
            },
            {
                "name": "Kyle Anderson",
                "sentiment": "none"
            },
            {
                "name": "Donald Trump",
                "sentiment": "none"
            },
            {
                "name": "Gary Lemon",
                "sentiment": "none"
            }
        ],
        "organizations": [
            {
                "name": "Indiana University Kelley School of Business",
                "sentiment": "none"
            },
            {
                "name": "DePauw University",
                "sentiment": "none"
            }
        ],
        "locations": []
    },
    "syndication": {
        "syndicated": false,
        "syndicate_id": "adf70c498c599cf33e3841d77127211999111ddf",
        "first_syndicated": true
    },
    "rating": null,
    "crawled": "2024-11-29T01:59:23.651+02:00",
    "updated": "2024-11-29T04:46:36.327+02:00"
}