{
    "thread": {
        "uuid": "0f7a056d79d8ca28715a8b0a732c6cb7c0de7bca",
        "url": "https://www.cbc.ca/lite/story/1.7396139",
        "site_full": "www.cbc.ca",
        "site": "cbc.ca",
        "site_section": "https://www.cbc.ca/lite",
        "site_categories": [
            "media",
            "top_news_ca",
            "top_news"
        ],
        "section_title": "News",
        "title": "Quebec delays deposit system for glass and multi-layer containers until 2027",
        "title_full": "Quebec delays deposit system for glass and multi-layer containers until 2027",
        "published": "2024-11-28T02:00:00.000+02:00",
        "replies_count": 0,
        "participants_count": 0,
        "site_type": "news",
        "country": "CA",
        "main_image": "",
        "performance_score": 0,
        "domain_rank": 336,
        "domain_rank_updated": "2024-11-25T23:00:00.000+02:00",
        "social": {
            "facebook": {
                "likes": 0,
                "comments": 0,
                "shares": 0
            },
            "vk": {
                "shares": 0
            }
        }
    },
    "uuid": "0f7a056d79d8ca28715a8b0a732c6cb7c0de7bca",
    "url": "https://www.cbc.ca/lite/story/1.7396139",
    "ord_in_thread": 0,
    "parent_url": null,
    "author": null,
    "published": "2024-11-28T02:00:00.000+02:00",
    "title": "Quebec delays deposit system for glass and multi-layer containers until 2027",
    "text": "Quebec delays deposit system for glass and multi-layer containers until 2027\nCBC News | Posted: November 28, 2024 9:27 PM | Last Updated: 1 hour ago\nProvince investigating delays in expanded deposit return program\nThe Quebec government says it is postponing the implementation of the deposit system for glass and multi-layer beverage containers, such as milk cartons, by two years due to delays caused by the organization in charge of the initiative.\nThe new deposit system on glass and multi-layer packaging will instead begin in March 2027, while deposits on plastic water and juice bottles will proceed in March 2025 as originally planned.\nMeanwhile, the province's environment minister is launching an administrative investigation into the Association québécoise de récupération des contenants de boissons (AQRCB) and Consignaction, the organizations responsible for implementing the deposit system reform.\nBenoit Charette made the announcement Thursday during a media briefing at the National Assembly.\n\"AQRCB had made clear commitments regarding the deployment of return sites, and we are far, far from the mark,\" he said. \"We were not ready on the network side to welcome these new containers.\"\nCharette explained that in recent weeks, the government made \"several requests for information\" to Consignaction and its operator, the AQRCB, but \"unfortunately\" the ministry did not receive \"an appropriate response.\"\nThe minister cited \"the pace of deployment and certain elements brought to our attention\" as reasons for initiating the administrative investigation.\nWATCH | New deposit system comes to Quebec:\n\"There are significant delays. We are far from where we need to be at this point,\" said Charette.\n\"This morning, we informed retailers that the implementation for plastic containers will proceed as planned, but there will be delays for glass and multi-layer containers.\"\nCharette said that \"80 per cent of the modernized deposit network will be operational by next spring.\"\nThe deposit system for glass and multi-layer containers is now expected to be delayed until March 1, 2027, according to the minister.\nRight now, people can return aluminum cans to retailers or to refund centres known as Consignaction.\nThis expansion was supposed to add wine bottles, milk cartons and plastic water bottles to the list of things that can be returned there. Now the initiative is delayed for a third time. It was originally planned for Fall 2022. Then postponed until spring 2023. Then March of 2025.\nInvestigating compliance with regulatory obligations\nIn a news release issued Thursday afternoon, the ministry stated it had \"initiated an administrative investigation to shed light on the AQRCB's compliance with regulatory obligations.\"\nThe investigation will allow the ministry to \"invoke the powers granted under the Act Respecting Public Inquiry Commissions.\"\nThe ministry could summon \"any person whose testimony is relevant to the investigation\" and \"compel the submission of documents and written materials necessary to clarify the situation.\"\nThe investigation could result in coercive measures, \"including fines of up to $10,000.\"\nWATCH | Deposit amounts changed for metal cans, glass bottles over a litre:\nIn a joint news release, the Retail Council of Canada (RCC) and the Association des détaillers en alimentation du Québec (ADAQ) welcomed the government's decision, considering that it allows for a more structured transition to the modernized system. Both organizations blame ARQCB for the delays.\n\"We were working really hard to find solutions, and it seems so difficult to push them forward,\" ADAQ CEO Pierre-Alexandre Blouin said.\nAQRCB says investigation 'casts shadow'\nAQRCB, which operates under the name Consignaction, was mandated in 2022 by provincial agency Recyc-Québec to manage the deposit system. This additional time will allow the consolidation of the collection network, accelerate the deployment of Consignaction return points, said Normand Bisson, Consignaction CEO, in a news release.\nIn total, 1,500 return points are planned in Quebec, 400 of which would be Consignaction return points. The others would be open in businesses.\nFor several months, Consignaction has been mobilizing considerable resources to support this major transformation, he said.\n\"This postponement is neither a failure nor an abandonment, quite the contrary,\" Bisson said. \"It is an opportunity to consolidate a world-class system and network that will propel Quebec as an international leader in deposit returns.\"\nBisson said he was surprised by the administrative investigation ordered by Quebec.\n\"It casts a shadow over the important work we are doing, and this at a time when we are facing significant resistance from retailers,\" he said, noting his company has repeatedly told the province that it has no legal levers to speed up the conclusion of agreements.",
    "highlightText": "",
    "highlightTitle": "",
    "highlightThreadTitle": "",
    "language": "english",
    "sentiment": "negative",
    "categories": [
        "Politics",
        "Economy, Business and Finance",
        "Social Issue"
    ],
    "ai_allow": true,
    "canonical": false,
    "webz_reporter": false,
    "external_links": [],
    "external_images": [],
    "entities": {
        "persons": [],
        "organizations": [],
        "locations": []
    },
    "syndication": {
        "syndicated": false,
        "syndicate_id": null,
        "first_syndicated": false
    },
    "rating": null,
    "crawled": "2024-11-29T03:16:04.997+02:00",
    "updated": "2024-11-29T03:16:04.997+02:00"
}