{
    "thread": {
        "uuid": "2d753367e196f36f3e97db06cab1ce1de2410cb0",
        "url": "https://www.theglobeandmail.com/business/article-exro-technologies-faces-shareholder-lawsuit-over-april-merger-with-sea/?ref=biztoc.com",
        "site_full": "www.theglobeandmail.com",
        "site": "theglobeandmail.com",
        "site_section": "https://www.biztoc.com",
        "site_categories": [
            "tech",
            "top_news_ca",
            "top_news"
        ],
        "section_title": "BizToc",
        "title": "Exro Technologies faces shareholder lawsuit over April merger with SEA Electric - The Globe and Mail",
        "title_full": "Exro Technologies faces shareholder lawsuit over April merger with SEA Electric - The Globe and Mail",
        "published": "2024-11-29T01:43:00.000+02:00",
        "replies_count": 0,
        "participants_count": 1,
        "site_type": "news",
        "country": "CA",
        "main_image": "https://www.theglobeandmail.com/resizer/v2/EJTOXMV5BJAX7MBFHMAN25K3W4.JPG?auth=f00b7c8c416ef148f8000b5d5e8eff2e9e56e22b322179194cdf929c1bf75d8d&amp;width=1200&amp;height=800&amp;quality=80&amp;smart=true",
        "performance_score": 0,
        "domain_rank": 598,
        "domain_rank_updated": "2024-11-25T23:00:00.000+02:00",
        "social": {
            "facebook": {
                "likes": 0,
                "comments": 0,
                "shares": 0
            },
            "vk": {
                "shares": 0
            }
        }
    },
    "uuid": "2d753367e196f36f3e97db06cab1ce1de2410cb0",
    "url": "https://www.theglobeandmail.com/business/article-exro-technologies-faces-shareholder-lawsuit-over-april-merger-with-sea/?ref=biztoc.com",
    "ord_in_thread": 0,
    "parent_url": null,
    "author": "@globeandmail",
    "published": "2024-11-29T01:43:00.000+02:00",
    "title": "Exro Technologies faces shareholder lawsuit over April merger with SEA Electric - The Globe and Mail",
    "text": "Share Bookmark Please log in to bookmark this story. Log In Create Free Account Exro Technologies Inc. EXRO-T and a number of investment banks are facing a shareholder lawsuit alleging the electric-vehicle tech developer overstated its prospects following a $332-million takeover early this year , leading it to write down more than half the deal’s value.\nThe proposed class action claims Calgary-based Exro misrepresented the outlook for revenue after its acquisition of SEA Electric. The plaintiff in the case said in the statement of claim it does not appear Exro and SEA had a strong order book, as Exro asserted at the time of the deal, or that orders were not secured or legally binding.\nThe suit names Exro, its chief executive officer Sue Ozdemir and chairman Rodney Copes as defendants. It also names underwriters of about $55-million in financings this year: Canaccord Genuity Corp., Eight Capital, National Bank Financial Inc., ATB Securities Inc., Stifel Nicolaus Canada Inc., Roth Canada Inc. and AGP Canada Investments ULC.\nThe action, brought by retail investor Allan Crosier, seeks to bring together other investors who suffered losses or damages as a result of the alleged misrepresentations, according to the statement of claim. Mr. Crosier is represented by Jensen Shawa Solomon Duguid Hawkes LLP and KND Complex Litigation.\nThe allegations have not been proven in court.\nIn a statement, Exro disputed the allegations and said it intends to defend itself vigorously. Company officials did not respond to requests for comment.\nThe court action comes at a difficult time for Exro, whose technology is designed to boost the efficiency and power of electric motors for cars, trucks and motorcycles. It counts Stellantis STLA-N , Linamar Corp. LNR-T and Hino Motors among its partners.\nEarlier this month, the company reported it was tracking well below the sales projection it had set for 2024 after announcing the deal to acquire California-based SEA. In addition, it recorded a $226-million net loss, which included a one-time goodwill impairment of $211-million, largely related to the acquisition.\nExro said in its financial statement it had $14-million of cash and equivalents at the end of the quarter, and $36-million of accounts payable and other liabilities due over the next year, and that it will require additional financing in the next 12 months to fund its operations. It said it had reduced its work force and warned there were “material uncertainties that may cast significant doubt on the ability of the company to continue as a going concern.”\nSince announcing the deal with SEA in January, the stock has lost 85 per cent of its value. It closed at 15 cents on the Toronto Stock Exchange on Thursday.\nSEA developed technology that controls all the components that electrify a vehicle. At the time of the deal announcement, Ms. Ozdemir said the two companies’ products were complementary, and the deal allowed the combined entity to offer an integrated set of products.\nIn March, the company said it was preparing to deliver more than 1,000 of its propulsion systems to blue-chip manufacturers in 2024, targeting annual revenues of more than $200-million. In the nine months to Sept. 30, revenues totalled $16.3-million.\nThe plaintiff said in the court document he believes Exro cannot claim the protection of inherent uncertainty surrounding forward-looking statements because it had no basis for making optimistic projections.",
    "highlightText": "",
    "highlightTitle": "",
    "highlightThreadTitle": "",
    "language": "english",
    "sentiment": "negative",
    "categories": [
        "Economy, Business and Finance",
        "Social Issue",
        "Human Interest"
    ],
    "ai_allow": true,
    "canonical": false,
    "webz_reporter": false,
    "external_links": [
        "https://www.linkedin.com/shareArticle?mini=true&url=https%3A%2F%2Fwww.theglobeandmail.com%2Fbusiness%2Farticle-exro-technologies-faces-shareholder-lawsuit-over-april-merger-with-sea%2F%3Futm_medium%3DReferrer%3A%2BSocial%2BNetwork%2B%2F%2BMedia%26utm_campaign%3DShared%2BWeb%2BArticle%2BLinks&title=Exro%20Technologies%20faces%20shareholder%20lawsuit%20over%20April%20merger%20with%20SEA%20Electric",
        "https://twitter.com/share?url=https%3A%2F%2Fwww.theglobeandmail.com%2Fbusiness%2Farticle-exro-technologies-faces-shareholder-lawsuit-over-april-merger-with-sea%2F%3Futm_medium%3DReferrer%3A%2BSocial%2BNetwork%2B%2F%2BMedia%26utm_campaign%3DShared%2BWeb%2BArticle%2BLinks&text=Exro%20Technologies%20faces%20shareholder%20lawsuit%20over%20April%20merger%20with%20SEA%20Electric%20%2Fvia%20%40globeandmail",
        "https://reddit.com/submit?url=https%3A%2F%2Fwww.theglobeandmail.com%2Fbusiness%2Farticle-exro-technologies-faces-shareholder-lawsuit-over-april-merger-with-sea%2F%3Futm_medium%3DReferrer%3A%2BSocial%2BNetwork%2B%2F%2BMedia%26utm_campaign%3DShared%2BWeb%2BArticle%2BLinks&title=Exro%20Technologies%20faces%20shareholder%20lawsuit%20over%20April%20merger%20with%20SEA%20Electric",
        "https://reddit.com/submit",
        "https://www.reddit.com/submit?url=https%3A%2F%2Fwww.theglobeandmail.com%2Fbusiness%2Farticle-exro-technologies-faces-shareholder-lawsuit-over-april-merger-with-sea%2F%3Futm_medium%3DReferrer%3A%2BSocial%2BNetwork%2B%2F%2BMedia%26utm_campaign%3DShared%2BWeb%2BArticle%2BLinks&title=Exro%20Technologies%20faces%20shareholder%20lawsuit%20over%20April%20merger%20with%20SEA%20Electric",
        "https://www.twitter.com/share?url=https%3A%2F%2Fwww.theglobeandmail.com%2Fbusiness%2Farticle-exro-technologies-faces-shareholder-lawsuit-over-april-merger-with-sea%2F%3Futm_medium%3DReferrer%3A%2BSocial%2BNetwork%2B%2F%2BMedia%26utm_campaign%3DShared%2BWeb%2BArticle%2BLinks&text=Exro%20Technologies%20faces%20shareholder%20lawsuit%20over%20April%20merger%20with%20SEA%20Electric%20%2Fvia%20%40globeandmail",
        "https://www.linkedin.com/shareArticle",
        "https://linkedin.com/shareArticle?mini=true&url=https%3A%2F%2Fwww.theglobeandmail.com%2Fbusiness%2Farticle-exro-technologies-faces-shareholder-lawsuit-over-april-merger-with-sea%2F%3Futm_medium%3DReferrer%3A%2BSocial%2BNetwork%2B%2F%2BMedia%26utm_campaign%3DShared%2BWeb%2BArticle%2BLinks&title=Exro%20Technologies%20faces%20shareholder%20lawsuit%20over%20April%20merger%20with%20SEA%20Electric",
        "https://twitter.com/share"
    ],
    "external_images": [],
    "entities": {
        "persons": [
            {
                "name": "Allan Crosier",
                "sentiment": "none"
            },
            {
                "name": "Rodney Copes",
                "sentiment": "none"
            },
            {
                "name": "Sue Ozdemir",
                "sentiment": "none"
            }
        ],
        "organizations": [
            {
                "name": "SEA Electric",
                "sentiment": "negative"
            },
            {
                "name": "National Bank Financial Inc.",
                "sentiment": "none"
            },
            {
                "name": "Stifel Nicolaus Canada Inc.",
                "sentiment": "none"
            },
            {
                "name": "AGP Canada Investments ULC",
                "sentiment": "none"
            },
            {
                "name": "Canaccord Genuity Corp.",
                "sentiment": "none"
            },
            {
                "name": "ATB Securities Inc.",
                "sentiment": "none"
            },
            {
                "name": "Roth Canada Inc.",
                "sentiment": "none"
            },
            {
                "name": "Eight Capital",
                "sentiment": "none"
            }
        ],
        "locations": []
    },
    "syndication": {
        "syndicated": false,
        "syndicate_id": null,
        "first_syndicated": false
    },
    "rating": null,
    "crawled": "2024-11-29T02:00:01.476+02:00",
    "updated": "2024-11-29T02:00:01.476+02:00"
}