{
    "thread": {
        "uuid": "9eed31079b64996e266e66ac1a55fa7f0e9df77a",
        "url": "https://euroweeklynews.com/2024/11/28/typhoo-goes-into-administration-a-120-year-legacy-in-peril",
        "site_full": "euroweeklynews.com",
        "site": "euroweeklynews.com",
        "site_section": "https://euroweeklynews.com/news/world-news",
        "site_categories": [],
        "section_title": "Category: World News &laquo; Euro Weekly News",
        "title": "Typhoo goes into administration « Euro Weekly News",
        "title_full": "Typhoo goes into administration « Euro Weekly News",
        "published": "2024-11-28T23:45:00.000+02:00",
        "replies_count": 0,
        "participants_count": 1,
        "site_type": "news",
        "country": "ES",
        "main_image": "https://cdn.euroweeklynews.com/wp-content/uploads/2024/11/Typhoo-in-trouble.jpg",
        "performance_score": 0,
        "domain_rank": 11372,
        "domain_rank_updated": "2024-11-25T23:00:00.000+02:00",
        "social": {
            "facebook": {
                "likes": 0,
                "comments": 0,
                "shares": 0
            },
            "vk": {
                "shares": 0
            }
        }
    },
    "uuid": "9eed31079b64996e266e66ac1a55fa7f0e9df77a",
    "url": "https://euroweeklynews.com/2024/11/28/typhoo-goes-into-administration-a-120-year-legacy-in-peril",
    "ord_in_thread": 0,
    "parent_url": null,
    "author": "Marc Menendez-Roche",
    "published": "2024-11-28T23:45:00.000+02:00",
    "title": "Typhoo goes into administration « Euro Weekly News",
    "text": "Typhoo goes into administration: A 120-year legacy in peril. It’s a sad day for tea lovers as Typhoo Tea – a brand that’s been filling our mugs for over a century – has officially plunged into administration. Once a staple in every pantry, the Birmingham-born brand is now grappling with plunging sales, mounting debts, and a steaming pile of bad luck.\nAdvisory firm Kroll has been roped in to rescue the ailing company, tasked with finding a buyer who can stop the iconic tea label from going stone cold. But will this beloved brew find a saviour?\nMost Read on Euro Weekly News Why gaining residency in Spain has never been easier Portugal and Spain set to restore iconic night train services German island bans Christmas tradition of spanking women with cow horns! Supreme takeover brewing? Leading the pack of potential buyers is Supreme , a Manchester-based company better known for flogging vapes, batteries, and gym supplements. While the idea of a vape-and-battery giant branching into tea might raise a few eyebrows, insiders say the deal could diversify Supreme’s portfolio. However, they’ve cautioned that it’s far from a done deal.\nAccording to Supreme, ‘talks are at an advanced stage, but no final terms have been agreed.’\nTyphoo has been in trouble for a while. The tea titan has been struggling for years to turn the business around, but 2023 was the year the lid finally blew off. With pre-tax losses swelling from £9.6m to a staggering £38m, sales tanking to £25.3m from £33.7m, and debts towering above the value of its assets, it’s no surprise that Typhoo’s been left clutching at straws.\nThe company’s woes deepened last year when organised trespassers caused “extensive” damage at its Moreton factory in Merseyside. The site was rendered “inaccessible” and a large quantity of tea became undrinkable, leaving the brand unable to meet customer orders.\n“During August 2023, trespassers occupied the Moreton site for several days,” Typhoo revealed, calling it a devastating blow during an already challenging year.\nFear-Free Tea campaign falls flat Just two months before the administration bombshell, Typhoo tried to reposition itself with a bold rebrand. Its “Fear-Free Tea” campaign shone a spotlight on violence and abuse within the global tea supply chain. While the message struck a chord, the campaign didn’t translate into the sales boost the company desperately needed.\nIn a surprising admission, Typhoo confessed that it couldn’t guarantee its own tea was “fear-free,” instead calling for the entire industry to step up its ethical game.\nBorn in 1903 Typhoo was born in Birmingham in 1903, the brainchild of John Sumner, and has long stood alongside other big-name British brands like PG Tips and Tetley’s. Now majority-owned by private equity firm Zetland Capital, it’s a far cry from its heyday.\nWith debts piling up, sales drying up, and uncertainty building over a buyout, the future of one of Britain’s most cherished tea brands is dangling by a thread. Will Typhoo find a second wind, or is this the last sip for a brew that once defined the nation?\nFor now, tea lovers will have to wait and see if their beloved cuppa gets a lifeline – or if it’s the end of the road for this British icon.\nGet UK news in English .\nFind more news from around Europe .\nTags: European news , UK news Share this story\nshare on Facebook share on Twitter share on WhatsApp share on LinkedIn share on Flipboard share on Email Sign up for personalised news Subscribe to our Euro Weekly News alerts to get the latest stories into your inbox!\nDaily Weekly By signing up, you will create a Euro Weekly News account if you don't already have one. Review our Privacy Policy for more information about our privacy practices.\nWritten by Marc Menendez-Roche Marc is a writer, teacher, and language enthusiast with a passion for making complex topics simple and accessible. With a background in business and legal communication and an interest in educational neuroscience, Marc has spent over a decade teaching and writing. Now, as part of the team at Euro Weekly News, Marc enjoys diving into entertaining topics and stories that matter to the community. When he's not writing, Marc loves practising martial arts, playing football, cooking up a storm in the kitchen, or spending quality time with friends and family, but above all, Marc enjoys spending time with his son, Macson.\nComments",
    "highlightText": "",
    "highlightTitle": "",
    "highlightThreadTitle": "",
    "language": "english",
    "sentiment": "negative",
    "categories": [
        "Economy, Business and Finance",
        "Corporate News and Profiles"
    ],
    "ai_allow": true,
    "canonical": false,
    "webz_reporter": false,
    "external_links": [
        "https://www.facebook.com/sharer/sharer.php?u=https://euroweeklynews.com/2024/11/28/typhoo-goes-into-administration-a-120-year-legacy-in-peril/",
        "https://www.linkedin.com/shareArticle?mini=true&#038;url=https://euroweeklynews.com/2024/11/28/typhoo-goes-into-administration-a-120-year-legacy-in-peril/&#038;title=Typhoo%20in%20hot%20water:%20Iconic%20British%20tea%20brand&#8217;s%20120-year%20legacy%20in%20danger.",
        "https://twitter.com/share?url=https://euroweeklynews.com/2024/11/28/typhoo-goes-into-administration-a-120-year-legacy-in-peril/&#038;text=Typhoo%20in%20hot%20water:%20Iconic%20British%20tea%20brand&#8217;s%20120-year%20legacy%20in%20danger.",
        "https://share.flipboard.com/bookmarklet/popout?v=2&#038;url=https://euroweeklynews.com/2024/11/28/typhoo-goes-into-administration-a-120-year-legacy-in-peril/&#038;title=Typhoo%20in%20hot%20water:%20Iconic%20British%20tea%20brand&#8217;s%20120-year%20legacy%20in%20danger.",
        "https://wa.me/?text=https://euroweeklynews.com/2024/11/28/typhoo-goes-into-administration-a-120-year-legacy-in-peril/",
        "https://share.flipboard.com/bookmarklet/popout",
        "https://www.twitter.com/share?url=https://www.euroweeklynews.com/2024/11/28/typhoo-goes-into-administration-a-120-year-legacy-in-peril/&#038;text=Typhoo%20in%20hot%20water:%20Iconic%20British%20tea%20brand&#8217;s%20120-year%20legacy%20in%20danger.",
        "https://linkedin.com/shareArticle?mini=true&#038;url=https://euroweeklynews.com/2024/11/28/typhoo-goes-into-administration-a-120-year-legacy-in-peril/&#038;title=Typhoo%20in%20hot%20water:%20Iconic%20British%20tea%20brand&#8217;s%20120-year%20legacy%20in%20danger.",
        "https://www.facebook.com/sharer/sharer.php?u=https://euroweeklynews.com/2024/11/28/typhoo-goes-into-administration-a-120-year-legacy-in-peril",
        "https://www.wa.me/?text=https://www.euroweeklynews.com/2024/11/28/typhoo-goes-into-administration-a-120-year-legacy-in-peril/",
        "https://wa.me/",
        "https://www.facebook.com/sharer/sharer.php",
        "https://www.linkedin.com/shareArticle",
        "https://www.share.flipboard.com/bookmarklet/popout?v=2&#038;url=https://www.euroweeklynews.com/2024/11/28/typhoo-goes-into-administration-a-120-year-legacy-in-peril/&#038;title=Typhoo%20in%20hot%20water:%20Iconic%20British%20tea%20brand&#8217;s%20120-year%20legacy%20in%20danger.",
        "https://twitter.com/share",
        "https://wa.me/?text=https://euroweeklynews.com/2024/11/28/typhoo-goes-into-administration-a-120-year-legacy-in-peril",
        "https://facebook.com/sharer/sharer.php?u=https://euroweeklynews.com/2024/11/28/typhoo-goes-into-administration-a-120-year-legacy-in-peril/"
    ],
    "external_images": [],
    "entities": {
        "persons": [],
        "organizations": [
            {
                "name": "NASA",
                "sentiment": "none"
            }
        ],
        "locations": []
    },
    "syndication": {
        "syndicated": false,
        "syndicate_id": null,
        "first_syndicated": false
    },
    "rating": null,
    "crawled": "2024-11-29T01:00:05.379+02:00",
    "updated": "2024-12-04T03:33:04.856+02:00"
}