{
    "thread": {
        "uuid": "83009ea1058bd6f20e0d23abea901ae32ad92c0c",
        "url": "https://www.deccanherald.com/india/gujarat/indian-origin-australian-among-4-held-for-printing-fake-dollars-in-ahmedabad-3296504",
        "site_full": "www.deccanherald.com",
        "site": "deccanherald.com",
        "site_section": "https://www.golf.einnews.com/live_feed",
        "site_categories": [
            "media",
            "top_news_in",
            "top_news_kw",
            "top_news"
        ],
        "section_title": "Live Feed Wire - Golf News Today - EIN Presswire",
        "title": "Indian-origin Australian among 4 held for printing fake dollars in Ahmedabad",
        "title_full": "Indian-origin Australian among 4 held for printing fake dollars in Ahmedabad",
        "published": "2024-11-28T23:35:00.000+02:00",
        "replies_count": 0,
        "participants_count": 1,
        "site_type": "news",
        "country": "IN",
        "main_image": "https://images.deccanherald.com/deccanherald%2F2024-11-28%2Fjkmaioxf%2Fdollars_4260231280_1_914705_1605177400.jpg?rect=0%2C0%2C1207%2C634&amp;w=1200&amp;ar=40%3A21&amp;auto=format%2Ccompress&amp;ogImage=true&amp;mode=crop",
        "performance_score": 0,
        "domain_rank": 2878,
        "domain_rank_updated": "2024-11-25T23:00:00.000+02:00",
        "social": {
            "facebook": {
                "likes": 0,
                "comments": 0,
                "shares": 0
            },
            "vk": {
                "shares": 0
            }
        }
    },
    "uuid": "83009ea1058bd6f20e0d23abea901ae32ad92c0c",
    "url": "https://www.deccanherald.com/india/gujarat/indian-origin-australian-among-4-held-for-printing-fake-dollars-in-ahmedabad-3296504",
    "ord_in_thread": 0,
    "parent_url": null,
    "author": "Satish Jha",
    "published": "2024-11-28T23:35:00.000+02:00",
    "title": "Indian-origin Australian among 4 held for printing fake dollars in Ahmedabad",
    "text": "<p>Ahmedabad: The special operation group (SOG) of the Ahmedabad police on Thursday busted a racket printing fake Australian dollars and arrested four persons, including an Indian origin Australian citizen.</p><p>The suspects have been identified as Ronak Chetanbhai Rathod, Khush Ashokbhai Patel, Maulik Shankarbhai Patel and Dhruv Himanshu Desai.</p><p>The police have seized 151 fake Australian notes in 50 dollar denomination and 18 sheets of counterfeit currency.</p><p>According to FIR, one Rakesh Vaghela informed the police that his friend Rakesh Parmar, who runs a salon in Vejalpur locality in the city, was contacted by a customer identified as Ronak Rathod saying that he had a lot of Australian dollars and wanted to sell them at Rs 40 per dollar against its market price of Rs 55. </p><p>The FIR states that the salon owner reportedly sensed that Rathod was a fraud, and contacted his friend Vaghela who in turn contacted the SOG.</p>.Rs 6,000 crore Ponzi scam busted in Gujarat, mastermind underground.<p>He came to Gujarat in October and conspired to print fake currencies. He, along with co-accused, bought a high-end printer from the Gandhinagar Expo to print the notes the Vatva premises owned by co-accused Dhruv Desai (20), a resident of Ghodasar in Ahmedabad.</p><p>The police said the accused downloaded the picture of currency notes from Google. They have been booked for attempting to commit crime, counterfeiting currencies, possession of forged or counterfeit currencies.</p>\n<p>Ahmedabad: The special operation group (SOG) of the Ahmedabad police on Thursday busted a racket printing fake Australian dollars and arrested four persons, including an Indian origin Australian citizen.</p><p>The suspects have been identified as Ronak Chetanbhai Rathod, Khush Ashokbhai Patel, Maulik Shankarbhai Patel and Dhruv Himanshu Desai.</p><p>The police have seized 151 fake Australian notes in 50 dollar denomination and 18 sheets of counterfeit currency.</p><p>According to FIR, one Rakesh Vaghela informed the police that his friend Rakesh Parmar, who runs a salon in Vejalpur locality in the city, was contacted by a customer identified as Ronak Rathod saying that he had a lot of Australian dollars and wanted to sell them at Rs 40 per dollar against its market price of Rs 55. </p><p>The FIR states that the salon owner reportedly sensed that Rathod was a fraud, and contacted his friend Vaghela who in turn contacted the SOG.</p>.Rs 6,000 crore Ponzi scam busted in Gujarat, mastermind underground.<p>He came to Gujarat in October and conspired to print fake currencies. He, along with co-accused, bought a high-end printer from the Gandhinagar Expo to print the notes the Vatva premises owned by co-accused Dhruv Desai (20), a resident of Ghodasar in Ahmedabad.</p><p>The police said the accused downloaded the picture of currency notes from Google. They have been booked for attempting to commit crime, counterfeiting currencies, possession of forged or counterfeit currencies.</p>",
    "highlightText": "",
    "highlightTitle": "",
    "highlightThreadTitle": "",
    "language": "english",
    "sentiment": "negative",
    "categories": [
        "Crime, Law and Justice",
        "Economy, Business and Finance",
        "Human Interest"
    ],
    "ai_allow": true,
    "canonical": false,
    "webz_reporter": false,
    "external_links": [],
    "external_images": [],
    "entities": {
        "persons": [
            {
                "name": "Maulik Shankarbhai Patel",
                "sentiment": "none"
            },
            {
                "name": "Ronak Chetanbhai Rathod",
                "sentiment": "none"
            },
            {
                "name": "Khush Ashokbhai Patel",
                "sentiment": "none"
            },
            {
                "name": "Dhruv Himanshu Desai",
                "sentiment": "none"
            },
            {
                "name": "Rakesh Vaghela",
                "sentiment": "none"
            },
            {
                "name": "Rakesh Parmar",
                "sentiment": "none"
            },
            {
                "name": "Ronak Rathod",
                "sentiment": "none"
            }
        ],
        "organizations": [],
        "locations": [
            {
                "name": "Ahmedabad",
                "sentiment": "none"
            },
            {
                "name": "Gujarat",
                "sentiment": "none"
            }
        ]
    },
    "syndication": {
        "syndicated": false,
        "syndicate_id": null,
        "first_syndicated": false
    },
    "rating": null,
    "crawled": "2024-11-29T00:21:27.534+02:00",
    "updated": "2024-11-29T01:03:03.753+02:00"
}