{
    "thread": {
        "uuid": "9c325259a58a85f17f4bac784791f165b7317754",
        "url": "https://www.investing.com/news/economic-indicators/japans-factory-output-misses-forecasts-in-oct-amid-slowing-demand-3746133",
        "site_full": "www.investing.com",
        "site": "investing.com",
        "site_section": "https://investing.com/news",
        "site_categories": [
            "investing",
            "stamps_and_coins",
            "hobbies_and_interests",
            "finance",
            "financial_news"
        ],
        "section_title": "Financial News | Stock Market and Forex News",
        "title": "Japan's factory output misses forecasts in Oct amid slowing demand By Investing.com",
        "title_full": "Japan's factory output misses forecasts in Oct amid slowing demand By Investing.com",
        "published": "2024-11-28T18:19:00.000+02:00",
        "replies_count": 0,
        "participants_count": 1,
        "site_type": "news",
        "country": "CN",
        "main_image": "https://i-invdn-com.investing.com/news/LYNXNPEC602YR_L.jpg",
        "performance_score": 0,
        "domain_rank": 1200,
        "domain_rank_updated": "2024-11-25T23:00:00.000+02:00",
        "social": {
            "facebook": {
                "likes": 0,
                "comments": 0,
                "shares": 0
            },
            "vk": {
                "shares": 0
            }
        }
    },
    "uuid": "9c325259a58a85f17f4bac784791f165b7317754",
    "url": "https://www.investing.com/news/economic-indicators/japans-factory-output-misses-forecasts-in-oct-amid-slowing-demand-3746133",
    "ord_in_thread": 0,
    "parent_url": null,
    "author": "Ayushman Ojha",
    "published": "2024-11-28T18:19:00.000+02:00",
    "title": "Japan's factory output misses forecasts in Oct amid slowing demand By Investing.com",
    "text": "Investing.com-- Japan's factory output rose at a slower-than-expected pace in October from the previous month, due to a combination of weaker external demand and production challenges in key sectors, government data showed on Friday. Industrial output rose 3.0% in October from the previous month, data released by the Ministry of Economy, Trade and Industry (METI) on Monday showed, missing a median market forecast for a 3.3% rise. Manufacturers surveyed by the Ministry of Economy, Trade and Industry expect seasonally adjusted output to fall 2.2% and 0.5% in November, and December respectively. Separate data showed Japanese retail sales rose in October rose 1.6% from a year earlier, missing expectations for growth of 2.1%. Today's figures will be closely analyzed for their implications on Bank of Japan's decisions, especially as policymakers monitor domestic resilience against global economic headwinds and political uncertainties. The Bank of Japan (BOJ) is expected to hike its policy rate by 25 basis points at an upcoming meeting in December, as it remains cautious about global economic uncertainties.",
    "highlightText": "",
    "highlightTitle": "",
    "highlightThreadTitle": "",
    "language": "english",
    "sentiment": "negative",
    "categories": [
        "Economy, Business and Finance"
    ],
    "ai_allow": true,
    "canonical": false,
    "webz_reporter": false,
    "external_links": [],
    "external_images": [],
    "entities": {
        "persons": [],
        "organizations": [
            {
                "name": "Bank of Japan",
                "sentiment": "none"
            },
            {
                "name": "METI",
                "sentiment": "none"
            }
        ],
        "locations": []
    },
    "syndication": {
        "syndicated": false,
        "syndicate_id": null,
        "first_syndicated": false
    },
    "rating": null,
    "crawled": "2024-11-29T03:39:18.666+02:00",
    "updated": "2024-11-29T03:39:18.666+02:00"
}