{
    "thread": {
        "uuid": "f83976f1c2fcc570083ef1692a67973a236fc03f",
        "url": "https://www.macrobusiness.com.au/2024/11/australias-economic-luck-is-about-to-run-out",
        "site_full": "www.macrobusiness.com.au",
        "site": "macrobusiness.com.au",
        "site_section": "https://macrobusiness.com.au/feed",
        "site_categories": [
            "financial_news",
            "finance",
            "top_news_au",
            "top_news"
        ],
        "section_title": "MacroBusiness",
        "title": "Australia’s economic luck is about to run out",
        "title_full": "Australia’s economic luck is about to run out",
        "published": "2024-11-23T12:00:00.000+02:00",
        "replies_count": 0,
        "participants_count": 1,
        "site_type": "news",
        "country": "AU",
        "main_image": "https://api.macrobusiness.com.au/wp-content/uploads/2024/06/Ambulance-Economy-Canberra.png",
        "performance_score": 0,
        "domain_rank": 63658,
        "domain_rank_updated": "2024-11-18T23:00:00.000+02:00",
        "social": {
            "facebook": {
                "likes": 0,
                "comments": 0,
                "shares": 0
            },
            "vk": {
                "shares": 0
            }
        }
    },
    "uuid": "f83976f1c2fcc570083ef1692a67973a236fc03f",
    "url": "https://www.macrobusiness.com.au/2024/11/australias-economic-luck-is-about-to-run-out",
    "ord_in_thread": 0,
    "parent_url": null,
    "author": "Unconventional Economist",
    "published": "2024-11-23T12:00:00.000+02:00",
    "title": "Australia’s economic luck is about to run out",
    "text": "Australian Treasurer Jim Chalmers delivered his Ministerial Statement on the Economy this week, which boasted that Labor has “turned two huge deficits into two substantial surpluses – the first in nearly two decades”.\nChalmers noted that when Labor was elected, “gross debt was projected to be at levels not seen since the aftermath of World War II. Deficits over the forward estimates totalled $225 billion, the highest in any pre‑election outlook”.\nChalmers then claimed credit for “the biggest ever fiscal turnaround in a single term”, meaning “the budget was $172 billion better off”.\n“This record turnaround hasn’t been accidental or incidental”, Chalmers boasted. “We have been able to save around $80 billion in interest payments compared to the 2022 PEFO over the decade to 2032–33”.\nHowever, Chalmers advised that budget storm clouds are building on the horizon, noting that “the Chinese economy [is] weighing on key commodity prices – iron ore prices are down 30% since the start of the year”.\n“As a result of these factors, I can inform the House that Treasury expects any revenue upgrades in the mid‑year outlook will be much smaller”.\n“At this stage, Treasury is also expecting to revise down company tax receipts – for the first time since 2020”, Chalmers warned.\nIndependent economist Chris Richardson argued on Twitter (X) that “the carnival is over” for the federal budget.\nRichardson noted that since the government came into office, estimated revenues over a four-year period have been revised up by one-third of a trillion dollars.\nHowever, the windfall is not due to explicit government decisions on spending and taxes. Instead, it is due to war, strong immigration, and inflation.\nWar drove up the price of products Australia sells to the world, such as iron ore, coal, and LNG. As a result, the tax pie grew larger (especially company taxes).\nRecord levels of immigration saw the number of taxpayers balloon, which meant that the federal government collected far more in personal income taxes (most of the fiscal costs of immigration fall on the states).\nFinally, bracket creep and the expiry of the lower-middle income tax threshold pushed up average tax rates, meaning that households received less and the tax office got more.\nRichardson warns that the positive headwinds for the budget are fading or reversing.\nIron ore prices are down, inflation is down, and immigration is reducing.\nPresident Trump’s China tariffs could also reduce demand for Australian commodities, reducing the company tax take and imported inflation.\n“Like Paris Hilton, the budget has been ‘sliving’ until now – it’s been “slaying mixed with living its best life”, Richardson wrote on Twitter (X).\n“But the transition from ‘sliving’ to ‘sliver’ means that the carnival is over”.\n“In fact, if I were doing the Treasury estimates of the coming tax take, I’d be edging them lower, not higher”.\n“That says the choices we make as a society are about to lose the cushion we’ve enjoyed in recent years”, Richardson said.\nThe windfall tax gains have been hypothecated through record government spending on things like the NDIS.\nThis record government spending has accounted for more than half of real GDP growth since mid-2015 and nearly two-thirds since mid-2018.\nThe non-market (government-aligned) sector has also driven nearly all of the nation’s job growth since Q4 2022:\nMost of this non-market job growth has been via the NDIS:\nGiven that the NDIS is projected to roughly double in size in nominal terms over the coming decade to $100 billion annually, we must ask ourselves: where will the revenue come from?\nRunning a ‘tax and spend’ economy is only viable when sources of revenues are expanding. However, those rivers of gold are about to run dry.",
    "highlightText": "",
    "highlightTitle": "",
    "highlightThreadTitle": "",
    "language": "english",
    "sentiment": "negative",
    "categories": [
        "Economy, Business and Finance"
    ],
    "ai_allow": true,
    "canonical": false,
    "webz_reporter": false,
    "external_links": [],
    "external_images": [],
    "entities": {
        "persons": [
            {
                "name": "Jim Chalmers",
                "sentiment": "negative"
            }
        ],
        "organizations": [
            {
                "name": "Treasury",
                "sentiment": "none"
            },
            {
                "name": "House",
                "sentiment": "none"
            }
        ],
        "locations": []
    },
    "syndication": {
        "syndicated": false,
        "syndicate_id": null,
        "first_syndicated": false
    },
    "rating": null,
    "crawled": "2024-11-24T00:05:31.247+02:00",
    "updated": "2024-11-24T00:05:31.247+02:00"
}