{
    "thread": {
        "uuid": "99b9d1aa0e75cb641001f00035f4314282dd8ea5",
        "url": "https://www.twincities.com/2024/12/19/st-paul-mayor-vetoes-1-8-million-in-council-chamber-renovations-to-boost-police-overtime-funds",
        "site_full": "www.twincities.com",
        "site": "twincities.com",
        "site_section": "https://www.golf.einnews.com/live_feed",
        "site_categories": [
            "media"
        ],
        "section_title": "Live Feed Wire - Golf News Today - EIN Presswire",
        "title": "St. Paul mayor vetoes $1.8M in council chamber renovations",
        "title_full": "St. Paul mayor vetoes $1.8M in council chamber renovations",
        "published": "2024-12-19T23:33:00.000+02:00",
        "replies_count": 0,
        "participants_count": 1,
        "site_type": "news",
        "country": "US",
        "main_image": "https://www.twincities.com/wp-content/uploads/2024/11/STP-L-jea-02-SPPD_PRESSER-1114.jpg?w=1024&#038;h=662",
        "performance_score": 0,
        "domain_rank": 3499,
        "domain_rank_updated": "2024-12-16T23:00:00.000+02:00",
        "social": {
            "facebook": {
                "likes": 0,
                "comments": 0,
                "shares": 0
            },
            "vk": {
                "shares": 0
            }
        }
    },
    "uuid": "99b9d1aa0e75cb641001f00035f4314282dd8ea5",
    "url": "https://www.twincities.com/2024/12/19/st-paul-mayor-vetoes-1-8-million-in-council-chamber-renovations-to-boost-police-overtime-funds",
    "ord_in_thread": 0,
    "parent_url": null,
    "author": "Frederick Melo",
    "published": "2024-12-19T23:33:00.000+02:00",
    "title": "St. Paul mayor vetoes $1.8M in council chamber renovations",
    "text": "News Politics Politics | St. Paul mayor vetoes $1.8 million in council office renovations to boost police overtime The mayor said the council has run out the clock on a veto override Share this: Click to share on Facebook (Opens in new window) Click to share on Reddit (Opens in new window) Click to share on Twitter (Opens in new window) Click to print (Opens in new window) Click to email a link to a friend (Opens in new window) More Click to share on LinkedIn (Opens in new window) Click to share on Pinterest (Opens in new window) Click to share on Tumblr (Opens in new window) Submit to Stumbleupon (Opens in new window) St. Paul Mayor Melvin Carter. By Frederick Melo | fmelo@pioneerpress.com | Pioneer Press UPDATED: December 19, 2024 at 6:26 PM CST Calling core city operations in jeopardy, St. Paul Mayor Melvin Carter has issued a series of rare line-item vetoes to the city budget approved last week by the city council , canceling nearly $2 million in spending to remodel city council offices, among other planned expenses.\nCarter’s aim is to use that money and additional savings to preserve funding for the St. Paul Police Department, which faced cuts to overtime spending, and fund a director-level position for the city’s Department of Human Rights and Equal Economic Opportunity. Even so, he said, a hiring freeze and freeze on new spending are looming as a result of a 2025 budget he called impractical.\nThe seven-member council met late Thursday afternoon and voted unanimously to override each of the mayor’s five line-item vetoes, one by one, after Council President Mitra Jalali noted the significance of each spending item. It’s unclear, however, if the council’s override votes have sticking power under the law.\nCarter’s 11th-hour veto was issued Wednesday afternoon, which the mayor described in a five-page letter to the council as the last possible day that the members could finalize the 2025 budget. The city charter requires final council action on the budget “not later than 12 days” before the state records the city’s new tax levy. The Minnesota Department of Revenue has said all final levy numbers are due to the state by Dec. 30 .\n“Upon completion of a standard review of your adopted 2025 budget, staff in our City’s Office of Financial Services have identified significant issues, principally including the use of ($2.4 million) in unattainable savings to finance core city operations,” wrote the mayor.\n“As the legal deadline for final decisions pertaining to next year’s budget is established by City Charter … the City Council has effectively run out the clock on its own ability to cure these deficiencies, leaving administrative action as our only remaining option,” Carter added.\nHe said the city attorney’s office has determined any council action “would lack the force of law.”\nJalali said the mayor gave no indication of a line-item veto ahead of the last council meeting of the year, which was held late Wednesday afternoon. Following his vetoes, “the council acted as swiftly as possible,” she said.\nPolice overtime, council office renovations The budget approved by the council last week holds the next property tax levy to 5.9%, which is notably less than the 7.9% increase the mayor proposed in August.\nTo get there, the council’s 2025 budget includes $1.2 million in cuts to planned police funding , with council documents identifying “non-emergency police overtime” as the likely source.\nThe mayor’s office, in a statement issued Thursday, noted that the primary drivers of overtime expenses are “essential and required tasks, such as back-filling patrol shifts for officers away on military or medical leave, pursuing time-sensitive investigations, and testifying in criminal trials.”\nCarter wrote in his letter: “As these are essential and required services, this reduction cannot be realized as actual savings.”\nJalali on Thursday said raiding the $1.8 million in special funding for the council offices renovation project was inappropriate, as the council had supported all of the mayoral projects backed by federal American Rescue Plan Act dollars. The mayor’s ARPA projects were included in the same wide-ranging “global agreement,” vetted by all city departments, that funded the future office renovations.\n“We expect that support in return,” Jalali said. “This investment is an investment for safety, accessibility, modernization, collaboration and morale … for all of our visitors, and also the morale of all our employees who work here.”\nOther line-item vetoes In addition to vetoing $1.8 million in spending to renovate council offices, the mayor issued four additional line-item vetoes of new proposed spending, with the goal of adding back funding for a new director for the Department of Human Rights and Equal Economic Opportunity, which has been run for years by deputy staffers.\nThe council, in the budget approved last week, had dropping funding for the long-vacant position , a director-level role the mayor noted is required by the city’s Home Rule charter. Jalali on Thursday noted that the city has not begun the hiring process for that job and urged the mayor to lay out a hiring plan in the 2026 budget. The mayor emphasized that under the charter, it’s the council’s obligation to commence it.\nIn all, the mayor vetoed $1.9 million for the council offices redesign project, $160,000 to assist street festivals with security costs, $50,000 for the council’s audit committee and $15,000 for the St. Paul Children’s Collaborative. He also vetoed the decision to eliminate $227,000 from his budget for the Human Rights director.\nWith costs for policing and public safety measures at parades and cultural events soaring, council members worry that canceling public assistance could imperil some from moving forward. “This is one of the top things that we hear from the community that will really support vitality … and really enhance people’s quality of life,” Jalali said.\nMayor’s concerns The mayor, in his letter, reiterated his concerns that the council budget was effectively impossible to roll out as planned.\nCarter called the council’s decision to save $856,000 through attrition, or unfilled positions, impractical, noting the council’s request to exclude police, fire, libraries, and parks and recreation from those impacts would be unrealistic. The four departments represent the majority of city spending, at least through the general fund.\nThe mayor noted that the council’s decision to cut $50,000 in storm sewer spending could threaten the sewer fund’s credit rating. A potential downgrade from a credit rating of AAA to AA+ would increase interest charges by approximately three times the savings, he wrote, exposing the fund to $1.55 million in potential additional charges to save $500,000 over 10 years.\nCarter said he has directed city department leaders to prepare to freeze new hiring and “contracted expenses across every city function,” including any new spending planned for 2025, “which will likely remain in effect until final determination has been made on a full set of service reductions necessary to meet the bottom lines in the City Council’s adopted budget.”\nCarter said he shared alarm “about the squeeze residential property taxpayers are feeling between rising residential values and decreasing values for apartment and office buildings,” he wrote. “We cannot cut our way out of these cycles; the fact that this challenge is not unique to our city only underscores our urgent need to invest. This same concern drives my conviction that right now is a poor time to disinvest in public safety, downtown revitalization, and public infrastructure.”\nThis is the third time Carter has issued a veto in his seven years as mayor.\nRelated Articles Politics | Letters: We need more data to know if TIF is working for St. Paul Politics | What’s in St. Paul’s 2025 budget? Here are 10 things to know about it Politics | St. Paul City Council rejects mayor’s budget compromise, holds tax levy to 5.9% Politics | Letter to the Editor: The St. Paul City Council has the ultimate authority to set the city budget Politics | St. Paul mayor says council budget cuts could hurt police response Originally Published: December 19, 2024 at 3:33 PM CST Share this: Click to share on Facebook (Opens in new window) Click to share on Reddit (Opens in new window) Click to share on Twitter (Opens in new window) Click to print (Opens in new window) Click to email a link to a friend (Opens in new window) More Click to share on LinkedIn (Opens in new window) Click to share on Pinterest (Opens in new window) Click to share on Tumblr (Opens in new window) Submit to Stumbleupon (Opens in new window) Most Popular Most Popular Police believe man found dead in St. Paul severed artery punching out window during alleged domestic assault Police believe man found dead in St. Paul severed artery punching out window during alleged domestic assault DNA, researchers solve identity of John Doe whose body was found in St. Paul in 1985 DNA, researchers solve identity of John Doe whose body was found in St. Paul in 1985 Former St. Paul charter school substitute teacher charged with sexual misconduct with student Former St. Paul charter school substitute teacher charged with sexual misconduct with student Minnesota officials tout new law requiring refillable, reusable, recyclable or compostable packaging by 2032 Minnesota officials tout new law requiring refillable, reusable, recyclable or compostable packaging by 2032 Season’s first major winter storm hits; St. Paul declares snow emergency Season's first major winter storm hits; St. Paul declares snow emergency Wisconsin school shooter had 2 guns and got messages from man accused of plotting his own attack Wisconsin school shooter had 2 guns and got messages from man accused of plotting his own attack Mississippi River advocates raise concerns about company’s plan to mine riverbed Mississippi River advocates raise concerns about company's plan to mine riverbed University of St. Thomas gets green light — again — from city of St. Paul for Division I hockey and basketball arena University of St. Thomas gets green light -- again -- from city of St. Paul for Division I hockey and basketball arena Benegas Properties granted appeal to build 5-story apartment building on St. Paul’s Grand Avenue Benegas Properties granted appeal to build 5-story apartment building on St. Paul's Grand Avenue Minnesota-based Arctic Cat plans to shutter factories, suspend production in mid-2025 Minnesota-based Arctic Cat plans to shutter factories, suspend production in mid-2025 Trending Nationally Millions of people may get expanded Social Security benefits. Who are they and how would it happen? California declared an emergency over bird flu. How serious is the situation? Fox News anchor Neil Cavuto leaving network after 28 years This cute squirrel hides a secret: It’s a vicious predator Pilots start job searches as airline hiring slows and cutbacks hit Spirit, JetBlue",
    "highlightText": "",
    "highlightTitle": "",
    "highlightThreadTitle": "",
    "language": "english",
    "sentiment": "negative",
    "categories": [
        "Politics",
        "Economy, Business and Finance",
        "Social Issue"
    ],
    "topics": [
        "Politics->local government and authority",
        "Politics->government budget",
        "Economy, Business and Finance->business governance",
        "Social Issue->social problem"
    ],
    "ai_allow": true,
    "has_canonical": false,
    "webz_reporter": false,
    "external_links": [
        "https://capi.connatix.com/tr/si?token=b9f569b9-d1f5-4183-890c-9421433b026b&cid=1ffe15d6-eb53-11e9-b4d2-06948452ae1a",
        "http://www.stumbleupon.com/submit?url=https%3A%2F%2Fwww.twincities.com%2F2024%2F12%2F19%2Fst-paul-mayor-vetoes-1-8-million-in-council-chamber-renovations-to-boost-police-overtime-funds%2F",
        "https://www.revenue.state.mn.us/press-release/2024-11-14/preliminary-property-tax-levies-2025",
        "https://revenue.state.mn.us/press-release/2024-11-14/preliminary-property-tax-levies-2025",
        "https://www.capi.connatix.com/tr/si?token=b9f569b9-d1f5-4183-890c-9421433b026b&cid=1ffe15d6-eb53-11e9-b4d2-06948452ae1a",
        "http://www.stumbleupon.com/submit",
        "http://stumbleupon.com/submit?url=https%3A%2F%2Fwww.twincities.com%2F2024%2F12%2F19%2Fst-paul-mayor-vetoes-1-8-million-in-council-chamber-renovations-to-boost-police-overtime-funds%2F",
        "https://capi.connatix.com/tr/si"
    ],
    "external_images": [],
    "entities": {
        "persons": [
            {
                "name": "Frederick Melo",
                "sentiment": "none"
            },
            {
                "name": "Melvin Carter",
                "sentiment": "none"
            },
            {
                "name": "Paul Polic",
                "sentiment": "none"
            }
        ],
        "organizations": [
            {
                "name": "Stumbleupon",
                "sentiment": "none"
            },
            {
                "name": "Facebook",
                "sentiment": "none"
            }
        ],
        "locations": [
            {
                "name": "Reddit",
                "sentiment": "none"
            }
        ]
    },
    "syndication": {
        "syndicated": false,
        "syndicate_id": null,
        "first_syndicated": false
    },
    "rating": null,
    "crawled": "2024-12-20T00:10:59.192+02:00",
    "updated": "2024-12-20T04:37:03.124+02:00"
}