{
    "thread": {
        "uuid": "3104cec1a93e5ec873ebfbde7a905351c238eb43",
        "url": "https://ca.investing.com/news/assorted/wallbox-receives-nyse-noncompliance-notice-432SI-3762579",
        "site_full": "ca.investing.com",
        "site": "investing.com",
        "site_section": "https://ca.investing.com/news/assorted",
        "site_categories": [
            "investing",
            "financial_news",
            "finance"
        ],
        "section_title": "Assorted news",
        "title": "Wallbox Receives NYSE Non-compliance Notice By Investing.com",
        "title_full": "Wallbox Receives NYSE Non-compliance Notice By Investing.com",
        "published": "2024-12-20T00:04:00.000+02:00",
        "replies_count": 0,
        "participants_count": 1,
        "site_type": "news",
        "country": "CA",
        "main_image": "https://i-invdn-com.investing.com/redesign/images/seo/investing_300X300.png",
        "performance_score": 0,
        "domain_rank": 1187,
        "domain_rank_updated": "2024-12-16T23:00:00.000+02:00",
        "social": {
            "facebook": {
                "likes": 0,
                "comments": 0,
                "shares": 0
            },
            "vk": {
                "shares": 0
            }
        }
    },
    "uuid": "3104cec1a93e5ec873ebfbde7a905351c238eb43",
    "url": "https://ca.investing.com/news/assorted/wallbox-receives-nyse-noncompliance-notice-432SI-3762579",
    "ord_in_thread": 0,
    "parent_url": null,
    "author": "Vlad Schepkov",
    "published": "2024-12-20T00:04:00.000+02:00",
    "title": "Wallbox Receives NYSE Non-compliance Notice By Investing.com",
    "text": "Wallbox N.V. (NYSE: WBX ) today announced that it received notice from the New York Stock Exchange (the “NYSE”) on November 21, 2024, that it is not in compliance with Section 802.01C of the NYSE Listed Company Manual. This is because the average closing price of the Company’s Class A ordinary shares (the “Class A Shares”) was less than $1.00 over a consecutive 30 trading-day period.\nOn December 2, 2024, the Company notified the NYSE that it intends to cure the share price deficiency and to regain compliance with the NYSE continued listing standards. The Company can regain compliance at any time within the six-month period following receipt of the NYSE notice if, on the last trading day of any calendar month during the cure period the Company has a closing share price of at least $1.00 and an average closing share price of at least $1.00 over the 30 trading-day period ending on the last trading day of that month.\nThe Company intends to consider all available alternatives to cure the share price non-compliance to return to compliance with the NYSE continued listing standards. The notice has no immediate impact on the listing of the Class A Shares, which will continue to be listed and traded on the NYSE during this period, subject to the Company’s compliance with the other applicable NYSE listing standards.\nWallbox emphasises that this notice does not affect its normal course of its business operations. The Company continues to execute its strategic priorities, which includes providing innovative EV charging and energy management solutions, focusing on maintaining business growth and delivering value to its core stakeholders.",
    "highlightText": "",
    "highlightTitle": "",
    "highlightThreadTitle": "",
    "language": "english",
    "sentiment": "negative",
    "categories": [
        "Economy, Business and Finance",
        "Social Issue",
        "Science and Technology"
    ],
    "topics": [
        "Economy, Business and Finance->business governance",
        "Economy, Business and Finance->financial service",
        "Science and Technology->technology and engineering"
    ],
    "ai_allow": true,
    "has_canonical": false,
    "webz_reporter": false,
    "external_links": [],
    "external_images": [],
    "entities": {
        "persons": [],
        "organizations": [],
        "locations": []
    },
    "syndication": {
        "syndicated": false,
        "syndicate_id": null,
        "first_syndicated": false
    },
    "rating": null,
    "crawled": "2024-12-20T00:22:05.954+02:00",
    "updated": "2024-12-20T00:22:05.954+02:00"
}