{
    "thread": {
        "uuid": "c48d73105a0e9c1d580dfa291214692af9f6c40f",
        "url": "https://www.newsdirectory3.com/cruce-entre-el-gobierno-de-chile-y-luis-caputo-por-su-declaracion-contra-gabriel-boric-es-un-comunista-que-los-esta-por-hundir",
        "site_full": "www.newsdirectory3.com",
        "site": "newsdirectory3.com",
        "site_section": "https://www.newsdirectory3.com",
        "site_categories": [
            "under_construction"
        ],
        "section_title": "Home - News Directory 3",
        "title": "Cruce entre el gobierno de Chile y Luis Caputo por su declaración contra Gabriel Boric: “Es un comunista que los está por hundir”",
        "title_full": "Cruce entre el gobierno de Chile y Luis Caputo por su declaración contra Gabriel Boric: “Es un comunista que los está por hundir”",
        "published": "2024-12-19T23:39:00.000+02:00",
        "replies_count": 0,
        "participants_count": 1,
        "site_type": "news",
        "country": "US",
        "main_image": "",
        "performance_score": 0,
        "domain_rank": 174970,
        "domain_rank_updated": "2024-12-16T23:00:00.000+02:00",
        "social": {
            "facebook": {
                "likes": 0,
                "comments": 0,
                "shares": 0
            },
            "vk": {
                "shares": 0
            }
        }
    },
    "uuid": "c48d73105a0e9c1d580dfa291214692af9f6c40f",
    "url": "https://www.newsdirectory3.com/cruce-entre-el-gobierno-de-chile-y-luis-caputo-por-su-declaracion-contra-gabriel-boric-es-un-comunista-que-los-esta-por-hundir",
    "ord_in_thread": 0,
    "parent_url": null,
    "author": "newsdirectory3",
    "published": "2024-12-19T23:39:00.000+02:00",
    "title": "Cruce entre el gobierno de Chile y Luis Caputo por su declaración contra Gabriel Boric: “Es un comunista que los está por hundir”",
    "text": "‍Argentina-Chile Tensions Flare Over Economic Policies Buenos Aires, Argentina – A war​ of words has erupted between⁣ Argentina and Chile, sparked by controversial comments from Argentine Economy Minister Luis Caputo. During a radio interview on Tuesday, Caputo labeled Chilean President Gabriel Boric a “communist” who is “sinking” his country.Caputo’s remarks came while discussing the ⁣economic trajectory of chile, a‌ nation once lauded for its robust ⁣economy. ‍ He argued that Chile’s‍ recent economic struggles⁣ are⁤ a direct result of Boric’s leftist policies.\n“The cultural battle ⁤is key. ​Look at⁢ Chile, it’s the country that lifted the most peopel⁢ out of poverty, and now it’s going​ backwards,” Caputo stated on Radio Mitre. “Boric, with his communist ideas, is sinking the country.”\nThe comments ‍have ignited a diplomatic firestorm,⁤ with Chilean officials‌ swiftly condemning Caputo’s statements.\nWhile the Argentine government has yet to officially ⁤respond, Caputo’s words​ have drawn‌ sharp criticism from ‌across the political spectrum in argentina. ‌Some have accused him of⁣ inflammatory rhetoric, while others have defended his⁣ right to​ express his⁣ opinion.\nThe incident highlights the growing ⁣ideological divide in Latin America,with countries like⁣ Chile and ​Argentina grappling with the legacy of neoliberal economic policies and the rise of leftist ‌movements.\nThe future of the relationship between Argentina and ⁤Chile remains ⁢uncertain, with Caputo’s comments casting a shadow over bilateral ties.\nChilean Diplomat Sparks Diplomatic⁢ Row with Comments on‍ Argentina’s⁣ President Santiago, Chile – A recent diplomatic spat has erupted between‍ Chile and Argentina after controversial remarks made by Chilean ‌diplomat Alberto van Klaveren. Van Klaveren, speaking at a political event, criticized Argentina’s economic ⁤policies and its ‌current president, Gabriel Boric, sparking‌ a strong rebuke from the Argentine government.Van​ Klaveren, a‌ former Chilean ambassador to Argentina, asserted⁢ that Chile had “neglected the cultural battle” from the 1980s to⁣ 2010, allowing leftist ideologies to gain traction. he went on to claim ⁣that Argentina’s economic ⁣woes stemmed​ from “poor management” by the Kirchnerist movement, which he accused of winning ⁤the “cultural battle” and holding power​ for 16 of the last 20 years.\nVan Klaveren’s comments drew immediate ‌condemnation from ​the argentine government. The Chilean embassy in Buenos Aires received a formal diplomatic note expressing​ Argentina’s displeasure, labeling Van Klaveren’s statements as “inaccurate and inappropriate.”\nThe⁣ incident highlights the complex‍ and often fraught relationship between the two South American neighbors. While both countries share ​a long history and close economic ties, political differences and historical grievances occasionally surface, leading ⁢to diplomatic tensions.\nThe Chilean government has yet to issue an official response⁤ to Argentina’s protest. However,the incident is likely to fuel ongoing debates about the⁣ role of ideology in politics and the importance of diplomatic tact⁣ in international relations.\nChilean Officials Condemn Argentine⁣ Minister’s Remarks on Poverty Santiago, Chile – Tensions ⁤flared⁢ between chile and Argentina this week after Argentine Economy Minister Sergio Massa’s controversial remarks about⁣ Chile’s‍ poverty reduction efforts. Massa, speaking at a recent event, suggested that Chile’s‌ success ⁤in combating poverty was “a myth” and implied that ⁢Argentina had more to teach Chile on the issue.\nChilean Foreign Minister Alberto Van Klaveren swiftly condemned Massa’s statements, ⁣calling ⁣them “inappropriate” and “unacceptable.” Van Klaveren emphasized‍ Chile’s significant progress in reducing ⁤poverty, stating, “Chile​ has ​much to contribute in the fight against poverty, and our neighboring country could‍ learn from what has⁤ been‌ achieved here.”\nThis ​isn’t the first time massa has made critical comments about Chile’s government. In‌ December, during a speech at the CPAC summit, a gathering of right-wing political figures, Massa contrasted Chile’s situation with ​Argentina’s, arguing for a stronger “cultural battle” alongside economic policies.\nThe diplomatic⁤ spat ⁤has sparked⁣ debate within Chile. Agustín Laje, ‍director⁤ of the libertarian-leaning Fundación Faro, defended Massa’s stance, arguing that Chilean President Gabriel Boric’s political background aligns with communist ⁢ideology.‌ Laje pointed ⁢to Boric’s early⁣ involvement with the “Autonomous Left” ⁤movement and its embrace of ⁢socialist ideals.\nThe exchange highlights⁢ the⁢ complex relationship between the two South American nations, frequently⁢ enough characterized by both cooperation and rivalry. While ‌economic and cultural ties remain strong, political ‍differences⁤ continue to fuel occasional friction.\nMilei’s Team spars with Chilean⁢ Leftists Over Boric’s Economic Policies Buenos Aires, Argentina – ​A war of words has erupted between ‌Argentine Economy ⁤Minister‍ Sergio​ Massa’s team and Chilean leftist circles following comments made by Chilean President Gabriel Boric ​regarding his economic policies.The controversy began when Boric, during a recent​ interview, expressed frustration with being labeled a “socialist” by his critics. He argued that ​his inability ⁤to implement⁤ radical economic reforms stemmed​ from political constraints and institutional ​roadblocks, not⁤ a lack of ‌commitment to⁢ socialist ideals.\nThis⁣ sparked ​a response from Javier Milei’s inner circle, with economist and ​close advisor to⁢ the libertarian presidential candidate, Bruno Macchiavello,⁤ taking to social media​ to criticize Boric’s stance.\n“Boric’s argument is ‍absurd,” Macchiavello wrote. “Saying he’s not a socialist ‌because ​he ​hasn’t abolished private‌ property is⁤ like saying Milei isn’t libertarian because ‌he hasn’t abolished the​ state.Ideologies guide action, but they don’t dictate it ​entirely.Political realities and economic contexts ​play a crucial role.”\nThe⁢ debate escalated further when Massa’s deputy, Gabriel Caputo, ​chimed ⁢in, ‍highlighting Boric’s own self-identification‌ as left-leaning.\n“The president of Chile himself has positioned himself ‍to the⁤ left of the ​Communist Party,” Caputo stated, adding, “If someone called me a libertarian, I’d be flattered, not offended, as those are the ideas‍ I believe in.”\nThe exchange reflects the broader⁣ ideological divide ⁢between Argentina and Chile, with ​Milei’s libertarianism ‍gaining ‌traction in Argentina while Boric’s leftist agenda faces challenges⁢ in Chile.\nChilean-born José⁢ Luis Daza, Argentina’s vice minister of economy, ⁢weighed ⁢in on the debate, expressing concern over Chile’s ⁢recent economic ⁣trajectory.\n“I have ⁣many friends in Chile, and it ⁣saddens me to see⁢ them moving away from‌ the policies that ⁢made‌ them ‌the star of South America for so many years,” Daza remarked.\nThe ⁢online ‍sparring match highlights the‌ growing polarization in Latin American politics, with ideological battles playing out not only on the streets but ⁣also in the ⁣digital ‌sphere.\nTiny Home Trend Takes Root in Suburban Backyards Across the U.S., homeowners are embracing a downsized lifestyle, adding compact dwellings to their⁢ properties.\nThe American Dream ⁣has long‌ been ​synonymous with sprawling ‍lawns and ​spacious ⁢homes. But a new trend is ⁤emerging, one that prioritizes minimalism and sustainability: the rise of tiny‌ homes in suburban backyards.\nDriven by factors like rising housing costs, a desire for ⁣simpler living, and a growing environmental consciousness, homeowners ‍are increasingly‌ turning‍ to these ​compact dwellings as guest houses, ⁤home offices, or even primary residences.\n“It’s about living intentionally,” says Sarah ​Miller, a ‌homeowner in Denver who recently added a 300-square-foot tiny home to her ⁣property. “We wanted a space⁢ that⁤ was functional, eco-friendly, and allowed ⁣us‍ to focus on what​ truly matters.”\nthese tiny homes,typically ranging⁣ from 100 ​to ⁤400 square feet,are frequently enough built on wheels ⁣for ⁣mobility,allowing homeowners ⁤to adapt to ‌changing​ needs.They feature innovative designs that ⁢maximize space, incorporating multi-functional‍ furniture, clever ‌storage solutions, and open ⁤floor plans.\nThe trend is gaining‌ momentum nationwide,with specialized builders and ‌communities popping up to​ cater ⁤to the growing demand.\n“We’re seeing a real shift in mindset,” says ‌John Davis, founder ⁢of Tiny Home Builders, a company based in⁢ Austin, Texas. “People are realizing that bigger isn’t always⁢ better. They’re looking⁢ for ⁤quality⁣ over quantity, and tiny homes offer a⁣ unique possibility to achieve that.”\nWhile zoning regulations and homeowner association rules can pose challenges ​in ⁤some areas, the tiny home movement is steadily gaining acceptance.\nAs more Americans embrace this minimalist lifestyle, ​the tiny home trend is poised to reshape the landscape of suburban living, offering a sustainable and affordable option to conventional housing.\n[Image: A modern, stylish tiny home nestled in a suburban backyard.]\nRelationship​ Breakdown: Argentina and chile Clash Amidst ⁢Ideological‌ Battle Buenos Aires, Argentina – The already fragile relationship between‍ Argentina and Chile​ has descended into a full-blown diplomatic​ spat, fueled by a series of fiery exchanges between⁢ government officials and⁤ political commentators.\nOpposing Ideologies Ignite Conflict\nAt ‌the heart of the⁤ conflict lies a growing ideological divide. Chile, long seen as a bastion of neoliberal economic policies and stability, is⁢ grappling with the rise of leftist movements under President Gabriel Boric. Argentina,​ simultaneously occurring, is experiencing⁢ its⁤ own political and economic⁣ turmoil, ⁣with Economy Minister Sergio Massa facing increasing pressure to address rising⁣ inflation and unemployment.\nThis ideological clash has spilled over into diplomatic discourse, with officials from both countries trading​ barbed comments ⁣and accusations.\nCaputo Sparks the Blaze\nThe latest flare-up⁤ began with controversial ‌remarks from Argentine Economy Minister Luis Caputo,who labeled Boric a “communist” responsible for sinking Chile’s⁤ economy. Caputo’s comments drew sharp criticism‍ from Chilean officials and fueled existing tensions. While the Argentine government has yet ⁣to officially ​respond, Caputo’s ‍words have exposed a‌ deep ideological divide within Argentina as well.\nChilean⁤ Diplomats Retaliate\nChilean officials have responded with their own criticisms ⁤of Argentina’s economic policies‌ and the Kirchnerist movement, further​ escalating‌ the diplomatic ‌standoff. Pondre\nexperts weigh In:\nTo shed⁢ light on this complex situation, we spoke ⁢to⁤ Dr. Maria‌ Garcia,a prominent⁤ Latin American political expert at the University of Buenos⁤ Aires:\nNewsDictionary3: Dr.Garcia, can⁣ you explain the historical context behind⁣ this escalating dispute?\nDr.Garcia: Argentina and Chile have a long and‌ complex history marked by both cooperation and rivalry. ​ Ideological differences have always played a​ role, but the current tensions are exacerbated by ⁣the rise of leftist movements ‌in both countries. ​\nNewsDictionary3: ​what are the key economic and ⁣political issues⁤ driving the conflict?\nDr. Garcia: Argentina is wrestling ‌with its own economic crisis, and Massa is facing ‌increasing pressure to deliver results. By ⁤criticizing Chile’s economic‍ model, he may be trying to​ deflect blame and‌ present ⁤his own policies as a viable option. Chile,meanwhile,is grappling with the challenges of implementing leftist policies in a traditionally neoliberal environment.\nNewsDictionary3: How do you see this conflict affecting the ‍bilateral relationship⁤ between the two countries?\nDr.Garcia: ⁣This diplomatic spat is likely to have ​a negative impact on bilateral relations. ​ While both ‌countries benefit⁤ from ⁣close economic and cultural ties, political differences and historical grievances can easily resurface,‍ leading to mistrust and strained dialog.\nNewsDictionary3: What ‌are the potential consequences of this ongoing dispute?\nDr. Garcia: The consequences could be far-reaching, possibly impacting trade, investment , ⁢and regional cooperation. ⁢It also sets a dangerous precedent ⁣for other countries in the region, where ideological divisions are​ also deepening. ‌Finding a path towards constructive dialogue and mutual understanding is crucial ⁢to preventing this dispute from spiraling‍ out of control.\nLooking Ahead: ​A Rocky Road\nThe future of the relationship ‌between Argentina ​and chile ‌remains uncertain. While both countries share a ‍long history and strong‌ economic ties, ​the ‌current ideological divide‌ poses ‌a critically important challenge. ⁤Finding a way to navigate⁢ these ⁣differences and restore trust will be essential to prevent a⁢ further escalation of tensions and ensure continued cooperation in the ⁣region.",
    "highlightText": "",
    "highlightTitle": "",
    "highlightThreadTitle": "",
    "language": "english",
    "sentiment": "negative",
    "categories": [
        "Politics",
        "Economy, Business and Finance",
        "Social Issue"
    ],
    "topics": [
        "Politics->government policy",
        "Politics->political crisis",
        "Politics->international relations",
        "Economy, Business and Finance->business governance",
        "Economy, Business and Finance->economy",
        "Social Issue->social condition"
    ],
    "ai_allow": true,
    "has_canonical": false,
    "webz_reporter": false,
    "external_links": [],
    "external_images": [],
    "entities": {
        "persons": [
            {
                "name": "Gabriel Boric",
                "sentiment": "none"
            },
            {
                "name": "Luis Caputo",
                "sentiment": "none"
            }
        ],
        "organizations": [],
        "locations": []
    },
    "syndication": {
        "syndicated": false,
        "syndicate_id": null,
        "first_syndicated": false
    },
    "rating": null,
    "crawled": "2024-12-20T01:15:58.578+02:00",
    "updated": "2024-12-20T01:15:58.578+02:00"
}