{
    "thread": {
        "uuid": "b6266f4760126c5b9c33ce28d8c1a9181494c263",
        "url": "https://www.13abc.com/2025/01/02/13-action-news-big-story-chain-store-closures",
        "site_full": "www.13abc.com",
        "site": "13abc.com",
        "site_section": "http://www.13abc.com/franchises",
        "site_categories": [
            "media"
        ],
        "section_title": "13abc Originals",
        "title": "13 Action News Big Story: Chain Store Closures",
        "title_full": "13 Action News Big Story: Chain Store Closures",
        "published": "2025-01-03T00:09:00.000+02:00",
        "replies_count": 0,
        "participants_count": 1,
        "site_type": "news",
        "country": "US",
        "main_image": "https://gray-wtvg-prod.gtv-cdn.com/resizer/v2/56MS6E7IYZGUHAIQMG6L55QTWA.jpg?auth=64512214951866f2f9b43990138dccc5f386e6cd7edaa7efede0a9c5562c909b&amp;width=1200&amp;height=600&amp;smart=true",
        "performance_score": 0,
        "domain_rank": 17228,
        "domain_rank_updated": "2024-12-30T23:00:00.000+02:00",
        "social": {
            "facebook": {
                "likes": 0,
                "comments": 0,
                "shares": 0
            },
            "vk": {
                "shares": 0
            }
        }
    },
    "uuid": "b6266f4760126c5b9c33ce28d8c1a9181494c263",
    "url": "https://www.13abc.com/2025/01/02/13-action-news-big-story-chain-store-closures",
    "ord_in_thread": 0,
    "parent_url": null,
    "author": "WTVG Staff",
    "published": "2025-01-03T00:09:00.000+02:00",
    "title": "13 Action News Big Story: Chain Store Closures",
    "text": "TOLEDO, Ohio (WTVG) - In 2024, we saw over 7,000 stores close their doors to customers. This comes as consumer spending remains strong going into 2025.You can watch the full big story above. Latest Local News | First Alert Weather | Crime | National | 13abc Originals Copyright 2025 WTVG. All rights reserved.",
    "highlightText": "",
    "highlightTitle": "",
    "highlightThreadTitle": "",
    "language": "english",
    "sentiment": "negative",
    "categories": [
        "Economy, Business and Finance",
        "Social Issue",
        "Labor"
    ],
    "topics": [
        "Economy, Business and Finance->market and exchange",
        "Economy, Business and Finance->consumer goods",
        "Economy, Business and Finance->business reporting and performance",
        "Social Issue->communities",
        "Social Issue->poverty",
        "Social Issue->social problem",
        "Labor->labour market",
        "Labor->employment",
        "Labor->unemployment"
    ],
    "ai_allow": true,
    "has_canonical": false,
    "webz_reporter": false,
    "external_links": [],
    "external_images": [],
    "entities": {
        "persons": [],
        "organizations": [],
        "locations": []
    },
    "syndication": {
        "syndicated": false,
        "syndicate_id": null,
        "first_syndicated": false
    },
    "rating": null,
    "crawled": "2025-01-03T00:19:52.013+02:00",
    "updated": "2025-01-10T02:35:51.921+02:00"
}