{
    "thread": {
        "uuid": "a611e5140ba18be9906f15d62d76424afc391e59",
        "url": "https://www.newsandtribune.com/news/new-local-income-tax-goes-into-effect-in-floyd-county/article_e308a500-c954-11ef-b20f-6bb64e6ad7e4.html",
        "site_full": "www.newsandtribune.com",
        "site": "newsandtribune.com",
        "site_section": "http://www.newsandtribune.com/search/?q=&t=article&l=100&d=&d1=&d2=&s=start_time&sd=desc&nsa=eedition&c[]=news,news/*&f=rss",
        "site_categories": [
            "media",
            "entertainment"
        ],
        "section_title": "www.newsandtribune.com - RSS Results in news,news/* of type article",
        "title": "New Local Income Tax goes into effect in Floyd County",
        "title_full": "New Local Income Tax goes into effect in Floyd County",
        "published": "2025-01-02T23:59:00.000+02:00",
        "replies_count": 0,
        "participants_count": 1,
        "site_type": "news",
        "country": "US",
        "main_image": "https://bloximages.chicago2.vip.townnews.com/newsandtribune.com/content/tncms/custom/image/c4462d38-8c94-11e5-b646-0bffd1b8eb76.jpg?resize=600%2C315",
        "performance_score": 0,
        "domain_rank": 33818,
        "domain_rank_updated": "2024-12-30T23:00:00.000+02:00",
        "social": {
            "facebook": {
                "likes": 0,
                "comments": 0,
                "shares": 0
            },
            "vk": {
                "shares": 0
            }
        }
    },
    "uuid": "a611e5140ba18be9906f15d62d76424afc391e59",
    "url": "https://www.newsandtribune.com/news/new-local-income-tax-goes-into-effect-in-floyd-county/article_e308a500-c954-11ef-b20f-6bb64e6ad7e4.html",
    "ord_in_thread": 0,
    "parent_url": null,
    "author": "BROOKE MCAFEE brooke.mcafee@newsandtribune.com",
    "published": "2025-01-02T23:59:00.000+02:00",
    "title": "New Local Income Tax goes into effect in Floyd County",
    "text": "NEW ALBANY — Floyd County residents are seeing a tax increase in the new year.\nThe county's Public Safety Local Income Tax went into effect Jan. 1. The Floyd County Council voted 4-3 to pass the 0.5% tax to support public safety services such as EMS.\nThe LIT rate is applied to taxpayers' wages throughout the year. The tax will cost $500 more a year for residents making $100,000 annually.\nThe public safety LIT is expected to generate about $14 million in revenue split among municipal units in the county. It is projected to bring about $6.4 million for Floyd County and $8 million for the City of New Albany.\nFloyd County Council President Danny Short said the tax \"gives us a lot of options to move forward with long-term emergency services and have a steady revenue stream to pay for those services.\" It can also be used for services such as police, community corrections and probation.\n\"Eventually the bulk of it will go to EMS,\" he said.\nCounty officials are weighing options for long-term EMS services. AmeriPro Health and Highlander Fire Protection District are currently under contract with the county, but it is uncertain how the county will proceed after those agreements expire in 2026.\nA Floyd County EMS task force voted in September to recommend a county-based, standalone EMS model, but other options include focusing on fire-based service or contracting with a private ambulance provider.\nShort said as the county grows, \"services haven't really kept up, and EMS costs have skyrocketed.\"\n\"We're moving ahead,\" he said. \"We're mocking up some budget numbers for what the different models would look like, and we'll be moving toward the model that leadership agrees on. And we'll already have the public safety revenue in place to take care of it.\"\nHe also notes that the county's jail LIT fund is \"struggling to keep up\" with needs, so the county could move line items from the general fund into the public safety fund to help.\nHe plans on \"making sure we get this right.\"\n\"We're not rushing the process,\" he said \"We're making sure that we get all the information and we know all the possibilities. As we move forward, we're just focused on what's best for the county and the people who will be utilizing the services.\"\nFloyd County Councilwoman Denise Konkle voted against the public safety LIT, saying it \"costs our constituents over three times the amount that we really needed to tax them.\"\n\"We needed to raise taxes to support the new EMS services that we had to put in place given that New Chapel was out of the picture, but why we put this tax in place and not a different tax that would have been less burdensome to our constituents in Floyd County, I don't understand,\" she said.\n\"And I'd be willing to look at it again and possibly re-vote on this and see if we can get a different result.\"\nShe also wants to understand what the revenue that is not going to EMS will be used for, noting that about $1.4 million is needed for ambulance contracts.\n\"We put this new tax in place with $6.4 million for the county, and we know how we're going to use $1.4 million of it, but we need to hold the line on the other $5 million and see how we're going to use that,\" Konkle said.\nThere are major choices ahead as the county moves forward with EMS, and she wants to understand data before a decision is made, she said.\n\"We need to see the cost of both solutions, and we need to see the pros and cons on paper for both solutions before we move forward,\" Konkle said.\nNew Albany City Council President Adam Dickey said while the city was not part of the county council's decision to pass the tax, it will decide how to responsibly use the funds that it will receive from the LIT.\n\"A lot of that would include things such as the compensation of our public safety officers — police, fire, our dispatch,\" he said. \"I think there's some equipment needs, whether it be vehicles or any other types of equipment that they haven't received yet.\"\nHe expects the first appropriations from the public safety LIT in the next couple of months.\n\"I'm not exactly sure how we're going to formalize the arrangement, but essentially we'll have to set up and realign our budgets to allow for these expenditures,\" Dickey said.\nHe expects it will be helpful to \"boost our public safety\" with the new revenue source.\n\"We keep a tight rein on our budgets, and we're in competition for personnel with other neighboring units, so from that standpoint, I think that this will make it a little bit easier to ensure that we're putting together the packages that will retain and attract officers and other personnel to be part of our departments — our public safety units — long-term.\"",
    "highlightText": "",
    "highlightTitle": "",
    "highlightThreadTitle": "",
    "language": "english",
    "sentiment": "negative",
    "categories": [
        "Economy, Business and Finance",
        "Politics",
        "Social Issue"
    ],
    "topics": [
        "Economy, Business and Finance->business governance",
        "Economy, Business and Finance->financial and economic news",
        "Politics->government policy",
        "Politics->local government and authority",
        "Politics->taxation",
        "Social Issue->poverty",
        "Social Issue->demographics",
        "Social Issue->social problem"
    ],
    "ai_allow": false,
    "has_canonical": false,
    "webz_reporter": false,
    "external_links": [],
    "external_images": [],
    "entities": {
        "persons": [
            {
                "name": "Danny Short",
                "sentiment": "none"
            }
        ],
        "organizations": [
            {
                "name": "Floyd County Council",
                "sentiment": "none"
            },
            {
                "name": "EMS",
                "sentiment": "none"
            }
        ],
        "locations": [
            {
                "name": "Floyd County",
                "sentiment": "none"
            }
        ]
    },
    "syndication": {
        "syndicated": false,
        "syndicate_id": "a611e5140ba18be9906f15d62d76424afc391e59",
        "first_syndicated": true
    },
    "rating": null,
    "crawled": "2025-01-03T00:46:35.383+02:00",
    "updated": "2025-01-03T00:46:35.383+02:00"
}