{
    "thread": {
        "uuid": "aba61043a9d7635d6a34981a7267041501bdb14e",
        "url": "https://www.newsbreak.com/news/3739350153155-2-injured-in-malfunction-at-ppg-plant-in-springdale-loud-boom-shakes-neighborhood",
        "site_full": "www.newsbreak.com",
        "site": "newsbreak.com",
        "site_section": "https://www.newsbreak.com/butler-pa",
        "site_categories": [
            "under_construction"
        ],
        "section_title": "Butler, PA Local News and More | NewsBreak",
        "title": "2 injured in malfunction at PPG plant in Springdale, loud boom shakes neighborhood",
        "title_full": "2 injured in malfunction at PPG plant in Springdale, loud boom shakes neighborhood",
        "published": "2025-01-02T20:17:00.000+02:00",
        "replies_count": 0,
        "participants_count": 1,
        "site_type": "news",
        "country": "",
        "main_image": "https://img.particlenews.com/img/id/1lDCAa_0xorR9Ro00",
        "performance_score": 0,
        "domain_rank": 3576,
        "domain_rank_updated": "2024-12-30T23:00:00.000+02:00",
        "social": {
            "facebook": {
                "likes": 0,
                "comments": 0,
                "shares": 0
            },
            "vk": {
                "shares": 0
            }
        }
    },
    "uuid": "aba61043a9d7635d6a34981a7267041501bdb14e",
    "url": "https://www.newsbreak.com/news/3739350153155-2-injured-in-malfunction-at-ppg-plant-in-springdale-loud-boom-shakes-neighborhood",
    "ord_in_thread": 0,
    "parent_url": null,
    "author": "Kellen Stepler",
    "published": "2025-01-02T20:17:00.000+02:00",
    "title": "2 injured in malfunction at PPG plant in Springdale, loud boom shakes neighborhood",
    "text": "By Kellen Stepler ,\n4 hours ago Emergency crews responded to the PPG plant in Springdale on Thursday after reports of an explosion, which was blamed on a mechanical malfunction. Two people were taken to a hospital with minor injuries after a machine malfunctioned at the PPG facility in Springdale on Thursday afternoon, sending a booming sound through the nearby neighborhood strong enough to shake homes. Read full article\nRead in NewsBreak 4",
    "highlightText": "",
    "highlightTitle": "",
    "highlightThreadTitle": "",
    "language": "english",
    "sentiment": "negative",
    "categories": [
        "Disaster and Accident",
        "Health",
        "Economy, Business and Finance"
    ],
    "topics": [
        "Disaster and Accident->emergency response",
        "Disaster and Accident->industrial accident and incident",
        "Health->health facility",
        "Health->emergency care",
        "Health->injury",
        "Economy, Business and Finance->business governance",
        "Economy, Business and Finance->healthcare industry"
    ],
    "ai_allow": true,
    "has_canonical": false,
    "webz_reporter": false,
    "external_links": [],
    "external_images": [],
    "entities": {
        "persons": [
            {
                "name": "Kellen Stepler",
                "sentiment": "negative"
            }
        ],
        "organizations": [],
        "locations": []
    },
    "syndication": {
        "syndicated": false,
        "syndicate_id": null,
        "first_syndicated": false
    },
    "rating": null,
    "crawled": "2025-01-03T01:19:30.300+02:00",
    "updated": "2025-01-03T01:19:30.300+02:00"
}