{
    "thread": {
        "uuid": "6f204bb0d6d28564d383ba189cbee1c92230b088",
        "url": "https://www.dispatch.com/story/entertainment/dining/2025/01/02/sunflower-chinese-restaurant-closes-permanently/77402443007",
        "site_full": "www.dispatch.com",
        "site": "dispatch.com",
        "site_section": "https://www.golf.einnews.com/live_feed",
        "site_categories": [
            "media"
        ],
        "section_title": "Live Feed Wire - Golf News Today - EIN Presswire",
        "title": "Sunflower Chinese Restaurant closes permanently",
        "title_full": "Sunflower Chinese Restaurant closes permanently",
        "published": "2025-01-02T20:22:00.000+02:00",
        "replies_count": 0,
        "participants_count": 1,
        "site_type": "news",
        "country": "US",
        "main_image": "https://www.gannett-cdn.com/presto/2021/01/20/NCOD/f8b7d3ec-bc56-47a3-a32a-6d9a8b1c5c64-27.jpg?auto=webp&crop=1777,1000,x0,y697&format=pjpg&width=1200",
        "performance_score": 0,
        "domain_rank": 2513,
        "domain_rank_updated": "2024-12-30T23:00:00.000+02:00",
        "social": {
            "facebook": {
                "likes": 0,
                "comments": 0,
                "shares": 0
            },
            "vk": {
                "shares": 0
            }
        }
    },
    "uuid": "6f204bb0d6d28564d383ba189cbee1c92230b088",
    "url": "https://www.dispatch.com/story/entertainment/dining/2025/01/02/sunflower-chinese-restaurant-closes-permanently/77402443007",
    "ord_in_thread": 0,
    "parent_url": null,
    "author": ", The Columbus Dispatch",
    "published": "2025-01-02T20:22:00.000+02:00",
    "title": "Sunflower Chinese Restaurant closes permanently",
    "text": "Sunflower Chinese Restaurant has permanently closed Amani Bayo Columbus Dispatch Show Caption\nHide Caption\nTop headlines of the week, Dec. 27 2024 | Video Here are some stories you may have missed on Dispatch.com and in the Columbus Dispatch newspaper. After nearly 40 years in Sawmill Road's strip mall, Sunflower Chinese Restaurant has closed for good.\nThe staple Cantonese-style restaurant announced on social media that the last day of operation would be the first day of the new year.\nOwner Danny Chung thanked guests for decades of support as he looks forward to retirement, according to the Facebook post .\n\"The next chapter is spending more time with grandkids and family,\" the post read.\nOpening in 1986, Sunflower Chinese Restaurant, 7370 Sawmill Road, offered mostly Cantonese and Hong Kongese cuisine and became a neighborhood favorite for its Sunday dim sum brunch.\nPraised for its affordability and robust menu, the restaurant was named among Columbus' highest-rated Chinese restaurants in 2023 on stacker.com\nBest of the best: Bears Bagels and Flour Modern Pasta Bar rank as best new restaurants in the nation\nabayo@dispatch.com\nFacebook\nTwitter\nEmail",
    "highlightText": "",
    "highlightTitle": "",
    "highlightThreadTitle": "",
    "language": "english",
    "sentiment": "negative",
    "categories": [
        "Economy, Business and Finance"
    ],
    "topics": [
        "Economy, Business and Finance->consumer goods"
    ],
    "ai_allow": true,
    "has_canonical": false,
    "webz_reporter": false,
    "external_links": [
        "https://stacker.com/ohio/columbus/highest-rated-chinese-restaurants-columbus-according-tripadvisor",
        "https://www.gannett-cdn.com/appservices/universal-web/universal/icons/icon-play-alt-white.svg",
        "https://hlsmedia.gannett-cdn.com/authoring/videos/wochit/renditions/77237942007/86fe7bde-99a9-49bd-9c95-21a50d668cf3/480p_30fps,720p_30fps,1080p_30fps,master.m3u8",
        "https://www.gannett-cdn.com/authoring/videos/wochit/renditions/77237942007/86fe7bde-99a9-49bd-9c95-21a50d668cf3/1080p_30fps.mp4",
        "https://www.facebook.com/sunflowerchineserestaurant/posts/pfbid0eNYXSb9hEoBt4qzzDH4j72muBSvUZexRbtKQo82UbxbVoy5HgDmm3EEnrQaWjPZwl?rdid=9k0WEbw0uY1ui908",
        "https://twitter.com/intent/tweet?text=${text}",
        "https://www.facebook.com/dialog/feed?app_id=${window.ga_data.site.facebook.appid}&redirect_uri=${window.location.href}&link=${url}&name=${encodeURIComponent(headline)}`);",
        "https://www.stacker.com/ohio/columbus/highest-rated-chinese-restaurants-columbus-according-tripadvisor",
        "https://facebook.com/sunflowerchineserestaurant/posts/pfbid0eNYXSb9hEoBt4qzzDH4j72muBSvUZexRbtKQo82UbxbVoy5HgDmm3EEnrQaWjPZwl?rdid=9k0WEbw0uY1ui908",
        "https://www.facebook.com/sunflowerchineserestaurant/posts/pfbid0eNYXSb9hEoBt4qzzDH4j72muBSvUZexRbtKQo82UbxbVoy5HgDmm3EEnrQaWjPZwl",
        "https://facebook.com/dialog/feed?app_id=${window.ga_data.site.facebook.appid}&redirect_uri=${window.location.href}&link=${url}&name=${encodeURIComponent(headline)}`);",
        "https://www.facebook.com/dialog/feed",
        "https://twitter.com/intent/tweet",
        "https://gannett-cdn.com/appservices/universal-web/universal/icons/icon-play-alt-white.svg",
        "https://www.hlsmedia.gannett-cdn.com/authoring/videos/wochit/renditions/77237942007/86fe7bde-99a9-49bd-9c95-21a50d668cf3/480p_30fps,720p_30fps,1080p_30fps,master.m3u8",
        "https://www.twitter.com/intent/tweet?text=${text}",
        "https://gannett-cdn.com/authoring/videos/wochit/renditions/77237942007/86fe7bde-99a9-49bd-9c95-21a50d668cf3/1080p_30fps.mp4"
    ],
    "external_images": [],
    "entities": {
        "persons": [],
        "organizations": [],
        "locations": []
    },
    "syndication": {
        "syndicated": false,
        "syndicate_id": null,
        "first_syndicated": false
    },
    "rating": null,
    "crawled": "2025-01-03T00:00:53.614+02:00",
    "updated": "2025-01-03T00:00:53.614+02:00"
}