{
    "thread": {
        "uuid": "f13fadb3afe13b957965ccdbf5e1eea613de3cfa",
        "url": "https://www.afr.com/markets/equity-markets/asx-to-slip-as-bitcoin-gold-extend-gains-20250103-p5l1tu",
        "site_full": "www.afr.com",
        "site": "afr.com",
        "site_section": "https://www.golf.einnews.com/live_feed",
        "site_categories": [
            "financial_news",
            "finance",
            "top_news_au",
            "top_news"
        ],
        "section_title": "Live Feed Wire - Golf News Today - EIN Presswire",
        "title": "ASX 200 Live: Australian shares are set to fall on Friday, tracking losses on Wall Street. The Australian rose but maintains its two-year low. Bitcoin rose for the third day.",
        "title_full": "ASX 200 Live: Australian shares are set to fall on Friday, tracking losses on Wall Street. The Australian rose but maintains its two-year low. Bitcoin rose for the third day.",
        "published": "2025-01-02T12:49:00.000+02:00",
        "replies_count": 0,
        "participants_count": 1,
        "site_type": "news",
        "country": "AU",
        "main_image": "https://static.ffx.io/images/$zoom_0.4816%2C$multiply_2%2C$ratio_1.777778%2C$width_1059%2C$x_0%2C$y_0/t_crop_custom/c_scale%2Cw_800%2Cq_88%2Cf_jpg/t_afr_no_label_no_age_social_wm/f430614487076542a02ce61fa1e0ab9f2659cf22",
        "performance_score": 0,
        "domain_rank": 2052,
        "domain_rank_updated": "2024-12-30T23:00:00.000+02:00",
        "social": {
            "facebook": {
                "likes": 0,
                "comments": 0,
                "shares": 0
            },
            "vk": {
                "shares": 0
            }
        }
    },
    "uuid": "f13fadb3afe13b957965ccdbf5e1eea613de3cfa",
    "url": "https://www.afr.com/markets/equity-markets/asx-to-slip-as-bitcoin-gold-extend-gains-20250103-p5l1tu",
    "ord_in_thread": 0,
    "parent_url": null,
    "author": "Nicola Blackburn",
    "published": "2025-01-02T12:49:00.000+02:00",
    "title": "ASX 200 Live: Australian shares are set to fall on Friday, tracking losses on Wall Street. The Australian rose but maintains its two-year low. Bitcoin rose for the third day.",
    "text": "ASX to slip as bitcoin, gold extend gains\n[Nicola Blackburn](/by/nicola-blackburn-p537sz)Markets reporter\nThe Australian sharemarket is poised to reverse gains it made on the first trading day of the year after a choppy session on Wall Street overnight, weighed down by Tesla.\nASX futures suggest that the S&P/ASX 200 will fall 17 points, or 0.2 per cent, at the market open on Friday. That follows a 0.6 per cent decline in the S&P500, while the Dow and the Nasdaq were 0.3 per cent lower.\nLoading...\n[Nicola Blackburn](/by/nicola-blackburn-p537sz)is a markets reporter for The Australian Financial Review in the Sydney newsroom.\nSubscribe to gift this article\nGift 5 articles to anyone you choose each month when you subscribe.\n[Subscribe now](https://subscribe.afr.com/?promote_channel=HI_AGFT_GNL_GIFTCTA&utm_source=ArticleGifting&utm_medium=HouseInventory&utm_campaign=General&utm_content=GiftCTA)\nAlready a subscriber?\nIntroducing your Newsfeed\nFollow the topics, people and companies that matter to you.\n[Find out more](/newsfeed/about)\nRead More\nLatest In Equity markets\nFetching latest articles",
    "highlightText": "",
    "highlightTitle": "",
    "highlightThreadTitle": "",
    "language": "english",
    "sentiment": "negative",
    "categories": [
        "Economy, Business and Finance"
    ],
    "topics": [
        "Economy, Business and Finance->financial and economic news",
        "Economy, Business and Finance->macro economics"
    ],
    "ai_allow": false,
    "has_canonical": false,
    "webz_reporter": false,
    "external_links": [],
    "external_images": [],
    "entities": {
        "persons": [],
        "organizations": [],
        "locations": []
    },
    "syndication": {
        "syndicated": false,
        "syndicate_id": null,
        "first_syndicated": false
    },
    "rating": null,
    "crawled": "2025-01-03T00:16:11.020+02:00",
    "updated": "2025-01-03T00:16:11.020+02:00"
}