{
    "thread": {
        "uuid": "f22e50618053718e3d37f2d5bb2dad998f15d464",
        "url": "https://www.channelnewsasia.com/business/dells-quarterly-revenue-misses-estimates-pc-weakness-4772716",
        "site_full": "www.channelnewsasia.com",
        "site": "channelnewsasia.com",
        "site_section": "http://www.channelnewsasia.com/latest-news",
        "site_categories": [
            "society",
            "tech",
            "top_news_ph",
            "top_news_th",
            "top_news_id",
            "top_news_sg",
            "top_news_my",
            "top_news"
        ],
        "section_title": "Latest News Headlines: Top Stories - CNA",
        "title": "Dell's quarterly revenue misses estimates on PC weakness - CNA",
        "title_full": "Dell's quarterly revenue misses estimates on PC weakness - CNA",
        "published": "2024-11-26T23:08:00.000+02:00",
        "replies_count": 0,
        "participants_count": 1,
        "site_type": "news",
        "country": "SG",
        "main_image": "https://onecms-res.cloudinary.com/image/upload/s--BYNV11Ue--/f_auto,q_auto/c_fill,g_auto,h_676,w_1200/v1/mediacorp/one-cms/images/2021-06/business_1.png?itok=DWEtB5TV",
        "performance_score": 0,
        "domain_rank": 1633,
        "domain_rank_updated": "2024-11-25T23:00:00.000+02:00",
        "social": {
            "facebook": {
                "likes": 0,
                "comments": 0,
                "shares": 0
            },
            "vk": {
                "shares": 0
            }
        }
    },
    "uuid": "f22e50618053718e3d37f2d5bb2dad998f15d464",
    "url": "https://www.channelnewsasia.com/business/dells-quarterly-revenue-misses-estimates-pc-weakness-4772716",
    "ord_in_thread": 0,
    "parent_url": null,
    "author": "CNA",
    "published": "2024-11-26T23:08:00.000+02:00",
    "title": "Dell's quarterly revenue misses estimates on PC weakness - CNA",
    "text": ":Dell missed Wall Street expectations for third-quarter revenue on Tuesday, weighed down by weaker demand for its traditional PCs and stiff competition from rival server makers, sending its shares down more than 10 per cent in extended trading.\nThe company reported revenue of $24.37 billion in the quarter, compared with the average analyst estimate of $24.67 billion, according to data compiled by LSEG.\nDespite booming demand for Dell's AI-optimized servers used to handle large AI workloads, its traditional PC segment has been facing stiff competition from rivals and weaker consumer spending amid an uncertain economy.\nRevenue from Dell's client solutions group, which houses its PC business, came in at $12.13 billion, below expectations of $12.43 billion.\nRival PC maker, HP also provided a weak first-quarter profit forecast, and electronics retailer Best Buy trimmed its annual forecasts as firms grapple with weaker consumer electronics demand.\n\"Interest in our portfolio is at an all-time high, driving record AI server orders demand of $3.6 billion in Q3 and a pipeline that grew more than 50 per cent,\" Dell's Chief Operating Officer Jeff Clarke said on Tuesday.\nAs Dell's server revenue grows, investors are keenly eyeing the company's costs after it flagged in May that higher expenses to build AI-heavy servers and competitive pricing would hurt its margins.\nThe company is also betting on new AI PCs to boost its traditional computer business.\nRevenue from Dell's infrastructure solutions group, which includes its AI servers, rose 34 per cent to $11.37 billion, compared with estimates of $11.35 billion.\nThe company's servers and networking revenue for the third quarter jumped 58 per cent to $7.36 billion, but missed estimates of $7.64 billion.\nSource: Reuters Sign up for our newsletters Get our pick of top stories and thought-provoking articles in your inbox\nSubscribe here Get the CNA app Stay updated with notifications for breaking news and our best stories\nDownload here Get WhatsApp alerts\nJoin our channel for the top reads for the day on your preferred chat app\nJoin here Advertisement Also worth reading Content is loading... Advertisement Expand to read the full story Get bite-sized news via a new\ncards interface. Give it a try. Click here to return to FAST Tap here to return to FAST FAST",
    "highlightText": "",
    "highlightTitle": "",
    "highlightThreadTitle": "",
    "language": "english",
    "sentiment": "negative",
    "categories": [
        "Economy, Business and Finance",
        "Corporate News and Profiles"
    ],
    "ai_allow": true,
    "canonical": false,
    "webz_reporter": false,
    "external_links": [
        "https://cna.asia/whatsapp",
        "https://www.cna.asia/whatsapp"
    ],
    "external_images": [],
    "entities": {
        "persons": [],
        "organizations": [],
        "locations": []
    },
    "syndication": {
        "syndicated": false,
        "syndicate_id": null,
        "first_syndicated": false
    },
    "rating": null,
    "crawled": "2024-11-27T00:38:56.235+02:00",
    "updated": "2024-11-27T00:38:56.235+02:00"
}