{
    "thread": {
        "uuid": "826ee1dbed2eb6daad731a1c9f7ce810df9126b5",
        "url": "https://heavy.com/sports/nfl/kansas-city-chiefs/chiefs-lose-super-bowl-winning-quarterback",
        "site_full": "heavy.com",
        "site": "heavy.com",
        "site_section": "https://www.golf.einnews.com/live_feed",
        "site_categories": [
            "media"
        ],
        "section_title": "Live Feed Wire - Golf News Today - EIN Presswire",
        "title": "Chiefs Could Lose Super Bowl-Winning Quarterback Next Season",
        "title_full": "Chiefs Could Lose Super Bowl-Winning Quarterback Next Season",
        "published": "2024-11-25T23:11:00.000+02:00",
        "replies_count": 0,
        "participants_count": 1,
        "site_type": "news",
        "country": "US",
        "main_image": "https://heavy.com/wp-content/uploads/2024/11/GettyImages-2182949165-1.jpg?quality=65&strip=all",
        "performance_score": 0,
        "domain_rank": 3260,
        "domain_rank_updated": "2024-11-18T23:00:00.000+02:00",
        "social": {
            "facebook": {
                "likes": 0,
                "comments": 0,
                "shares": 0
            },
            "vk": {
                "shares": 0
            }
        }
    },
    "uuid": "826ee1dbed2eb6daad731a1c9f7ce810df9126b5",
    "url": "https://heavy.com/sports/nfl/kansas-city-chiefs/chiefs-lose-super-bowl-winning-quarterback",
    "ord_in_thread": 0,
    "parent_url": null,
    "author": "Anne Erickson",
    "published": "2024-11-25T23:11:00.000+02:00",
    "title": "Chiefs Could Lose Super Bowl-Winning Quarterback Next Season",
    "text": "The Kansas City Chiefs are enjoying another stellar season, with the team 10-1 going into Week 13 . There’s no denying that the Chiefs have a stellar quarterback at the helm in Patrick Mahomes , and while they’re lucky that he’s stayed relatively healthy over the years, if he does get injured at some point, they have a strong backup in Carson Wentz .\nHowever, NFL analyst and expert Kristopher Knox of Bleacher Report writes that he thinks Wentz could jump ship and take on a new opportunity in 2025 free agency.\nKansas City Chiefs QB ‘Would Make Sense’ With the Minnesota Vikings In a November 25 feature for Bleacher Report about every NFL team’s needs going into Week 13, Knox states that the Minnesota Vikings probably won’t keep Sam Darnold past this season and instead start 2024 first-round pick J.J. McCarthy .\n“That’s a great plan, but it would behoove Minnesota to have a veteran mentor in place,” Knox noted .\nWentz comes to mind as a candidate that “would make sense,” according to Knox.\n“For one, he spent the 2022 season with Sean McVay and the Rams ,” Knox noted. “[Vikings coach] Kevin O’Connell is a McVay disciple, so Wentz would likely enter the building with some system familiarity.”\nKnox added that another benefit to having Wentz in the fold is that he likely shouldn’t be a “threat” to McCarthy, which should put the latter’s mind at ease.\n“He’s firmly in the backup stage of his career and can focus on teaching the young signal-caller—and he should have plenty to teach,” Knox noted. It’s more than worth mentioning that Wentz also helped win a Super Bowl , “and he’s spent the last two years backing up Matthew Stafford and Patrick Mahomes.”\nKnox also has some ideas about other Chiefs players who could jet.\nFor one, he writes that guard Trey Smith could bolt for the Arizona Cardinals , with Knox noting that, “Arizona is projected to have $98 million in effective cap space next offseason, which means general manager Monti Ossenfort can splurge.”\nKnox also sees running back Kareem Hunt being a good fit for the Saints , although the Saints “won’t be able to splurge in free agency, as they’re projected to be $70.5 million over the cap in terms of effective space .”",
    "highlightText": "",
    "highlightTitle": "",
    "highlightThreadTitle": "",
    "language": "english",
    "sentiment": "negative",
    "categories": [
        "Sport",
        "Economy, Business and Finance",
        "Social Issue"
    ],
    "ai_allow": true,
    "canonical": false,
    "webz_reporter": false,
    "external_links": [],
    "external_images": [],
    "entities": {
        "persons": [
            {
                "name": "Kristopher Knox",
                "sentiment": "none"
            },
            {
                "name": "Patrick Mahomes",
                "sentiment": "none"
            },
            {
                "name": "J.J. McCarthy",
                "sentiment": "none"
            },
            {
                "name": "Carson Wentz",
                "sentiment": "none"
            },
            {
                "name": "Sam Darnold",
                "sentiment": "none"
            },
            {
                "name": "Sean McVay",
                "sentiment": "none"
            }
        ],
        "organizations": [
            {
                "name": "Minnesota Vikings",
                "sentiment": "none"
            },
            {
                "name": "NFL",
                "sentiment": "none"
            }
        ],
        "locations": []
    },
    "syndication": {
        "syndicated": false,
        "syndicate_id": null,
        "first_syndicated": false
    },
    "rating": null,
    "crawled": "2024-11-26T01:00:11.458+02:00",
    "updated": "2024-11-26T01:03:01.555+02:00"
}