{
    "thread": {
        "uuid": "040c275926959a0a9a84596a837307faf7ba1f1e",
        "url": "https://www.newsbreak.com/coindesk-1870864/3689413114872-axie-infinity-creator-cuts-21-of-staff-despite-year-of-valuable-growth",
        "site_full": "www.newsbreak.com",
        "site": "newsbreak.com",
        "site_section": "https://www.newsbreak.com/coindesk-1870864",
        "site_categories": [
            "under_construction"
        ],
        "section_title": "CoinDesk&#x27;s Home Page | NewsBreak",
        "title": "",
        "title_full": "",
        "published": "2024-11-25T13:13:00.000+02:00",
        "replies_count": 0,
        "participants_count": 1,
        "site_type": "news",
        "country": "",
        "main_image": "https://img.particlenews.com/img/id/0RqNff_0x0XQYAU00?type=thumbnail_1600x1200",
        "performance_score": 0,
        "domain_rank": 3674,
        "domain_rank_updated": "2024-11-18T23:00:00.000+02:00",
        "social": {
            "facebook": {
                "likes": 0,
                "comments": 0,
                "shares": 0
            },
            "vk": {
                "shares": 0
            }
        }
    },
    "uuid": "040c275926959a0a9a84596a837307faf7ba1f1e",
    "url": "https://www.newsbreak.com/coindesk-1870864/3689413114872-axie-infinity-creator-cuts-21-of-staff-despite-year-of-valuable-growth",
    "ord_in_thread": 0,
    "parent_url": null,
    "author": "NewsBreak Original",
    "published": "2024-11-25T13:13:00.000+02:00",
    "title": "",
    "text": "By Callan Quinn ,\n16 hours ago Sky Mavis, the web3 gaming firm behind Axie Infinity, laid off 21% of its workforce last week.\nThe web3 firm’s co-founder and CEO Trung Nguyen said on X on Saturday that the layoffs were not related to the company’s budget or financial health.\n“Instead, it is a strategic move that allows for a sharper focus and positioning Sky Mavis for hypergrowth in 2025 and beyond,” he said.\nAccording to Nguyen, the move came despite the year being “one of valuable growth and evolution”. Going forward the company will focus on its core products rather than trying to build products for all users, he said. The web3 creator will concentrate on its Ronin Wallet and Waypoint, Mavis Marketplace, Axie Infinity, Web3 game publishing, and expanding the Ronin Network for more builders. It is also working on a new Axie game.\nIn 2023, co-founder Aleksander Larsen said in an interview with Finoverse that the company had 250 employees at its main base in Singapore and across its subsidiaries in Vietnam, the U.S. and Norway. Sky Mavis did not immediately respond to CoinDesk's request for total headcount or the number of people impacted.\nDespite bitcoin hitting new all time highs over the past few weeks and the prospect of a more succinct regulatory regime for crypto in the U.S. following the re-election of Donald Trump, several crypto companies have announced layoffs over the past month. Cryptocurrency exchange Kraken laid off 400 people, or 30% of its staff, on Oct. 31, according to tech layoff tracker Layoffs.fyi.\nDYDX also cut 25% of its staff at the end of last month, and Consensys laid off a further 20%, or 162 people. Cuts have also taken place this year at Matter Labs , Polygon , Fireblocks, Sorare, Moonpay, Paxos and several other companies.",
    "highlightText": "",
    "highlightTitle": "",
    "highlightThreadTitle": "",
    "language": "english",
    "sentiment": "negative",
    "categories": [
        "Economy, Business and Finance"
    ],
    "ai_allow": true,
    "canonical": false,
    "webz_reporter": false,
    "external_links": [
        "https://img.particlenews.com/image.php?url=0RqNff_0x0XQYAU00",
        "https://www.finoverse.com/podcasts/episode-38-aleksander-leonard-larsen-co-founder-coo-sky-mavis-axie-infinity",
        "https://x.com/trungfinity/status/1860148340115067272",
        "https://www.coindesk.com/business/2024/10/29/consensys-cuts-20-workforce-blames-secs-abuse-of-power",
        "https://img.particlenews.com/image.php?type=thumbnail_580x000&url=0RqNff_0x0XQYAU00",
        "https://www.coindesk.com/tech/2024/02/01/polygon-labs-cuts-19-of-staff-60-roles-for-enhanced-performance",
        "https://www.coindesk.com/markets/2024/06/13/paxos-cuts-20-of-staff-bloomberg",
        "https://www.coindesk.com/business/2024/09/03/matter-labs-restructures-lays-off-16-of-team",
        "https://www.img.particlenews.com/image.php?type=thumbnail_580x000&url=0RqNff_0x0XQYAU00",
        "https://coindesk.com/markets/2024/06/13/paxos-cuts-20-of-staff-bloomberg",
        "https://www.img.particlenews.com/image.php?url=0RqNff_0x0XQYAU00",
        "https://www.x.com/trungfinity/status/1860148340115067272",
        "https://img.particlenews.com/image.php",
        "https://coindesk.com/tech/2024/02/01/polygon-labs-cuts-19-of-staff-60-roles-for-enhanced-performance",
        "https://coindesk.com/business/2024/10/29/consensys-cuts-20-workforce-blames-secs-abuse-of-power",
        "https://finoverse.com/podcasts/episode-38-aleksander-leonard-larsen-co-founder-coo-sky-mavis-axie-infinity",
        "https://coindesk.com/business/2024/09/03/matter-labs-restructures-lays-off-16-of-team"
    ],
    "external_images": [],
    "entities": {
        "persons": [
            {
                "name": "Callan Quinn",
                "sentiment": "negative"
            },
            {
                "name": "Aleksander Larsen",
                "sentiment": "none"
            },
            {
                "name": "Trung Nguyen",
                "sentiment": "none"
            }
        ],
        "organizations": [
            {
                "name": "Axie Infinity",
                "sentiment": "negative"
            }
        ],
        "locations": []
    },
    "syndication": {
        "syndicated": false,
        "syndicate_id": null,
        "first_syndicated": false
    },
    "rating": null,
    "crawled": "2024-11-26T00:51:41.840+02:00",
    "updated": "2024-11-26T00:51:41.840+02:00"
}