{
    "thread": {
        "uuid": "2aa5508aa7aab085e2cec470886ae0b4d4726b50",
        "url": "https://natlawreview.com/article/make-holiday-shopping-merry-bracing-increased-retail-workplace-violence-risks",
        "site_full": "natlawreview.com",
        "site": "natlawreview.com",
        "site_section": "https://natlawreview.com",
        "site_categories": [],
        "section_title": "Legal News &amp; Business Law News | The National Law Review",
        "title": "Make Holiday Shopping Merry: Bracing for the Increased Retail Workplace Violence Risks",
        "title_full": "Make Holiday Shopping Merry: Bracing for the Increased Retail Workplace Violence Risks",
        "published": "2024-11-25T21:02:00.000+02:00",
        "replies_count": 0,
        "participants_count": 1,
        "site_type": "news",
        "country": "US",
        "main_image": "https://natlawreview.com/sites/default/files/styles/article_image/public/2024-11/consumer%20rights%20shopping%20retail%20consumer%20goods%20mall.jpg?h=a2967f66&amp;itok=yOOpBnl1",
        "performance_score": 0,
        "domain_rank": 3478,
        "domain_rank_updated": "2024-11-18T23:00:00.000+02:00",
        "social": {
            "facebook": {
                "likes": 0,
                "comments": 0,
                "shares": 0
            },
            "vk": {
                "shares": 0
            }
        }
    },
    "uuid": "2aa5508aa7aab085e2cec470886ae0b4d4726b50",
    "url": "https://natlawreview.com/article/make-holiday-shopping-merry-bracing-increased-retail-workplace-violence-risks",
    "ord_in_thread": 0,
    "parent_url": null,
    "author": "Nonnie L. Shivers",
    "published": "2024-11-25T21:02:00.000+02:00",
    "title": "Make Holiday Shopping Merry: Bracing for the Increased Retail Workplace Violence Risks",
    "text": "Retail employers are bracing for the annual surge in customer traffic and sales during the holidays, but the large crowds, stress of the season, and other factors increase the risks of workplace violence. As the holiday season approaches, retail employers may want to consider steps to address the enhanced risk of workplace violence.\nQuick Hits\n- Retail employers face increased risks of workplace violence during the holiday season due to larger crowds, heightened stress, and potential understaffing, among other factors.\n- Retail employers may want to consider steps to mitigate workplace violence risks such as developing a workplace violence prevention plan, training staff, and enhancing security measures during the busy shopping season.\nThe welcome heightened retail activity can lead to increased stress, longer working hours, and a higher risk of workplace violence. At least one recent study of retail workers in the United States indicated that workers have heightened concerns for their safety during the peak shopping season with hostile customer interactions, theft, and armed robbers among the chief concerns. Further, recent violent escalations such as “smash and grabs” impacting various retailers heighten the risk and concern.\nIn particular, the holiday shopping season brings large crowds of shoppers that often overwhelm stores and store employees and lead to more interactions with disgruntled customers. To make matters worse, retailers may find themselves understaffed and/or rely on seasonal or temporary staff during the holidays, which further exacerbates safety concerns, especially if the supplemental workforce retailers need during the holidays are not fully trained on all aspects of the workplace.\nThe General Duty Clause of the Occupational Safety and Health (OSH) Act and regulations from the Occupational Safety and Health Administration (OSHA) and state agencies require employers to take reasonable precautions to prevent violence in the workplace, whether between employees or others who enter the workplace.\nIn addition, new legislation, like the [New York Retail Worker Safety Act](https://natlawreview.com/article/new-yorks-retail-workplace-violence-prevention-bill-signed-law-governor-hochul), emphasizes the importance of proactive safety measures in retail environments. The law, which was enacted in September 2024 after California [created new workplace violence prevention obligations](https://natlawreview.com/article/californias-workplace-violence-prevention-plan-law-sb-553-takes-effect-july-1-2024) for employers, requires retailers to, among other things, conduct assessments of potential workplace violence hazards, adopt written workplace violence prevention policies, and provide workplace violence prevention training.\nDuring this holiday shopping season, retail employers may want to consider taking these steps to mitigate safety risks:\n- Developing and maintaining a written workplace violence prevention plan\n- Training employees, including seasonal hires, on recognizing the signs of potential violence and the appropriate steps to take\n- Investigating all threats and incidents of workplace violence, even those occurring outside of working hours or virtually\n- Providing additional security personnel during peak shopping times and installing enhanced security systems, especially to account for known or suspected hazards\n- Creating a plan for handling large crowds of shoppers, including crowd control and ingress/egress of shoppers throughout the store\nNext Steps\nWith the holiday shopping season already gearing up and Black Friday approaching, retail employers may want to consider the heightened workplace safety risks. Retail employers may also want to review their current workplace violence prevention plans and policies and assess their security measures.",
    "highlightText": "",
    "highlightTitle": "",
    "highlightThreadTitle": "",
    "language": "english",
    "sentiment": "negative",
    "categories": [
        "Social Issue",
        "Economy, Business and Finance"
    ],
    "ai_allow": true,
    "canonical": false,
    "webz_reporter": false,
    "external_links": [],
    "external_images": [],
    "entities": {
        "persons": [],
        "organizations": [],
        "locations": []
    },
    "syndication": {
        "syndicated": false,
        "syndicate_id": null,
        "first_syndicated": false
    },
    "rating": null,
    "crawled": "2024-11-26T00:45:40.672+02:00",
    "updated": "2024-11-26T00:45:40.672+02:00"
}