{
    "thread": {
        "uuid": "7d1cc43234642f189ed577d661584cb6e6009788",
        "url": "https://rfa.org/english/china/2024/11/25/china-thailand-real-estate-investors-property",
        "site_full": "rfa.org",
        "site": "rfa.org",
        "site_section": "https://www.radiofree.org",
        "site_categories": [
            "top_news_kr",
            "top_news_vn",
            "top_news_hk",
            "top_news"
        ],
        "section_title": "Radio Free &#8211; Independent Media for People, Not Profits.",
        "title": "As Chinese buyers snap up Chiang Mai properties, Thais fear for future",
        "title_full": "As Chinese buyers snap up Chiang Mai properties, Thais fear for future",
        "published": "2024-11-25T20:56:00.000+02:00",
        "replies_count": 0,
        "participants_count": 1,
        "site_type": "news",
        "country": "US",
        "main_image": "",
        "performance_score": 0,
        "domain_rank": 5410,
        "domain_rank_updated": "2024-11-18T23:00:00.000+02:00",
        "social": {
            "facebook": {
                "likes": 0,
                "comments": 0,
                "shares": 1
            },
            "vk": {
                "shares": 0
            }
        }
    },
    "uuid": "7d1cc43234642f189ed577d661584cb6e6009788",
    "url": "https://rfa.org/english/china/2024/11/25/china-thailand-real-estate-investors-property",
    "ord_in_thread": 0,
    "parent_url": null,
    "author": "Wittayakorn Boonruang for BenarNews",
    "published": "2024-11-25T20:56:00.000+02:00",
    "title": "As Chinese buyers snap up Chiang Mai properties, Thais fear for future",
    "text": "Read this story in Thai at Benar News . Originally published Nov. 19.\nCHIANG MAI, Thailand — Visitors who walk through a new housing development in Hang Dong, a district of Chiang Mai, might think they’ve stumbled into a slice of China because Chinese letters dominate storefront signs.\nThis isn’t isolated to Hang Dong. Across Chiang Mai, Thailand’s northern cultural capital, Chinese investment is rapidly reshaping entire neighborhoods – and raising alarm about the city’s future identity and economic independence.\n“If Chinese investors seriously enter the dormitory business and buy up properties to rent at higher prices exclusively to Chinese tenants, people living paycheck to paycheck who rent cheap accommodations will definitely struggle,” Naret Puntasrivichai, 43, who runs a monthly apartment rental business in Hang Dong, told BenarNews.\nHis concerns aren’t unfounded.\nOver the past decade, buyers from mainland China have snapped up more than 1,000 housing units in Chiang Mai, with investments totaling between 3 billion and 5 billion baht (U.S. $86.1 million and $143.5 million), according to the Chiang Mai Real Estate Association.\nThese properties, with pricetags starting at 3 million baht ($86,133) per unit, have spread across Chiang Mai’s three major districts – Hang Dong, San Kamphaeng and San Sai.\nIn Hang Dong district alone, one Chinese-backed project spent 350 million baht ($10 million) on only four acres of land – a level of investment that dwarfs local developers’ capabilities, Prachachat Business, a local newspaper, reported in early 2023.\nRELATED STORIES\nMyanmar crackdown on property abroad hits Thai sales\nAnalysts warn China’s retail investors over share-buying stampede\nIs Cambodia’s real estate bubble finally bursting?\nReal estate prices skyrocket as Yangon swells with Myanmar’s displaced\nThe Chiang Mai Provincial Office reported that the city has a population of about 1.62 million Thai nationals, 7,190 Chinese and about 150,000 people from other nationalities.\nIn addition to the 7,190 residents, many other Chinese take advantage of tourist visas allowing them to stay in Thailand for up to 60 days per visit. In Chiang Mai, it is common for Chinese nationals to use this route to reside and conduct business, according to authorities.\nIn 2023, Chinese nationals were the largest group of tourists – about 200,000 – traveling to Chiang Mai.\n“Chinese investors are transforming Chiang Mai from a tourist destination into their second home,” said Danaitun Pongpatcharatrontep who heads Chiang Mai University’s China Intelligence Center.\n“They’re planning businesses in tourism and second-home construction, bringing their children to study here and establishing long-term residences for elderly Chinese. Investment comes both through pure Chinese companies and joint ventures with Thais,” he told BenarNews.\nNaret Puntasrivichai says he is concerned about Chinese businesses negatively affecting his apartment rental business in Thailand’s Chiang Mai province, Nov. 7, 2024. Europeans, Americans and Middle Easterners dominated foreign property purchases in Thailand before the COVID-19 pandemic forced travel restrictions.\nToday, Chinese buyers outstrip not just other foreigners but even Thai nationals in the local property market, according to the Chiang Mai Real Estate Association 2024 report.\nProperty prices in Chiang Mai can be several times lower than in China and budget airlines offer direct flights from major Chinese cities, cutting travel times to two to three hours. For China’s burgeoning middle class, Chiang Mai represents an affordable slice of paradise.\nIn major cities Beijing and Shanghai, housing prices can average $6,800 to $8,400 per square meter, meaning a 1,200 square-foot (110 square-meter) home could cost $740,000 or more – compared to $80,000 to $180,000 in Chiang Mai.\nA 2023 survey by private education company New Oriental found many Chinese families choose Thailand to educate their children, where tuition and cost of living are lower than in Singapore and Japan.\nLocal losses\nThai law restricts foreign condominium ownership to 49% of total units and bars foreigners from owning land or houses. Yet Chinese investors have found creative ways around these restrictions, often using Thai nominees to hold their businesses.\n“These practices not only circumvent the law but could affect the country’s economic system and security in the long term,” said Naret, who rents apartments in Hang Dong. “Chinese investors often operate through informal channels, avoiding official registration while maintaining significant control over properties.”\nLocal real estate professionals have experienced the change, according to agent Hathairat Polnirun, 38.\n“The Chinese real estate system differs greatly from Thailand’s,” she told BenarNews. “In Thailand, sellers pay commissions of 3% to 5%, while in the Chinese system, buyers pay 10% or more, making it impossible for Thai agents to compete when selling to Chinese clients.”\nThis occurs when buyers, sellers and brokers negotiate additional terms beyond those stipulated by law, she said.\n“Recently, Chinese operators have begun establishing their own real estate companies directly, though often using Thai names as cover,” Hathairat said. “If large Chinese real estate companies with substantial capital enter this market, small agencies – both Thai and Chinese – won’t survive.”\nA construction vehicle sits at a housing development where many Chinese residents live, near a sign advertising available properties in Hang Dong district, Chiang Mai province, Nov. 10, 2024. In September, a small survey by a local think-tank, The Glocal, reported on concerns among a group of Thai residents.\nOf the 30 respondents between the ages of 19 and 62, 60% said Chinese investment significantly impacted local businesses. The real estate sector topped concerns at 40%, followed by tourism (20%) and retail (16.7%). Notably, 17 supported increased regulation of Chinese investment.\nIn neighborhoods with high Chinese concentration, cultural friction is becoming more apparent.\n“Their behavior creates discomfort for Chiang Mai and Thai people, who have a culture of politeness, humility, and mutual respect,” Naret said, citing issues from loud conversations to traffic law violations to disregard for customs.\nStricter control\nA legal analyst has advocated for comprehensive oversight.\nTossapon Tassanapan, an associated professor at Chiang Mai University’s Faculty of Law, called for a thorough investigation of business practices.\n“We must examine all aspects, from entry permits to financial transactions,” he said. “While general laws don’t specifically target Chinese investment, as we must treat all foreigners equally, we need to investigate whether their activities fall into gray areas, whether officials are complicit and whether there are connections to money laundering or other criminal activities.”\nThe solution, Tossapon said, involves rigorous enforcement of existing laws.\n“We need to check everything – from tourist visas being used for business purposes to tax payments and financial trails. If these businesses can operate, it likely indicates either official complicity or negligence.”\nBenarNews is an RFA-affiliated online news organization.\nThis content originally appeared on Radio Free Asia and was authored by Wittayakorn Boonruang for BenarNews.",
    "highlightText": "",
    "highlightTitle": "",
    "highlightThreadTitle": "",
    "language": "english",
    "sentiment": "negative",
    "categories": [
        "Economy, Business and Finance",
        "Social Issue",
        "Economy, Business and Finance"
    ],
    "ai_allow": true,
    "canonical": false,
    "webz_reporter": false,
    "external_links": [
        "https://www.benarnews.org/thai/news/th-chiangmai-chinese-investment-11192024112539.html",
        "https://www.youtube.com/embed/AJsY3Mh9cNk?feature=oembed",
        "https://benarnews.org/thai/news/th-chiangmai-chinese-investment-11192024112539.html",
        "https://www.youtube.com/embed/AJsY3Mh9cNk",
        "https://youtube.com/embed/AJsY3Mh9cNk?feature=oembed"
    ],
    "external_images": [],
    "entities": {
        "persons": [],
        "organizations": [],
        "locations": []
    },
    "syndication": {
        "syndicated": false,
        "syndicate_id": null,
        "first_syndicated": false
    },
    "rating": null,
    "crawled": "2024-11-26T00:26:44.366+02:00",
    "updated": "2024-11-26T00:26:44.366+02:00"
}