{
    "thread": {
        "uuid": "34d297382e0badef09a21e66545d28de678ff926",
        "url": "https://discuss.streamlit.io/t/yfinance-package-doesnt-work-deployment-fails/86442",
        "site_full": "discuss.streamlit.io",
        "site": "streamlit.io",
        "site_section": "https://discuss.streamlit.io/latest.rss",
        "site_categories": [],
        "section_title": "Streamlit - Latest topics",
        "title": "Yfinance package doesn't work. Deployment fails",
        "title_full": "Yfinance package doesn't work. Deployment fails",
        "published": "2024-11-26T00:04:00.000+02:00",
        "replies_count": 0,
        "participants_count": 1,
        "site_type": "news",
        "country": "",
        "main_image": "https://global.discourse-cdn.com/streamlit/optimized/3X/2/c/2c896f6087ae85088efeee7c91f81a391dec5564_2_1024x584.png",
        "performance_score": 0,
        "domain_rank": 34735,
        "domain_rank_updated": "2024-11-18T23:00:00.000+02:00",
        "social": {
            "facebook": {
                "likes": 0,
                "comments": 0,
                "shares": 0
            },
            "vk": {
                "shares": 0
            }
        }
    },
    "uuid": "34d297382e0badef09a21e66545d28de678ff926",
    "url": "https://discuss.streamlit.io/t/yfinance-package-doesnt-work-deployment-fails/86442",
    "ord_in_thread": 0,
    "parent_url": null,
    "author": "Vasileios",
    "published": "2024-11-26T00:04:00.000+02:00",
    "title": "Yfinance package doesn't work. Deployment fails",
    "text": "Still doesn’t deploy. Any help?\nThanks for stopping by! We use cookies to help us understand how you interact with our website. By clicking “Accept all”, you consent to our use of cookies. For more information, please see our privacy policy.\nThese cookies are necessary for the website to function and cannot be switched off. They are usually only set in response to actions made by you which amount to a request for services, such as setting your privacy preferences, logging in or filling in forms.\nThese cookies allow us to count visits and traffic sources so we can measure and improve the performance of our site. They help us understand how visitors move around the site and which pages are most frequently visited.\nThese cookies are used to record your choices and settings, maintain your preferences over time and recognize you when you return to our website. These cookies help us to personalize our content for you and remember your preferences.\nThese cookies may be deployed to our site by our advertising partners to build a profile of your interest and provide you with content that is relevant to you, including showing you relevant ads on other websites.",
    "highlightText": "",
    "highlightTitle": "",
    "highlightThreadTitle": "",
    "language": "english",
    "sentiment": "negative",
    "categories": [
        "Science and Technology",
        "Social Issue",
        "Economy, Business and Finance"
    ],
    "ai_allow": true,
    "canonical": false,
    "webz_reporter": false,
    "external_links": [],
    "external_images": [],
    "entities": {
        "persons": [],
        "organizations": [],
        "locations": []
    },
    "syndication": {
        "syndicated": false,
        "syndicate_id": null,
        "first_syndicated": false
    },
    "rating": null,
    "crawled": "2024-11-26T00:30:12.635+02:00",
    "updated": "2024-11-26T00:30:12.635+02:00"
}