{
    "thread": {
        "uuid": "c9385276dfef049f2212e822918b36feccea7120",
        "url": "https://cryptonews.net/news/analytics/30186226",
        "site_full": "cryptonews.net",
        "site": "cryptonews.net",
        "site_section": "https://cryptonews.net/",
        "site_categories": [
            "finance"
        ],
        "section_title": "World news about cryptocurrency and blockchain technology from different sources",
        "title": "Is the Fed making a policy mistake?",
        "title_full": "Is the Fed making a policy mistake?",
        "published": "2024-12-05T21:08:00.000+02:00",
        "replies_count": 0,
        "participants_count": 0,
        "site_type": "news",
        "country": "RU",
        "main_image": "https://cnews24.ru/uploads/e6a/e6ab2c8ed856b367499b6d75f339f3eaa3a4a210.jpg",
        "performance_score": 0,
        "domain_rank": 55598,
        "domain_rank_updated": "2024-12-02T23:00:00.000+02:00",
        "social": {
            "facebook": {
                "likes": 0,
                "comments": 0,
                "shares": 0
            },
            "vk": {
                "shares": 0
            }
        }
    },
    "uuid": "c9385276dfef049f2212e822918b36feccea7120",
    "url": "https://cryptonews.net/news/analytics/30186226",
    "ord_in_thread": 0,
    "parent_url": null,
    "author": null,
    "published": "2024-12-05T21:08:00.000+02:00",
    "title": "Is the Fed making a policy mistake?",
    "text": "This is a segment from the Forward Guidance newsletter. To read full editions, subscribe.\nThere’s a lot of confusion about why the Fed might still be cutting rates right now despite what looks to be an economy that is doing pretty well.\nThe Atlanta Fed GDPNow is currently forecasting a 3.3% real GDP growth rate for Q4, and it looks to be accelerating:\nFurther, it looks like inflation is beginning to rebound and has bottomed:\nAlso, financial conditions are nearly as loose as they were during the frothy 2021 era:\nDespite all these metrics characterizing an economy that is doing very well, the FOMC is still sitting at a 70% odds of cutting rates this December. This has many people perplexed as to why they would still cut.\nThe simple reason is that the committee had already guided the market toward them cutting in December. They would hate to rock the boat, reverse that guidance and skip when the forward curve has already assumed they likely will.\nThe more interesting answer resides in the rationale behind why they guided toward this cut in the first place. It has to do with r* — the neutral interest rate — and how the Fed measures it.\nBecause r* cannot be directly measured within the economy, policymakers instead rely on models that do their best attempt at estimating it. There are currently two models well-suited for this job: the Lubik model and the Williams model.\nThe Lubik model is more dynamic and based on a statistical model approach, whereas the Williams model is based on more traditional macroeconomic models that are less sensitive to major shifts in the drivers of r*.\nConsidering that the creator of the Williams model — John Williams — is the current NY Fed president, this model is weighted more heavily within the confines of the Fed compared to the Lubik model.\nAs we can see in the chart below, the Lubik model has picked up a significant uptick in r*, whereas the Wiliams model remains at a secular low.\nBecause of this adherence to the Williams model, the FOMC continues to strongly believe monetary policy is very restrictive, and that they could easily cut to 4% and remain restrictive.\nHowever, if we use the Lubik model instead, there’s an argument to be made that monetary policy is already at neutral (at a bare minimum).\nEmpirically (as observed in the charts at the beginning of this piece), market signals are firing off all over the place that we are in a very accommodative environment from a policy perspective. Therefore, it’s reasonable to assume the Williams model is incorrect when compared to what we’re experiencing in markets and the economy right now.\nThere’s been a lot of talk from FOMC members lately around where they believe neutral might be. This suggests members might be rethinking their adherence to the Williams model. Some FOMC members, such as Austan Goolsbee, are even preferring to “feel their way” to neutral. See how the economy reacts, and go from there.\nConsidering how markets across the board continue to hit all-time highs on a daily basis, it’s hard to make the argument that we’re restrictive. Regardless, a cut in December still looks to be the base case as the FOMC remains anchored to bureaucratic inertia with respect to the Williams model.",
    "highlightText": "",
    "highlightTitle": "",
    "highlightThreadTitle": "",
    "language": "english",
    "sentiment": "negative",
    "categories": [
        "Economy, Business and Finance",
        "Corporate News and Profiles",
        "Financial and Economic News"
    ],
    "topics": null,
    "ai_allow": true,
    "has_canonical": false,
    "webz_reporter": false,
    "external_links": [],
    "external_images": [],
    "entities": {
        "persons": [],
        "organizations": [
            {
                "name": "Atlanta Fed",
                "sentiment": "neutral"
            },
            {
                "name": "FOMC",
                "sentiment": "none"
            }
        ],
        "locations": []
    },
    "syndication": {
        "syndicated": false,
        "syndicate_id": "c9385276dfef049f2212e822918b36feccea7120",
        "first_syndicated": true
    },
    "rating": null,
    "crawled": "2024-12-06T00:46:02.631+02:00",
    "updated": "2024-12-06T00:46:02.631+02:00"
}