{
    "thread": {
        "uuid": "2e6ec14c5e18ab70b318f44e5288676498d51c75",
        "url": "https://www.kfyrtv.com:443/video/2024/12/05/umary-childhood-facility-1252024",
        "site_full": "www.kfyrtv.com",
        "site": "kfyrtv.com",
        "site_section": "https://kfyrtv.com/video",
        "site_categories": [
            "media"
        ],
        "section_title": "Video",
        "title": "UMary Childhood Facility - 12/5/2024",
        "title_full": "UMary Childhood Facility - 12/5/2024",
        "published": "2024-12-05T02:00:00.000+02:00",
        "replies_count": 0,
        "participants_count": 1,
        "site_type": "news",
        "country": "US",
        "main_image": "https://gray-kfyr-prod.gtv-cdn.com/resizer/v2/https%3A%2F%2Fdo0bihdskp9dy.cloudfront.net%2F12-05-2024%2Ft_b307cb670f13490481d51174b36c58e2_name_file_1280x720_2000_v3_1_.jpg?auth=6fed0ca7de9051f5434ff13d68d07ee53edbfaaa5aa98d457dd564e02c9e99bd&amp;width=1200&amp;height=600&amp;smart=true",
        "performance_score": 0,
        "domain_rank": 22929,
        "domain_rank_updated": "2024-12-02T23:00:00.000+02:00",
        "social": {
            "facebook": {
                "likes": 0,
                "comments": 0,
                "shares": 0
            },
            "vk": {
                "shares": 0
            }
        }
    },
    "uuid": "2e6ec14c5e18ab70b318f44e5288676498d51c75",
    "url": "https://www.kfyrtv.com:443/video/2024/12/05/umary-childhood-facility-1252024",
    "ord_in_thread": 0,
    "parent_url": null,
    "author": "@KFYRTV",
    "published": "2024-12-05T02:00:00.000+02:00",
    "title": "UMary Childhood Facility - 12/5/2024",
    "text": "Skip to content\nWeather\nWatch Live\nVideo\nSports\nPromotions\nND Today\nWays to Watch\nProgramming\nHome\nElection Results\nPresidential Election Map\nNorth Dakota Interactive Results\nMontana Interactive Results\nWeather\nSkyTracker Radar\nWeather Graphics\nLive SkyWatch Cameras\nRoad Conditions\nAirport Closings/Delays\nSkySpy Photos\nWeathercall\nWeather App\nWatch Live\nVideo\nWatch Live\nGood News\nMorse Code of Weather\nNews Video\nWeather Video\nSports Video\nKFYR+ Exclusive\nLatest Newscasts\nStreaming Apps\nKFYR+\nNews\nSports\nKMOT Athlete of the Week\nSports Video\nLocal Scores\nPromotions\nND Today\nKMOT Ag Expo\nSkySpy\nKFYR-TV Store\nFood on Fourth\nDakota Obits\nCommunity Calendar\nAbout Us\nMeet the News Team\nMeet the Sales and Creative Team\nContact Us\nCareers\nWays To Watch\nJob Opportunities\nProgramming\nPurchase News Video\nSchedule a Tour\nAdvertising\nNextGen TV\nZeam - News Streams\nProgramming\nAdvertising\nCareers\nMeTV\nSubmit Photos and Videos\nCircle Country\nGray DC Bureau\nInvestigateTV\nWatching Your Wallet\nPowerNation\nGood News\nDan's Garden\nHealth Talk\nMr. Food\nDigital Marketing\nUMary Childhood Facility - 12/5/2024\nUpdated: 3 hours ago\nEmail This Link\nShare on Facebook\nShare on X (formerly Twitter)\nShare on Pinterest\nShare on LinkedIn\nA KFYR+ Exclusive\nKFYR+ Exclusive\nVitalant - 12/5/2024\nUpdated: 3 hours ago\nA KFYR+ exclusive\nKFYR+ Exclusive\nFootball Forecast - 12/5/2024\nUpdated: 3 hours ago\nFootball Forecast. KFYR+ streaming exclusive.\nKFYR+ Exclusive\nOlder Drivers Awareness Week - 12/4/2024\nUpdated: Dec. 4, 2024 at 2:44 PM CST\nA KFYR+ exclusive\nKFYR+ Exclusive\nHoliday Tipping - 12/04/2024\nUpdated: Dec. 4, 2024 at 1:54 PM CST\nA KFYR+ exclusive\nKFYR+ Exclusive\nChristmas Movies - 12/03/2024\nUpdated: Dec. 3, 2024 at 2:22 PM CST\nA KFYR+ exclusive",
    "highlightText": "",
    "highlightTitle": "",
    "highlightThreadTitle": "",
    "language": "english",
    "sentiment": "negative",
    "categories": [
        "Economy, Business and Finance"
    ],
    "topics": null,
    "ai_allow": true,
    "has_canonical": false,
    "webz_reporter": false,
    "external_links": [],
    "external_images": [],
    "entities": {
        "persons": [],
        "organizations": [],
        "locations": []
    },
    "syndication": {
        "syndicated": false,
        "syndicate_id": null,
        "first_syndicated": false
    },
    "rating": null,
    "crawled": "2024-12-06T01:10:09.000+02:00",
    "updated": "2024-12-06T01:10:09.000+02:00"
}