{
    "thread": {
        "uuid": "1849efb2e1479abc901d569300d4a03955da5259",
        "url": "https://indianapublicmedia.org/news/cargill-announces-layoffs-but-fate-of-its-indiana-workers-is-unknown.php",
        "site_full": "indianapublicmedia.org",
        "site": "indianapublicmedia.org",
        "site_section": "https://www.golf.einnews.com/live_feed",
        "site_categories": [
            "music",
            "entertainment"
        ],
        "section_title": "Live Feed Wire - Golf News Today - EIN Presswire",
        "title": "Cargill announces layoffs, but fate of its Indiana workers is unknown | news - Indiana Public Media",
        "title_full": "Cargill announces layoffs, but fate of its Indiana workers is unknown | news - Indiana Public Media",
        "published": "2024-12-05T02:00:00.000+02:00",
        "replies_count": 0,
        "participants_count": 1,
        "site_type": "news",
        "country": "US",
        "main_image": "https://indianapublicmedia.org/images/news-images/cargill-logo.jpg",
        "performance_score": 0,
        "domain_rank": 19711,
        "domain_rank_updated": "2024-12-02T23:00:00.000+02:00",
        "social": {
            "facebook": {
                "likes": 0,
                "comments": 0,
                "shares": 0
            },
            "vk": {
                "shares": 0
            }
        }
    },
    "uuid": "1849efb2e1479abc901d569300d4a03955da5259",
    "url": "https://indianapublicmedia.org/news/cargill-announces-layoffs-but-fate-of-its-indiana-workers-is-unknown.php",
    "ord_in_thread": 0,
    "parent_url": null,
    "author": "Clayton Baumgarth",
    "published": "2024-12-05T02:00:00.000+02:00",
    "title": "Cargill announces layoffs, but fate of its Indiana workers is unknown | news - Indiana Public Media",
    "text": "Food production giant Cargill, which has operations throughout Indiana, announced it will lay off five percent of its global workforce before the end of the year. That means of its 160,000 employees, roughly 8,000 of them could lose their jobs. The job losses will include 475 cut from the company’s Minnesota headquarters. Cargill has grain elevators in Indianapolis, Tipton, Linden, and Milford. It also has a soybean processing plant in Lafayette. It is unclear if any of those jobs are at risk. In a statement to WFIU News, the company said, “To strengthen Cargill’s impact, we must realign our talent and resources to align with our strategy. Unfortunately, that means reducing our global workforce by approximately 5 percent. This difficult decision was not made lightly.” According to Bloomberg, Cargill’s profits fell 36 percent in its most recent fiscal year due to low commodity prices. This comes after a few record-breaking years during the pandemic. Read more: Report makes nearly 30 recommendations to improve Indiana EMS training, access",
    "highlightText": "",
    "highlightTitle": "",
    "highlightThreadTitle": "",
    "language": "english",
    "sentiment": "negative",
    "categories": [
        "Economy, Business and Finance"
    ],
    "topics": null,
    "ai_allow": true,
    "has_canonical": false,
    "webz_reporter": false,
    "external_links": [],
    "external_images": [],
    "entities": {
        "persons": [],
        "organizations": [
            {
                "name": "Cargill",
                "sentiment": "negative"
            },
            {
                "name": "Indiana Public Media Food",
                "sentiment": "negative"
            },
            {
                "name": "Bloomberg",
                "sentiment": "none"
            }
        ],
        "locations": []
    },
    "syndication": {
        "syndicated": false,
        "syndicate_id": null,
        "first_syndicated": false
    },
    "rating": null,
    "crawled": "2024-12-06T00:39:36.675+02:00",
    "updated": "2024-12-06T00:39:36.675+02:00"
}