{
    "thread": {
        "uuid": "d8d84addc598fa02386bd1ae9d2ef1f9ba29f086",
        "url": "https://www.brandonsun.com/national/2025/01/16/federal-it-contracting-cost-25-per-cent-more-than-in-house-services-pbo-report",
        "site_full": "www.brandonsun.com",
        "site": "brandonsun.com",
        "site_section": "https://www.golf.einnews.com/live_feed",
        "site_categories": [
            "media"
        ],
        "section_title": "Live Feed Wire - Golf News Today - EIN Presswire",
        "title": "Federal IT contracting cost 25 per cent more than in-house services: PBO report",
        "title_full": "Federal IT contracting cost 25 per cent more than in-house services: PBO report",
        "published": "2025-01-16T20:12:00.000+02:00",
        "replies_count": 0,
        "participants_count": 1,
        "site_type": "news",
        "country": "CA",
        "main_image": "https://www.brandonsun.com/wp-content/uploads/sites/3/2025/01/20250116160112-20250116150116-678969d0c61063f83a0d8fdajpeg.jpg",
        "performance_score": 0,
        "domain_rank": 26286,
        "domain_rank_updated": "2025-01-13T23:00:00.000+02:00",
        "social": {
            "facebook": {
                "likes": 0,
                "comments": 0,
                "shares": 0
            },
            "vk": {
                "shares": 0
            }
        }
    },
    "uuid": "d8d84addc598fa02386bd1ae9d2ef1f9ba29f086",
    "url": "https://www.brandonsun.com/national/2025/01/16/federal-it-contracting-cost-25-per-cent-more-than-in-house-services-pbo-report",
    "ord_in_thread": 0,
    "parent_url": null,
    "author": "Catherine Morrison, The Canadian Press",
    "published": "2025-01-16T20:12:00.000+02:00",
    "title": "Federal IT contracting cost 25 per cent more than in-house services: PBO report",
    "text": "Federal IT contracting cost 25 per cent more than in-house services: PBO report\nAdvertisement\nRead this article for free:\nor\nAlready have an account? Log in here »\nWe need your support!\nLocal journalism needs your support!\nAs we navigate through unprecedented times, our journalists are working harder than ever to bring you the latest local updates to keep you safe and informed.\nNow, more than ever, we need your support.\nStarting at $14.99 plus taxes every four weeks you can access your Brandon Sun online and full access to all content as it appears on our website.\nSubscribe Now\nor call circulation directly at (204) 727-0527.\nYour pledge helps to ensure we provide the news that matters most to your community!\nRead unlimited articles for free today:\nor\nAlready have an account? Log in here »\nOTTAWA – The federal government spent more on contracted IT services in four federal departments in 2022-23 than it would have if the work had been done by public servants, says a new report by the parliamentary budget officer.\nThe PBO report says the federal government spent $18.6 billion on professional and special services in 2022-23, with $2.6 billion of that money going to IT services.\nThe departments and agencies spending the most on IT were the Canada Border Services Agency ($287 million), the Department of National Defence ($346 million), Employment and Social Development Canada ($268 million), Public Services and Procurement Canada ($230 million) and Shared Services Canada ($256 million).\nThose departments and agencies accounted for more than half of total government spending on IT contractors.\nThe PBO says that in the four departments it studied, IT services provided by outside contractors cost taxpayers between 22 and 25.7 per cent more than they would have if the services had been provided in-house.\nThe PBO says the CBSA did not share enough data to be included in the results.\nThis report by The Canadian Press was first published Jan. 16, 2025.",
    "highlightText": "",
    "highlightTitle": "",
    "highlightThreadTitle": "",
    "language": "english",
    "sentiment": "negative",
    "categories": [
        "Economy, Business and Finance"
    ],
    "topics": [
        "Economy, Business and Finance->financial and economic news",
        "Economy, Business and Finance->business governance",
        "Economy, Business and Finance->business reporting and performance"
    ],
    "ai_allow": true,
    "has_canonical": false,
    "breaking": null,
    "webz_reporter": false,
    "external_links": [],
    "external_images": [],
    "entities": {
        "persons": [],
        "organizations": [],
        "locations": []
    },
    "syndication": {
        "syndicated": false,
        "syndicate_id": null,
        "first_syndicated": false
    },
    "rating": null,
    "crawled": "2025-01-17T00:16:36.735+02:00",
    "updated": "2025-01-17T00:16:36.735+02:00"
}