{
    "thread": {
        "uuid": "6cc63b376e581e2b2e094de489b90b4ff2248af2",
        "url": "https://www.kcbx.org/npr-top-news/2025-01-16/fed-cuts-were-supposed-to-lower-mortgage-rates-but-theyre-back-above-7-heres-why",
        "site_full": "www.kcbx.org",
        "site": "kcbx.org",
        "site_section": "https://www.golf.einnews.com/live_feed",
        "site_categories": [
            "music",
            "entertainment"
        ],
        "section_title": "Live Feed Wire - Golf News Today - EIN Presswire",
        "title": "Fed cuts were supposed to lower mortgage rates, but they're back above 7%. Here's why",
        "title_full": "Fed cuts were supposed to lower mortgage rates, but they're back above 7%. Here's why",
        "published": "2025-01-16T20:32:00.000+02:00",
        "replies_count": 0,
        "participants_count": 1,
        "site_type": "news",
        "country": "US",
        "main_image": "https://npr.brightspotcdn.com/dims4/default/b79bcbc/2147483647/strip/true/crop/8256x4334+0+155/resize/1200x630!/quality/90/?url=https%3A%2F%2Fnpr.brightspotcdn.com%2Fdims3%2Fdefault%2Fstrip%2Ffalse%2Fcrop%2F8256x4644%200%20430%2Fresize%2F8256x4644%21%2F%3Furl%3Dhttp%3A%2F%2Fnpr-brightspot.s3.amazonaws.com%2F5d%2Ff4%2F98f1a0c5467a89d27f660cf03195%2Fgettyimages-2154182627-1.jpg",
        "performance_score": 0,
        "domain_rank": 125500,
        "domain_rank_updated": "2025-01-13T23:00:00.000+02:00",
        "social": {
            "facebook": {
                "likes": 0,
                "comments": 0,
                "shares": 0
            },
            "vk": {
                "shares": 0
            }
        }
    },
    "uuid": "6cc63b376e581e2b2e094de489b90b4ff2248af2",
    "url": "https://www.kcbx.org/npr-top-news/2025-01-16/fed-cuts-were-supposed-to-lower-mortgage-rates-but-theyre-back-above-7-heres-why",
    "ord_in_thread": 0,
    "parent_url": null,
    "author": "Laurel Wamsley",
    "published": "2025-01-16T20:32:00.000+02:00",
    "title": "Fed cuts were supposed to lower mortgage rates, but they're back above 7%. Here's why",
    "text": "Fed cuts were supposed to lower mortgage rates, but they're back above 7%. Here's why\nBy Laurel Wamsley Published January 16, 2025 at 11:32 AM PST\nBrandon Bell/Getty Images / Getty Images North America Mortgage rates hit 7% for the first time since May, marking another challenge for prospective home buyers. Mortgage rates hit 7% for the first time since May 2024 on Thursday, providing another drag in an already tough housing market.\nThe climbing mortgage rates come even after the Federal Reserve cut interest rates by a full percentage point in recent months — which had raised hopes among homebuyers that the costs of financing a house might come down.\nBut instead, mortgage rates have climbed. What gives? And what does this tell us about the outlook for the housing market this year?\nHere are four things to know about mortgage rates and the housing market.\nWhy are mortgage rates getting higher even if the Fed is cutting rates?\nTo answer that it's good to remember that the Fed can influence mortgage rates, but it doesn't set them.\nIn a nutshell, the Fed sets short-term interest rates, but mortgage rates mainly follow a different number: the yield on 10-year Treasury bonds.\nThat yield has risen sharply in recent months due to a number of reasons. Inflation has stayed sticky, which means the Fed might be more cautious in cutting rates further.\nAnd the economy is strong. That means the Fed can afford to wait longer to cut interest rates, especially since a stronger economy can also contribute to higher inflation.\nIt's also worth remembering that although 7% may feel high given that mortgage rates had dropped to as low as 2.65% in early 2021, they are not high historically speaking.\nIn fact, these mortgage rates were frequently at 6% or 7% or even higher at times in the 1990s and early 2000s and were in the double digits during the 1970s and 1980s.\nBut that's likely little consolation for homebuyers who had gotten used to low mortgage rates in recent years, especially since home prices have risen so much. The median sales price of an existing home has risen 50% in the last five years.\nLoading...\nSo where are mortgage rates headed?\nThat's difficult to answer, since mortgage rates are affected by many factors.\nBut there's one thing that experts generally agree on: They're unlikely to return to the low levels we saw just a few years ago.\n\"They should decline some,\" says Sam Khater, Freddie Mac's Chief Economist. \"But I think the new normal is 6 to 7% in this world of strong economic growth and steady inflation.\"\nFor now, it's hard to see bond yields going down substantially. The Fed has projected it will cut interest rates only two more times this year, which would likely keep bond yields higher. That means mortgage rates could also stay higher, which would be bad news for homebuyers.\nHow the housing market is looking in the year ahead\nHigh mortgage rates will provide some additional headwinds for the housing market as it looks to recover from a tough year.\nFinal totals haven't yet been released, but 2024 was on track to have the fewest existing home sales since 1995 . Several factors were driving slow sales in addition to elevated mortgage rates. Low inventory — along with a surge of home buying during the pandemic — also had an impact.\nBob Broeksmit, President and CEO of the Mortgage Bankers Association, said in a statement that \"the upward drift in mortgage rates … is dampening homebuyer demand.\" Mortgage applications to buy a home were down 2% from a year ago, he says.\nWin McNamee/Getty Images / Getty Images North America / Getty Images North America The Fed, under Chair Jerome Powell, has projected it could cut interest rates by less than the full percentage point in cuts it delivered last year. But Khater at Freddie Mac says he expects the housing market will be fine.\n\"Home prices and the real estate market will be able to withstand the higher rate environment because the economy is strong,\" he says.\nKhater believes that there are households who will not necessarily be deterred by the high mortgage rates, including many first-time homebuyers.\n\"There's a large segment of renters that are affluent enough and reaching their mid-thirties and early forties that want to buy,\" he says \"And so there's a lot of sort of latent demand that's there that I think is waiting to jump in the market.\"\nSo what does this mean for homebuyers?\nWell, it's tough, but there are a couple things. One is to shop around with different mortgage lenders to see who can give you the best rate. Talking to multiple lenders really does make a difference — and of course a lower mortgage rate means a lower payment each month.\nSecond, if you're feeling frustrated by what you can afford, you might need to expand where you're looking, and consider different neighborhoods or locations in your metro area.\nPrices can vary a lot — so if it feels like you're striking out, it could pay to expand your search.\nCopyright 2025 NPR\nNPR Top News\nLaurel Wamsley Laurel Wamsley is a reporter for NPR's News Desk. She reports breaking news for NPR's digital coverage, newscasts, and news magazines, as well as occasional features. She was also the lead reporter for NPR's coverage of the 2019 Women's World Cup in France. See stories by Laurel Wamsley",
    "highlightText": "",
    "highlightTitle": "",
    "highlightThreadTitle": "",
    "language": "english",
    "sentiment": "negative",
    "categories": [
        "Economy, Business and Finance"
    ],
    "topics": [
        "Economy, Business and Finance->economy",
        "Economy, Business and Finance->financial and economic news"
    ],
    "ai_allow": true,
    "has_canonical": false,
    "breaking": null,
    "webz_reporter": false,
    "external_links": [
        "https://www.npr.org/2024/12/29/nx-s1-5240991/2024-saw-one-of-the-slowest-housing-markets-in-30-years-what-will-2025-bring",
        "https://apps.npr.org/datawrapper/X8Ncy/2/",
        "https://npr.org/2024/12/29/nx-s1-5240991/2024-saw-one-of-the-slowest-housing-markets-in-30-years-what-will-2025-bring",
        "https://www.apps.npr.org/datawrapper/X8Ncy/2/",
        "https://apps.npr.org/datawrapper/X8Ncy/2"
    ],
    "external_images": [],
    "entities": {
        "persons": [
            {
                "name": "Laurel Wams",
                "sentiment": "none"
            }
        ],
        "organizations": [
            {
                "name": "Federal Reserve",
                "sentiment": "none"
            },
            {
                "name": "PST\nBrandon Bell/Getty Images / Getty Images North America Mortgage",
                "sentiment": "none"
            }
        ],
        "locations": []
    },
    "syndication": {
        "syndicated": false,
        "syndicate_id": "6cc63b376e581e2b2e094de489b90b4ff2248af2",
        "first_syndicated": true
    },
    "rating": null,
    "crawled": "2025-01-17T00:08:47.552+02:00",
    "updated": "2025-01-17T00:08:47.552+02:00"
}