{
    "thread": {
        "uuid": "5a44521941abc09b4e9b0ea1a8fd2b952ebcf40a",
        "url": "https://english.mubasher.info/news/4392961/Al-Gassim-Investment-Holding-Co-Announces-an-update-on-the-filing-of-a-lawsuit-against-the-Ministry-of-Environment-Water-and-Agriculture-to-claim-the-remaining-developed-area-",
        "site_full": "english.mubasher.info",
        "site": "mubasher.info",
        "site_section": "http://feeds.mubasher.info/en/tdwl/news",
        "site_categories": [
            "financial_news",
            "finance",
            "stocks"
        ],
        "section_title": "News Feed",
        "title": "Al Gassim Investment Holding Co. Announces an update on the filing of a lawsuit against the Ministry of Environment, Water and Agriculture to claim the remaining developed area.",
        "title_full": "Al Gassim Investment Holding Co. Announces an update on the filing of a lawsuit against the Ministry of Environment, Water and Agriculture to claim the remaining developed area.",
        "published": "2025-01-16T11:47:00.000+02:00",
        "replies_count": 0,
        "participants_count": 0,
        "site_type": "news",
        "country": "SA",
        "main_image": "https://english.mubasher.info/assets/ui/images/news/news-social.jpg",
        "performance_score": 0,
        "domain_rank": 122703,
        "domain_rank_updated": "2025-01-13T23:00:00.000+02:00",
        "social": {
            "facebook": {
                "likes": 0,
                "comments": 0,
                "shares": 0
            },
            "vk": {
                "shares": 0
            }
        }
    },
    "uuid": "5a44521941abc09b4e9b0ea1a8fd2b952ebcf40a",
    "url": "https://english.mubasher.info/news/4392961/Al-Gassim-Investment-Holding-Co-Announces-an-update-on-the-filing-of-a-lawsuit-against-the-Ministry-of-Environment-Water-and-Agriculture-to-claim-the-remaining-developed-area-",
    "ord_in_thread": 0,
    "parent_url": null,
    "author": null,
    "published": "2025-01-16T11:47:00.000+02:00",
    "title": "Al Gassim Investment Holding Co. Announces an update on the filing of a lawsuit against the Ministry of Environment, Water and Agriculture to claim the remaining developed area.",
    "text": "Al Gassim Investment Holding Co. Announces an update on the filing of a lawsuit against the Ministry of Environment, Water and Agriculture to claim the remaining developed area.\nElement List | Explanation |\n---|---|\nIntroduction | Further to what was announced on the Tadawul website on 10/12/2024 AD, regarding the ruling of the Administrative Court of Appeal, its operative part is as follows: - Accepting the appeal in form, annulling the appealed judgment, and ruling to refer the case back to the relevant panel for reconsideration. |\nPrevious Announcement | Al Gassim Investment Holding Co. Announces an update on the filing of a lawsuit against the Ministry of Environment, Water and Agriculture to claim the remaining developed area. |\nDate of Previous Announcement on Saudi Exchange’s Website | 2024-10-12 Corresponding to 1446-04-09 |\nHyperlink to the Previous Announcement on the Saudi Exchange Website |\n|\nAnnulment of the decision of the Committee for the Disputes Arising from the Application of the Barren Lands Law.\nThe ruling is subject to appeal within 30 days.",
    "highlightText": "",
    "highlightTitle": "",
    "highlightThreadTitle": "",
    "language": "english",
    "sentiment": "negative",
    "categories": [
        "Politics",
        "Social Issue",
        "Economy, Business and Finance"
    ],
    "topics": [
        "Politics->economic policy",
        "Politics->government policy",
        "Politics->political process",
        "Social Issue->social services",
        "Social Issue->discrimination",
        "Economy, Business and Finance->business governance"
    ],
    "ai_allow": true,
    "has_canonical": false,
    "breaking": null,
    "webz_reporter": false,
    "external_links": [],
    "external_images": [],
    "entities": {
        "persons": [],
        "organizations": [],
        "locations": []
    },
    "syndication": {
        "syndicated": false,
        "syndicate_id": null,
        "first_syndicated": false
    },
    "rating": null,
    "crawled": "2025-01-17T00:15:29.821+02:00",
    "updated": "2025-01-17T00:15:29.821+02:00"
}