{
    "thread": {
        "uuid": "8799adb4ab99c904a8dd96ee42cb9e980936e24d",
        "url": "https://coloradocommunitymedia.com/2025/01/16/cozy-and-advanced-care-offered-at-new-cancer-center-in-st-anthony-north-hospital",
        "site_full": "coloradocommunitymedia.com",
        "site": "coloradocommunitymedia.com",
        "site_section": "https://www.golf.einnews.com/live_feed",
        "site_categories": [
            "media"
        ],
        "section_title": "Live Feed Wire - Golf News Today - EIN Presswire",
        "title": "Cozy and advanced care offered at new cancer center in St. Anthony North Hospital",
        "title_full": "Cozy and advanced care offered at new cancer center in St. Anthony North Hospital",
        "published": "2025-01-16T23:55:00.000+02:00",
        "replies_count": 0,
        "participants_count": 1,
        "site_type": "news",
        "country": "US",
        "main_image": "https://coloradocommunitymedia.com/wp-content/uploads/2025/01/hospital-scaled.jpg",
        "performance_score": 0,
        "domain_rank": 122931,
        "domain_rank_updated": "2025-01-13T23:00:00.000+02:00",
        "social": {
            "facebook": {
                "likes": 0,
                "comments": 0,
                "shares": 0
            },
            "vk": {
                "shares": 0
            }
        }
    },
    "uuid": "8799adb4ab99c904a8dd96ee42cb9e980936e24d",
    "url": "https://coloradocommunitymedia.com/2025/01/16/cozy-and-advanced-care-offered-at-new-cancer-center-in-st-anthony-north-hospital",
    "ord_in_thread": 0,
    "parent_url": null,
    "author": "Monte Whaley",
    "published": "2025-01-16T23:55:00.000+02:00",
    "title": "Cozy and advanced care offered at new cancer center in St. Anthony North Hospital",
    "text": "Patients entering the north metro area’s newest cancer treatment facility will be immediately cocooned in a spa-like atmosphere of comfort and state-of-the-art care.\nBesides the newest technology to diagnose and treat the most advanced cancers, CommonSpirit St. Anthony North Hospital Cancer Care Center in north Westminster will also provide patients with a team of specialists who offer coordinated management of their disease, say hospital officials.\nIn the meantime, the 30,000-square-foot space also offers acupuncture, massage therapy, small group meeting rooms, genetic counseling, and social workers to help patients take on their diagnosis.\nThis new approach to cancer treatment came about after years of study by hospital officials, consultants and most importantly from surveys of patients who told the healthcare group how they wanted to be treated, said DJ Bodziony, CommonSpirit’s regional director of oncology service line.\n“We just wanted to provide something different, something new for our patients,” Bodziony said. “This is not just a best guess; we are just trying to build something new here.”\nThe center opened for patients on Monday, Jan. 13, and now provides more convenient cancer care for people in Westminster, Northglenn and Thornton and other parts of north Denver. The hospital is located just off I-25 at 14300 Orchard Parkway.\nPatients will get the kind of care that puts them at ease while they are going through probably the most difficult time of their lives, say hospital officials.\nThe center incorporates medical oncology, hematology and infusion, radiation oncology and surgical oncology under one roof. There is also space for specialists to see patients, 13 private infusion rooms and multidisciplinary clinics where patients can meet with all their care team in one visit, said Bodziony.\nPatients can rest behind curtains in the infusion rooms, which includes reclining chairs that can be heated and provide massages, he said. Patients can also huddle with specialists in one sitting.\n“So many times, patients must worry about getting appointments and traveling to see a specialist for their care, Bodziony said. “They are provided all that here, where it’s a lot of time-saving and convenient.”\nPatients can also have access to a variety of integrated support services, say hospital officials, including acupuncture and massage therapy as well as nutrition counseling. “We want to give them access to services that will help them on their health journey,” Bodziony said.\n“Through cutting-edge technology, state-of-the-art facilities and the brightest minds in cancer treatment, we are proud to now be able to provide our neighbors with quality and compassionate care in one location,” said Dr. Constance Schmidt, President of St. Anthony North, in a news release. “Our team of surgeons, medical and radiation oncologists, oncology nurses and nurse navigators, genetic counselors, and support staff work together seamlessly, providing a comprehensive and coordinated approach to cancer care for the best possible patient outcomes.”\n“Receiving a cancer diagnosis is life-changing and devastating for patients, families and loved ones,” added CommonSpirit Health Mountain Region President Andrew Gaasch. “The very last thing someone should need to consider after hearing this news is how they are going to find the time and energy to travel to receive high-quality care. Our hope is that no one in the communities we serve will ever need to travel far from home to receive outstanding cancer care, and today, we are one step closer to fulfilling that goal.”",
    "highlightText": "",
    "highlightTitle": "",
    "highlightThreadTitle": "",
    "language": "english",
    "sentiment": "negative",
    "categories": [
        "Economy, Business and Finance",
        "Social Issue",
        "Crime, Law and Justice"
    ],
    "topics": [
        "Economy, Business and Finance->healthcare industry",
        "Economy, Business and Finance->consumer goods",
        "Economy, Business and Finance->business service",
        "Social Issue->social services",
        "Social Issue->disabilities"
    ],
    "ai_allow": true,
    "has_canonical": false,
    "breaking": null,
    "webz_reporter": false,
    "external_links": [
        "https://www.mountain.commonspirit.org/location/st-anthony-north-hospital",
        "https://mountain.commonspirit.org/location/st-anthony-north-hospital"
    ],
    "external_images": [],
    "entities": {
        "persons": [],
        "organizations": [],
        "locations": []
    },
    "syndication": {
        "syndicated": false,
        "syndicate_id": null,
        "first_syndicated": false
    },
    "rating": null,
    "crawled": "2025-01-17T00:37:11.152+02:00",
    "updated": "2025-01-17T00:37:11.152+02:00"
}